
────────────────────────────────────────────────────────
==> 1/7  System packages & environment setup
[2026-08-05 10:20:49 UTC] System dependencies (git, python3, zsh) already satisfied.

────────────────────────────────────────────────────────
==> 2/7  GPU check
NVIDIA GeForce RTX 3080 Ti, 610.43.02, 12288 MiB

────────────────────────────────────────────────────────
==> 3/7  uv package manager
uv 0.11.26 (396ef7ce4 2026-06-30 x86_64-unknown-linux-gnu)

────────────────────────────────────────────────────────
==> 4/7  Repository setup
[2026-08-05 10:20:49 UTC] Repository already exists at /home/bae/heist.

────────────────────────────────────────────────────────
==> 5/7  Dev environment sync (uv sync --locked)
Resolved 53 packages in 1ms
Checked 51 packages in 0.59ms

────────────────────────────────────────────────────────
==> 6/7  Validation gates & tests
All checks passed!
38 files left unchanged
.................................                                        [100%]
=============================== warnings summary ===============================
tests/test_comm_smoke.py::test_comm_gradient_step
tests/test_comm_smoke.py::test_comm_gradient_step
tests/test_vec_env_mp_smoke.py::test_multiprocessing_vector_env_lifecycle
tests/test_vec_env_mp_smoke.py::test_multiprocessing_vector_env_lifecycle
  /usr/lib/python3.14/multiprocessing/popen_fork.py:76: DeprecationWarning: This process (pid=5471) is multi-threaded, use of fork() may lead to deadlocks in the child.
    self.pid = os.fork()

-- Docs: https://docs.pytest.org/en/stable/how-to/capture-warnings.html
[2026-08-05 10:20:54 UTC] All checks passed!
[2026-08-05 10:20:54 UTC] running smoke test...
device: cuda
num_updates: 1
update=1 step=256 sps=81 mean_reward=-0.1684
training done.

────────────────────────────────────────────────────────
==> 7/7  Launching campaign for stages: 1
[2026-08-05 10:21:02 UTC] Campaign Evaluation Run ID: run019
[2026-08-05 10:21:02 UTC] Starting training for stage 1
[2026-08-05 10:21:02 UTC] Starting training campaign for stage 1 with adaptive steps: 1500000
[2026-08-05 10:21:02 UTC] Training models concurrently (max 4 parallel jobs)...
[2026-08-05 10:21:02 UTC] -> Launching ippo ...
[2026-08-05 10:21:02 UTC] -> Launched ippo with PID: 5681
[2026-08-05 10:21:02 UTC] -> Launching mappo ...
[2026-08-05 10:21:02 UTC] -> Launched mappo with PID: 5684
[2026-08-05 10:21:02 UTC] -> Launching mappo_car ...
[2026-08-05 10:21:02 UTC] -> Launched mappo_car with PID: 5687
[2026-08-05 10:21:02 UTC] -> Launching comm ...
[2026-08-05 10:21:02 UTC] -> Launched comm with PID: 5690
[2026-08-05 10:43:05 UTC] ✓ Model 'ippo' completed.
[2026-08-05 10:43:05 UTC] -> Launching background evaluation for ippo (stage 1) ...
[2026-08-05 10:43:05 UTC] -> Launching comm_cir ...
[2026-08-05 10:43:05 UTC] -> Launched comm_cir with PID: 108822
[2026-08-05 10:55:56 UTC] ✓ Model 'mappo' completed.
[2026-08-05 10:55:56 UTC] -> Launching background evaluation for mappo (stage 1) ...
[2026-08-05 10:55:56 UTC] -> Launching comm_cir_car ...
[2026-08-05 10:55:56 UTC] -> Launched comm_cir_car with PID: 114358
[2026-08-05 10:58:19 UTC] ✓ Model 'mappo_car' completed.
[2026-08-05 10:58:19 UTC] -> Launching background evaluation for mappo_car (stage 1) ...
[2026-08-05 10:58:19 UTC] -> Launching qmix ...
[2026-08-05 10:58:19 UTC] -> Launched qmix with PID: 115570
last_line='update=715 step=183040 sps=81 mean_reward=-1.2978'
last_line='update=213 step=54528 sps=59 mean_reward=-1.4757'
last_line='update=30 step=7680 sps=55 mean_reward=-1.4262'
last_line=''
last_line='update=716 step=183296 sps=81 mean_reward=-1.5735'
last_line='update=213 step=54528 sps=59 mean_reward=-1.4757'
last_line='update=31 step=7936 sps=55 mean_reward=-1.7168'
last_line=''
last_line='update=716 step=183296 sps=81 mean_reward=-1.5735'
last_line='update=214 step=54784 sps=59 mean_reward=-1.6204'
last_line='update=31 step=7936 sps=55 mean_reward=-1.7168'
last_line=''
last_line='update=717 step=183552 sps=81 mean_reward=-1.5277'
last_line='update=214 step=54784 sps=59 mean_reward=-1.6204'
last_line='update=32 step=8192 sps=55 mean_reward=-1.7519'
last_line=''
last_line='update=717 step=183552 sps=81 mean_reward=-1.5277'
last_line='update=215 step=55040 sps=59 mean_reward=-1.6618'
last_line='update=32 step=8192 sps=55 mean_reward=-1.7519'
last_line='step=1000 eps=0.998 ep_reward=-9.39 buffer=1000'
last_line='update=718 step=183808 sps=81 mean_reward=-1.5356'
last_line='update=215 step=55040 sps=59 mean_reward=-1.6618'
last_line='update=32 step=8192 sps=55 mean_reward=-1.7519'
last_line='step=1000 eps=0.998 ep_reward=-9.39 buffer=1000'
last_line='update=718 step=183808 sps=81 mean_reward=-1.5356'
last_line='update=215 step=55040 sps=59 mean_reward=-1.6618'
last_line='update=33 step=8448 sps=55 mean_reward=-1.5932'
last_line='step=1000 eps=0.998 ep_reward=-9.39 buffer=1000'
last_line='update=719 step=184064 sps=81 mean_reward=-1.4164'
last_line='update=216 step=55296 sps=59 mean_reward=-1.6220'
last_line='update=33 step=8448 sps=55 mean_reward=-1.5932'
last_line='step=1000 eps=0.998 ep_reward=-9.39 buffer=1000'
last_line='update=719 step=184064 sps=81 mean_reward=-1.4164'
last_line='update=216 step=55296 sps=59 mean_reward=-1.6220'
last_line='update=34 step=8704 sps=55 mean_reward=-1.6748'
last_line='step=2000 eps=0.996 ep_reward=0.47 buffer=2000'
last_line='update=720 step=184320 sps=81 mean_reward=-1.4452'
last_line='update=217 step=55552 sps=59 mean_reward=-1.5473'
last_line='update=34 step=8704 sps=55 mean_reward=-1.6748'
last_line='step=2000 eps=0.996 ep_reward=0.47 buffer=2000'
last_line='update=720 step=184320 sps=81 mean_reward=-1.4452'
last_line='update=217 step=55552 sps=59 mean_reward=-1.5473'
last_line='update=35 step=8960 sps=55 mean_reward=-1.6632'
last_line='step=2000 eps=0.996 ep_reward=0.47 buffer=2000'
last_line='update=721 step=184576 sps=81 mean_reward=-1.4977'
last_line='update=218 step=55808 sps=59 mean_reward=-1.5406'
last_line='update=35 step=8960 sps=55 mean_reward=-1.6632'
last_line='step=3000 eps=0.994 ep_reward=0.62 buffer=3000'
last_line='update=721 step=184576 sps=81 mean_reward=-1.4977'
last_line='update=218 step=55808 sps=59 mean_reward=-1.5406'
last_line='update=35 step=8960 sps=55 mean_reward=-1.6632'
last_line='step=3000 eps=0.994 ep_reward=0.62 buffer=3000'
last_line='update=722 step=184832 sps=81 mean_reward=-1.4544'
last_line='update=219 step=56064 sps=59 mean_reward=-1.6059'
last_line='update=36 step=9216 sps=55 mean_reward=-1.6962'
last_line='step=3000 eps=0.994 ep_reward=0.62 buffer=3000'
last_line='update=723 step=185088 sps=81 mean_reward=-1.3421'
last_line='update=219 step=56064 sps=59 mean_reward=-1.6059'
last_line='update=36 step=9216 sps=55 mean_reward=-1.6962'
last_line='step=3000 eps=0.994 ep_reward=0.62 buffer=3000'
last_line='update=723 step=185088 sps=81 mean_reward=-1.3421'
last_line='update=220 step=56320 sps=59 mean_reward=-1.6863'
last_line='update=37 step=9472 sps=55 mean_reward=-1.4449'
last_line='step=4000 eps=0.992 ep_reward=0.49 buffer=4000'
last_line='update=723 step=185088 sps=81 mean_reward=-1.3421'
last_line='update=220 step=56320 sps=59 mean_reward=-1.6863'
last_line='update=37 step=9472 sps=55 mean_reward=-1.4449'
last_line='step=4000 eps=0.992 ep_reward=0.49 buffer=4000'
last_line='update=724 step=185344 sps=81 mean_reward=-1.4494'
last_line='update=221 step=56576 sps=59 mean_reward=-1.5747'
last_line='update=38 step=9728 sps=55 mean_reward=-1.6470'
last_line='step=4000 eps=0.992 ep_reward=0.49 buffer=4000'
last_line='update=725 step=185600 sps=81 mean_reward=-1.5680'
last_line='update=221 step=56576 sps=59 mean_reward=-1.5747'
last_line='update=38 step=9728 sps=55 mean_reward=-1.6470'
last_line='step=5000 eps=0.991 ep_reward=-10.03 buffer=5000'
last_line='update=725 step=185600 sps=81 mean_reward=-1.5680'
last_line='update=221 step=56576 sps=59 mean_reward=-1.5747'
last_line='update=39 step=9984 sps=55 mean_reward=-1.5094'
last_line='step=5000 eps=0.991 ep_reward=-10.03 buffer=5000'
last_line='update=726 step=185856 sps=81 mean_reward=-1.5869'
last_line='update=222 step=56832 sps=59 mean_reward=-1.6253'
last_line='update=39 step=9984 sps=55 mean_reward=-1.5094'
last_line='step=5000 eps=0.991 ep_reward=-10.03 buffer=5000'
last_line='update=726 step=185856 sps=81 mean_reward=-1.5869'
last_line='update=222 step=56832 sps=59 mean_reward=-1.6253'
last_line='update=39 step=9984 sps=55 mean_reward=-1.5094'
last_line='step=5000 eps=0.991 ep_reward=-10.03 buffer=5000'
last_line='update=727 step=186112 sps=81 mean_reward=-1.5865'
last_line='update=223 step=57088 sps=59 mean_reward=-1.4279'
last_line='update=40 step=10240 sps=55 mean_reward=-1.7699'
last_line='step=6000 eps=0.989 ep_reward=0.11 buffer=6000'
last_line='update=727 step=186112 sps=81 mean_reward=-1.5865'
last_line='update=223 step=57088 sps=59 mean_reward=-1.4279'
last_line='update=40 step=10240 sps=55 mean_reward=-1.7699'
last_line='step=6000 eps=0.989 ep_reward=0.11 buffer=6000'
last_line='update=728 step=186368 sps=81 mean_reward=-1.5346'
last_line='update=224 step=57344 sps=59 mean_reward=-1.6356'
last_line='update=41 step=10496 sps=55 mean_reward=-1.4320'
last_line='step=6000 eps=0.989 ep_reward=0.11 buffer=6000'
last_line='update=728 step=186368 sps=81 mean_reward=-1.5346'
last_line='update=224 step=57344 sps=59 mean_reward=-1.6356'
last_line='update=41 step=10496 sps=55 mean_reward=-1.4320'
last_line='step=7000 eps=0.987 ep_reward=-0.01 buffer=7000'
last_line='update=729 step=186624 sps=81 mean_reward=-1.4753'
last_line='update=225 step=57600 sps=59 mean_reward=-1.5195'
last_line='update=42 step=10752 sps=55 mean_reward=-1.6200'
last_line='step=7000 eps=0.987 ep_reward=-0.01 buffer=7000'
last_line='update=730 step=186880 sps=81 mean_reward=-1.4425'
last_line='update=225 step=57600 sps=59 mean_reward=-1.5195'
last_line='update=42 step=10752 sps=55 mean_reward=-1.6200'
last_line='step=7000 eps=0.987 ep_reward=-0.01 buffer=7000'
last_line='update=730 step=186880 sps=81 mean_reward=-1.4425'
last_line='update=226 step=57856 sps=59 mean_reward=-1.6295'
last_line='update=43 step=11008 sps=55 mean_reward=-1.7072'
last_line='step=7000 eps=0.987 ep_reward=-0.01 buffer=7000'
last_line='update=731 step=187136 sps=81 mean_reward=-1.4466'
last_line='update=226 step=57856 sps=59 mean_reward=-1.6295'
last_line='update=43 step=11008 sps=55 mean_reward=-1.7072'
last_line='step=8000 eps=0.985 ep_reward=0.60 buffer=8000'
last_line='update=731 step=187136 sps=81 mean_reward=-1.4466'
last_line='update=227 step=58112 sps=59 mean_reward=-1.3810'
last_line='update=43 step=11008 sps=55 mean_reward=-1.7072'
last_line='step=8000 eps=0.985 ep_reward=0.60 buffer=8000'
last_line='update=732 step=187392 sps=81 mean_reward=-1.3519'
last_line='update=227 step=58112 sps=59 mean_reward=-1.3810'
last_line='update=44 step=11264 sps=55 mean_reward=-1.5368'
[2026-08-05 10:59:26 UTC] ✓ Model 'comm' completed.
[2026-08-05 10:59:26 UTC] -> Launching background evaluation for comm (stage 1) ...
last_line='step=8000 eps=0.985 ep_reward=0.60 buffer=8000'
last_line='update=227 step=58112 sps=59 mean_reward=-1.3810'
last_line='update=44 step=11264 sps=55 mean_reward=-1.5368'
last_line='step=9000 eps=0.983 ep_reward=0.09 buffer=9000'
last_line='update=228 step=58368 sps=59 mean_reward=-1.6646'
last_line='update=45 step=11520 sps=55 mean_reward=-1.6228'
last_line='step=9000 eps=0.983 ep_reward=0.09 buffer=9000'
last_line='update=228 step=58368 sps=59 mean_reward=-1.6646'
last_line='update=45 step=11520 sps=55 mean_reward=-1.6228'
last_line='step=9000 eps=0.983 ep_reward=0.09 buffer=9000'
last_line='update=229 step=58624 sps=59 mean_reward=-1.5723'
last_line='update=46 step=11776 sps=55 mean_reward=-1.6467'
last_line='step=10000 eps=0.981 ep_reward=0.11 buffer=10000'
last_line='update=229 step=58624 sps=59 mean_reward=-1.5723'
last_line='update=46 step=11776 sps=55 mean_reward=-1.6467'
last_line='step=10000 eps=0.981 ep_reward=0.11 buffer=10000'
last_line='update=230 step=58880 sps=59 mean_reward=-1.3833'
last_line='update=47 step=12032 sps=55 mean_reward=-1.6868'
last_line='step=10000 eps=0.981 ep_reward=0.11 buffer=10000'
last_line='update=230 step=58880 sps=59 mean_reward=-1.3833'
last_line='update=47 step=12032 sps=55 mean_reward=-1.6868'
last_line='step=10000 eps=0.981 ep_reward=0.11 buffer=10000'
last_line='update=231 step=59136 sps=59 mean_reward=-1.6053'
last_line='update=48 step=12288 sps=55 mean_reward=-1.7033'
last_line='step=10000 eps=0.981 ep_reward=0.11 buffer=10000'
last_line='update=231 step=59136 sps=59 mean_reward=-1.6053'
last_line='update=48 step=12288 sps=55 mean_reward=-1.7033'
last_line='step=10000 eps=0.981 ep_reward=0.11 buffer=10000'
last_line='update=232 step=59392 sps=59 mean_reward=-1.5538'
last_line='update=49 step=12544 sps=55 mean_reward=-1.6220'
last_line='step=10000 eps=0.981 ep_reward=0.11 buffer=10000'
last_line='update=232 step=59392 sps=59 mean_reward=-1.5538'
last_line='update=49 step=12544 sps=55 mean_reward=-1.6220'
last_line='step=11000 eps=0.979 ep_reward=-9.94 buffer=11000'
last_line='update=233 step=59648 sps=59 mean_reward=-1.6040'
last_line='update=50 step=12800 sps=55 mean_reward=-1.6390'
last_line='step=11000 eps=0.979 ep_reward=-9.94 buffer=11000'
last_line='update=233 step=59648 sps=59 mean_reward=-1.6040'
last_line='update=50 step=12800 sps=55 mean_reward=-1.6390'
last_line='step=11000 eps=0.979 ep_reward=-9.94 buffer=11000'
last_line='update=234 step=59904 sps=59 mean_reward=-1.3377'
last_line='update=51 step=13056 sps=55 mean_reward=-1.7143'
last_line='step=11000 eps=0.979 ep_reward=-9.94 buffer=11000'
last_line='update=234 step=59904 sps=59 mean_reward=-1.3377'
last_line='update=51 step=13056 sps=55 mean_reward=-1.7143'
last_line='step=11000 eps=0.979 ep_reward=-9.94 buffer=11000'
last_line='update=235 step=60160 sps=59 mean_reward=-1.4751'
last_line='update=52 step=13312 sps=55 mean_reward=-1.6966'
last_line='step=12000 eps=0.977 ep_reward=-0.03 buffer=12000'
last_line='update=235 step=60160 sps=59 mean_reward=-1.4751'
last_line='update=52 step=13312 sps=55 mean_reward=-1.6966'
last_line='step=12000 eps=0.977 ep_reward=-0.03 buffer=12000'
last_line='update=236 step=60416 sps=59 mean_reward=-1.4248'
last_line='update=53 step=13568 sps=56 mean_reward=-1.6393'
last_line='step=12000 eps=0.977 ep_reward=-0.03 buffer=12000'
last_line='update=236 step=60416 sps=59 mean_reward=-1.4248'
last_line='update=53 step=13568 sps=56 mean_reward=-1.6393'
last_line='step=12000 eps=0.977 ep_reward=-0.03 buffer=12000'
last_line='update=237 step=60672 sps=59 mean_reward=-1.3651'
last_line='update=54 step=13824 sps=56 mean_reward=-1.6257'
last_line='step=12000 eps=0.977 ep_reward=-0.03 buffer=12000'
last_line='update=237 step=60672 sps=59 mean_reward=-1.3651'
last_line='update=54 step=13824 sps=56 mean_reward=-1.6257'
last_line='step=13000 eps=0.975 ep_reward=-9.61 buffer=13000'
last_line='update=238 step=60928 sps=59 mean_reward=-1.5207'
last_line='update=55 step=14080 sps=56 mean_reward=-1.4829'
last_line='step=13000 eps=0.975 ep_reward=-9.61 buffer=13000'
last_line='update=238 step=60928 sps=59 mean_reward=-1.5207'
last_line='update=55 step=14080 sps=56 mean_reward=-1.4829'
last_line='step=13000 eps=0.975 ep_reward=-9.61 buffer=13000'
last_line='update=239 step=61184 sps=59 mean_reward=-1.6264'
last_line='update=56 step=14336 sps=56 mean_reward=-1.6514'
last_line='step=13000 eps=0.975 ep_reward=-9.61 buffer=13000'
last_line='update=239 step=61184 sps=59 mean_reward=-1.6264'
last_line='update=56 step=14336 sps=56 mean_reward=-1.6514'
last_line='step=13000 eps=0.975 ep_reward=-9.61 buffer=13000'
last_line='update=240 step=61440 sps=59 mean_reward=-1.6125'
last_line='update=57 step=14592 sps=56 mean_reward=-1.5482'
last_line='step=13000 eps=0.975 ep_reward=-9.61 buffer=13000'
last_line='update=240 step=61440 sps=59 mean_reward=-1.6125'
last_line='update=57 step=14592 sps=56 mean_reward=-1.5482'
last_line='step=14000 eps=0.973 ep_reward=0.60 buffer=14000'
last_line='update=241 step=61696 sps=59 mean_reward=-1.4642'
last_line='update=58 step=14848 sps=56 mean_reward=-1.5329'
last_line='step=14000 eps=0.973 ep_reward=0.60 buffer=14000'
last_line='update=241 step=61696 sps=59 mean_reward=-1.4642'
last_line='update=58 step=14848 sps=56 mean_reward=-1.5329'
last_line='step=14000 eps=0.973 ep_reward=0.60 buffer=14000'
last_line='update=242 step=61952 sps=59 mean_reward=-1.5496'
last_line='update=59 step=15104 sps=56 mean_reward=-1.6267'
last_line='step=14000 eps=0.973 ep_reward=0.60 buffer=14000'
last_line='update=242 step=61952 sps=59 mean_reward=-1.5496'
last_line='update=59 step=15104 sps=56 mean_reward=-1.6267'
last_line='step=14000 eps=0.973 ep_reward=0.60 buffer=14000'
last_line='update=243 step=62208 sps=59 mean_reward=-1.4539'
last_line='update=60 step=15360 sps=56 mean_reward=-1.6619'
last_line='step=15000 eps=0.972 ep_reward=-0.02 buffer=15000'
last_line='update=243 step=62208 sps=59 mean_reward=-1.4539'
last_line='update=60 step=15360 sps=56 mean_reward=-1.6619'
last_line='step=15000 eps=0.972 ep_reward=-0.02 buffer=15000'
last_line='update=244 step=62464 sps=59 mean_reward=-1.5744'
last_line='update=61 step=15616 sps=56 mean_reward=-1.6857'
last_line='step=15000 eps=0.972 ep_reward=-0.02 buffer=15000'
last_line='update=244 step=62464 sps=59 mean_reward=-1.5744'
last_line='update=61 step=15616 sps=56 mean_reward=-1.6857'
last_line='step=15000 eps=0.972 ep_reward=-0.02 buffer=15000'
last_line='update=245 step=62720 sps=59 mean_reward=-1.6327'
last_line='update=61 step=15616 sps=56 mean_reward=-1.6857'
last_line='step=15000 eps=0.972 ep_reward=-0.02 buffer=15000'
last_line='update=246 step=62976 sps=59 mean_reward=-1.5214'
last_line='update=62 step=15872 sps=56 mean_reward=-1.7184'
last_line='step=15000 eps=0.972 ep_reward=-0.02 buffer=15000'
last_line='update=246 step=62976 sps=59 mean_reward=-1.5214'
last_line='update=63 step=16128 sps=56 mean_reward=-1.6795'
last_line='step=16000 eps=0.970 ep_reward=0.11 buffer=16000'
last_line='update=246 step=62976 sps=59 mean_reward=-1.5214'
last_line='update=63 step=16128 sps=56 mean_reward=-1.6795'
last_line='step=16000 eps=0.970 ep_reward=0.11 buffer=16000'
last_line='update=247 step=63232 sps=59 mean_reward=-1.5992'
last_line='update=64 step=16384 sps=56 mean_reward=-1.7823'
last_line='step=16000 eps=0.970 ep_reward=0.11 buffer=16000'
last_line='update=248 step=63488 sps=59 mean_reward=-1.3027'
last_line='update=64 step=16384 sps=56 mean_reward=-1.7823'
last_line='step=16000 eps=0.970 ep_reward=0.11 buffer=16000'
last_line='update=248 step=63488 sps=59 mean_reward=-1.3027'
last_line='update=64 step=16384 sps=56 mean_reward=-1.7823'
last_line='step=16000 eps=0.970 ep_reward=0.11 buffer=16000'
last_line='update=249 step=63744 sps=59 mean_reward=-1.6129'
last_line='update=65 step=16640 sps=56 mean_reward=-1.7230'
last_line='step=17000 eps=0.968 ep_reward=0.12 buffer=17000'
last_line='update=249 step=63744 sps=59 mean_reward=-1.6129'
last_line='update=65 step=16640 sps=56 mean_reward=-1.7230'
last_line='step=17000 eps=0.968 ep_reward=0.12 buffer=17000'
last_line='update=250 step=64000 sps=59 mean_reward=-1.5173'
last_line='update=66 step=16896 sps=57 mean_reward=-1.6575'
last_line='step=17000 eps=0.968 ep_reward=0.12 buffer=17000'
last_line='update=250 step=64000 sps=59 mean_reward=-1.5173'
last_line='update=66 step=16896 sps=57 mean_reward=-1.6575'
last_line='step=17000 eps=0.968 ep_reward=0.12 buffer=17000'
last_line='update=251 step=64256 sps=59 mean_reward=-1.5756'
last_line='update=67 step=17152 sps=57 mean_reward=-1.5613'
last_line='step=17000 eps=0.968 ep_reward=0.12 buffer=17000'
last_line='update=251 step=64256 sps=59 mean_reward=-1.5756'
last_line='update=67 step=17152 sps=57 mean_reward=-1.5613'
last_line='step=18000 eps=0.966 ep_reward=-0.03 buffer=18000'
last_line='update=252 step=64512 sps=59 mean_reward=-1.5994'
last_line='update=68 step=17408 sps=57 mean_reward=-1.4801'
last_line='step=18000 eps=0.966 ep_reward=-0.03 buffer=18000'
last_line='update=252 step=64512 sps=59 mean_reward=-1.5994'
last_line='update=68 step=17408 sps=57 mean_reward=-1.4801'
last_line='step=18000 eps=0.966 ep_reward=-0.03 buffer=18000'
last_line='update=253 step=64768 sps=59 mean_reward=-1.5344'
last_line='update=69 step=17664 sps=57 mean_reward=-1.6353'
last_line='step=18000 eps=0.966 ep_reward=-0.03 buffer=18000'
last_line='update=253 step=64768 sps=59 mean_reward=-1.5344'
last_line='update=69 step=17664 sps=57 mean_reward=-1.6353'
last_line='step=18000 eps=0.966 ep_reward=-0.03 buffer=18000'
last_line='update=254 step=65024 sps=60 mean_reward=-1.3897'
last_line='update=70 step=17920 sps=57 mean_reward=-1.6947'
last_line='step=18000 eps=0.966 ep_reward=-0.03 buffer=18000'
last_line='update=254 step=65024 sps=60 mean_reward=-1.3897'
last_line='update=70 step=17920 sps=57 mean_reward=-1.6947'
last_line='step=19000 eps=0.964 ep_reward=0.09 buffer=19000'
last_line='update=255 step=65280 sps=60 mean_reward=-1.5111'
last_line='update=71 step=18176 sps=57 mean_reward=-1.5153'
last_line='step=19000 eps=0.964 ep_reward=0.09 buffer=19000'
last_line='update=255 step=65280 sps=60 mean_reward=-1.5111'
last_line='update=71 step=18176 sps=57 mean_reward=-1.5153'
last_line='step=19000 eps=0.964 ep_reward=0.09 buffer=19000'
last_line='update=256 step=65536 sps=60 mean_reward=-1.6125'
last_line='update=72 step=18432 sps=57 mean_reward=-1.6541'
last_line='step=19000 eps=0.964 ep_reward=0.09 buffer=19000'
last_line='update=256 step=65536 sps=60 mean_reward=-1.6125'
last_line='update=72 step=18432 sps=57 mean_reward=-1.6541'
last_line='step=19000 eps=0.964 ep_reward=0.09 buffer=19000'
last_line='update=257 step=65792 sps=60 mean_reward=-1.5215'
last_line='update=73 step=18688 sps=57 mean_reward=-1.6741'
last_line='step=20000 eps=0.962 ep_reward=0.47 buffer=20000'
last_line='update=257 step=65792 sps=60 mean_reward=-1.5215'
last_line='update=73 step=18688 sps=57 mean_reward=-1.6741'
last_line='step=20000 eps=0.962 ep_reward=0.47 buffer=20000'
last_line='update=258 step=66048 sps=60 mean_reward=-1.4791'
last_line='update=74 step=18944 sps=57 mean_reward=-1.5211'
last_line='step=20000 eps=0.962 ep_reward=0.47 buffer=20000'
last_line='update=258 step=66048 sps=60 mean_reward=-1.4791'
last_line='update=74 step=18944 sps=57 mean_reward=-1.5211'
last_line='step=20000 eps=0.962 ep_reward=0.47 buffer=20000'
last_line='update=259 step=66304 sps=60 mean_reward=-1.4900'
last_line='update=75 step=19200 sps=57 mean_reward=-1.7012'
last_line='step=20000 eps=0.962 ep_reward=0.47 buffer=20000'
last_line='update=259 step=66304 sps=60 mean_reward=-1.4900'
last_line='update=75 step=19200 sps=57 mean_reward=-1.7012'
last_line='step=20000 eps=0.962 ep_reward=0.47 buffer=20000'
last_line='update=260 step=66560 sps=60 mean_reward=-1.5230'
last_line='update=76 step=19456 sps=57 mean_reward=-1.5622'
last_line='step=21000 eps=0.960 ep_reward=-9.09 buffer=21000'
last_line='update=261 step=66816 sps=60 mean_reward=-1.5090'
last_line='update=76 step=19456 sps=57 mean_reward=-1.5622'
last_line='step=21000 eps=0.960 ep_reward=-9.09 buffer=21000'
last_line='update=261 step=66816 sps=60 mean_reward=-1.5090'
last_line='update=77 step=19712 sps=57 mean_reward=-1.6525'
last_line='step=21000 eps=0.960 ep_reward=-9.09 buffer=21000'
last_line='update=262 step=67072 sps=60 mean_reward=-1.3442'
last_line='update=77 step=19712 sps=57 mean_reward=-1.6525'
last_line='step=21000 eps=0.960 ep_reward=-9.09 buffer=21000'
last_line='update=262 step=67072 sps=60 mean_reward=-1.3442'
last_line='update=78 step=19968 sps=57 mean_reward=-1.5362'
last_line='step=21000 eps=0.960 ep_reward=-9.09 buffer=21000'
last_line='update=263 step=67328 sps=60 mean_reward=-1.4112'
last_line='update=78 step=19968 sps=57 mean_reward=-1.5362'
last_line='step=22000 eps=0.958 ep_reward=0.10 buffer=22000'
last_line='update=263 step=67328 sps=60 mean_reward=-1.4112'
last_line='update=79 step=20224 sps=57 mean_reward=-1.6833'
last_line='step=22000 eps=0.958 ep_reward=0.10 buffer=22000'
last_line='update=264 step=67584 sps=60 mean_reward=-1.4373'
last_line='update=79 step=20224 sps=57 mean_reward=-1.6833'
last_line='step=22000 eps=0.958 ep_reward=0.10 buffer=22000'
last_line='update=264 step=67584 sps=60 mean_reward=-1.4373'
last_line='update=80 step=20480 sps=57 mean_reward=-1.4596'
last_line='step=22000 eps=0.958 ep_reward=0.10 buffer=22000'
last_line='update=265 step=67840 sps=60 mean_reward=-1.4148'
last_line='update=80 step=20480 sps=57 mean_reward=-1.4596'
last_line='step=22000 eps=0.958 ep_reward=0.10 buffer=22000'
last_line='update=265 step=67840 sps=60 mean_reward=-1.4148'
last_line='update=81 step=20736 sps=57 mean_reward=-1.6456'
last_line='step=22000 eps=0.958 ep_reward=0.10 buffer=22000'
last_line='update=266 step=68096 sps=60 mean_reward=-1.4390'
last_line='update=81 step=20736 sps=57 mean_reward=-1.6456'
last_line='step=23000 eps=0.956 ep_reward=-0.01 buffer=23000'
last_line='update=266 step=68096 sps=60 mean_reward=-1.4390'
last_line='update=82 step=20992 sps=57 mean_reward=-1.5954'
last_line='step=23000 eps=0.956 ep_reward=-0.01 buffer=23000'
last_line='update=267 step=68352 sps=60 mean_reward=-1.5031'
last_line='update=82 step=20992 sps=57 mean_reward=-1.5954'
last_line='step=23000 eps=0.956 ep_reward=-0.01 buffer=23000'
last_line='update=267 step=68352 sps=60 mean_reward=-1.5031'
last_line='update=83 step=21248 sps=57 mean_reward=-1.7131'
last_line='step=23000 eps=0.956 ep_reward=-0.01 buffer=23000'
last_line='update=268 step=68608 sps=60 mean_reward=-1.5099'
last_line='update=83 step=21248 sps=57 mean_reward=-1.7131'
last_line='step=23000 eps=0.956 ep_reward=-0.01 buffer=23000'
last_line='update=268 step=68608 sps=60 mean_reward=-1.5099'
last_line='update=84 step=21504 sps=57 mean_reward=-1.7395'
last_line='step=24000 eps=0.954 ep_reward=0.59 buffer=24000'
last_line='update=269 step=68864 sps=60 mean_reward=-1.5106'
last_line='update=84 step=21504 sps=57 mean_reward=-1.7395'
last_line='step=24000 eps=0.954 ep_reward=0.59 buffer=24000'
last_line='update=269 step=68864 sps=60 mean_reward=-1.5106'
last_line='update=84 step=21504 sps=57 mean_reward=-1.7395'
last_line='step=24000 eps=0.954 ep_reward=0.59 buffer=24000'
last_line='update=270 step=69120 sps=60 mean_reward=-1.4637'
last_line='update=85 step=21760 sps=57 mean_reward=-1.6730'
last_line='step=24000 eps=0.954 ep_reward=0.59 buffer=24000'
last_line='update=270 step=69120 sps=60 mean_reward=-1.4637'
last_line='update=85 step=21760 sps=57 mean_reward=-1.6730'
last_line='step=24000 eps=0.954 ep_reward=0.59 buffer=24000'
last_line='update=271 step=69376 sps=60 mean_reward=-1.4447'
last_line='update=86 step=22016 sps=57 mean_reward=-1.5599'
last_line='step=25000 eps=0.953 ep_reward=-9.52 buffer=25000'
last_line='update=271 step=69376 sps=60 mean_reward=-1.4447'
last_line='update=86 step=22016 sps=57 mean_reward=-1.5599'
last_line='step=25000 eps=0.953 ep_reward=-9.52 buffer=25000'
last_line='update=272 step=69632 sps=60 mean_reward=-1.5425'
last_line='update=87 step=22272 sps=57 mean_reward=-1.6222'
last_line='step=25000 eps=0.953 ep_reward=-9.52 buffer=25000'
last_line='update=272 step=69632 sps=60 mean_reward=-1.5425'
last_line='update=87 step=22272 sps=57 mean_reward=-1.6222'
last_line='step=25000 eps=0.953 ep_reward=-9.52 buffer=25000'
last_line='update=273 step=69888 sps=60 mean_reward=-1.5559'
last_line='update=88 step=22528 sps=57 mean_reward=-1.6323'
last_line='step=25000 eps=0.953 ep_reward=-9.52 buffer=25000'
last_line='update=273 step=69888 sps=60 mean_reward=-1.5559'
last_line='update=88 step=22528 sps=57 mean_reward=-1.6323'
last_line='step=25000 eps=0.953 ep_reward=-9.52 buffer=25000'
last_line='update=274 step=70144 sps=60 mean_reward=-1.3017'
last_line='update=89 step=22784 sps=58 mean_reward=-1.6827'
last_line='step=26000 eps=0.951 ep_reward=0.12 buffer=26000'
last_line='update=274 step=70144 sps=60 mean_reward=-1.3017'
last_line='update=89 step=22784 sps=58 mean_reward=-1.6827'
last_line='step=26000 eps=0.951 ep_reward=0.12 buffer=26000'
last_line='update=275 step=70400 sps=60 mean_reward=-1.4323'
last_line='update=90 step=23040 sps=58 mean_reward=-1.6052'
last_line='step=26000 eps=0.951 ep_reward=0.12 buffer=26000'
last_line='update=275 step=70400 sps=60 mean_reward=-1.4323'
last_line='update=90 step=23040 sps=58 mean_reward=-1.6052'
last_line='step=26000 eps=0.951 ep_reward=0.12 buffer=26000'
last_line='update=276 step=70656 sps=60 mean_reward=-1.4942'
last_line='update=91 step=23296 sps=58 mean_reward=-1.6535'
last_line='step=26000 eps=0.951 ep_reward=0.12 buffer=26000'
last_line='update=277 step=70912 sps=60 mean_reward=-1.4477'
last_line='update=91 step=23296 sps=58 mean_reward=-1.6535'
last_line='step=27000 eps=0.949 ep_reward=-0.04 buffer=27000'
last_line='update=277 step=70912 sps=60 mean_reward=-1.4477'
last_line='update=92 step=23552 sps=58 mean_reward=-1.7594'
last_line='step=27000 eps=0.949 ep_reward=-0.04 buffer=27000'
last_line='update=278 step=71168 sps=60 mean_reward=-1.5418'
last_line='update=92 step=23552 sps=58 mean_reward=-1.7594'
last_line='step=27000 eps=0.949 ep_reward=-0.04 buffer=27000'
last_line='update=278 step=71168 sps=60 mean_reward=-1.5418'
last_line='update=93 step=23808 sps=58 mean_reward=-1.6362'
last_line='step=27000 eps=0.949 ep_reward=-0.04 buffer=27000'
last_line='update=279 step=71424 sps=60 mean_reward=-1.6253'
last_line='update=93 step=23808 sps=58 mean_reward=-1.6362'
last_line='step=27000 eps=0.949 ep_reward=-0.04 buffer=27000'
last_line='update=279 step=71424 sps=60 mean_reward=-1.6253'
last_line='update=94 step=24064 sps=58 mean_reward=-1.4755'
last_line='step=27000 eps=0.949 ep_reward=-0.04 buffer=27000'
last_line='update=280 step=71680 sps=60 mean_reward=-1.6786'
last_line='update=94 step=24064 sps=58 mean_reward=-1.4755'
last_line='step=28000 eps=0.947 ep_reward=0.41 buffer=28000'
last_line='update=280 step=71680 sps=60 mean_reward=-1.6786'
last_line='update=95 step=24320 sps=58 mean_reward=-1.6585'
last_line='step=28000 eps=0.947 ep_reward=0.41 buffer=28000'
last_line='update=281 step=71936 sps=60 mean_reward=-1.5781'
last_line='update=95 step=24320 sps=58 mean_reward=-1.6585'
last_line='step=28000 eps=0.947 ep_reward=0.41 buffer=28000'
last_line='update=281 step=71936 sps=60 mean_reward=-1.5781'
last_line='update=96 step=24576 sps=58 mean_reward=-1.7326'
last_line='step=28000 eps=0.947 ep_reward=0.41 buffer=28000'
last_line='update=282 step=72192 sps=60 mean_reward=-1.5412'
last_line='update=96 step=24576 sps=58 mean_reward=-1.7326'
last_line='step=28000 eps=0.947 ep_reward=0.41 buffer=28000'
last_line='update=282 step=72192 sps=60 mean_reward=-1.5412'
last_line='update=97 step=24832 sps=58 mean_reward=-1.6102'
last_line='step=29000 eps=0.945 ep_reward=-0.02 buffer=29000'
last_line='update=283 step=72448 sps=60 mean_reward=-1.5634'
last_line='update=97 step=24832 sps=58 mean_reward=-1.6102'
last_line='step=29000 eps=0.945 ep_reward=-0.02 buffer=29000'
last_line='update=283 step=72448 sps=60 mean_reward=-1.5634'
last_line='update=98 step=25088 sps=58 mean_reward=-1.7063'
last_line='step=29000 eps=0.945 ep_reward=-0.02 buffer=29000'
last_line='update=284 step=72704 sps=60 mean_reward=-1.5048'
last_line='update=98 step=25088 sps=58 mean_reward=-1.7063'
last_line='step=29000 eps=0.945 ep_reward=-0.02 buffer=29000'
last_line='update=284 step=72704 sps=60 mean_reward=-1.5048'
last_line='update=99 step=25344 sps=58 mean_reward=-1.5343'
last_line='step=29000 eps=0.945 ep_reward=-0.02 buffer=29000'
last_line='update=285 step=72960 sps=60 mean_reward=-1.5963'
last_line='update=99 step=25344 sps=58 mean_reward=-1.5343'
last_line='step=30000 eps=0.943 ep_reward=-0.07 buffer=30000'
last_line='update=285 step=72960 sps=60 mean_reward=-1.5963'
last_line='update=99 step=25344 sps=58 mean_reward=-1.5343'
last_line='step=30000 eps=0.943 ep_reward=-0.07 buffer=30000'
last_line='update=286 step=73216 sps=60 mean_reward=-1.5795'
last_line='update=100 step=25600 sps=58 mean_reward=-1.5812'
last_line='step=30000 eps=0.943 ep_reward=-0.07 buffer=30000'
last_line='update=287 step=73472 sps=60 mean_reward=-1.3556'
last_line='update=100 step=25600 sps=58 mean_reward=-1.5812'
last_line='step=30000 eps=0.943 ep_reward=-0.07 buffer=30000'
last_line='update=287 step=73472 sps=60 mean_reward=-1.3556'
last_line='update=101 step=25856 sps=58 mean_reward=-1.6526'
last_line='step=30000 eps=0.943 ep_reward=-0.07 buffer=30000'
last_line='update=288 step=73728 sps=60 mean_reward=-1.5873'
last_line='update=101 step=25856 sps=58 mean_reward=-1.6526'
last_line='step=30000 eps=0.943 ep_reward=-0.07 buffer=30000'
last_line='update=288 step=73728 sps=60 mean_reward=-1.5873'
last_line='update=102 step=26112 sps=58 mean_reward=-1.5593'
last_line='step=31000 eps=0.941 ep_reward=0.09 buffer=31000'
last_line='update=289 step=73984 sps=60 mean_reward=-1.4667'
last_line='update=102 step=26112 sps=58 mean_reward=-1.5593'
last_line='step=31000 eps=0.941 ep_reward=0.09 buffer=31000'
last_line='update=289 step=73984 sps=60 mean_reward=-1.4667'
last_line='update=103 step=26368 sps=58 mean_reward=-1.5061'
last_line='step=31000 eps=0.941 ep_reward=0.09 buffer=31000'
last_line='update=290 step=74240 sps=60 mean_reward=-1.5622'
last_line='update=103 step=26368 sps=58 mean_reward=-1.5061'
last_line='step=31000 eps=0.941 ep_reward=0.09 buffer=31000'
last_line='update=290 step=74240 sps=60 mean_reward=-1.5622'
last_line='update=104 step=26624 sps=58 mean_reward=-1.7067'
last_line='step=31000 eps=0.941 ep_reward=0.09 buffer=31000'
last_line='update=291 step=74496 sps=60 mean_reward=-1.4740'
last_line='update=104 step=26624 sps=58 mean_reward=-1.7067'
last_line='step=32000 eps=0.939 ep_reward=0.44 buffer=32000'
last_line='update=291 step=74496 sps=60 mean_reward=-1.4740'
last_line='update=105 step=26880 sps=58 mean_reward=-1.6241'
last_line='step=32000 eps=0.939 ep_reward=0.44 buffer=32000'
last_line='update=292 step=74752 sps=60 mean_reward=-1.5906'
last_line='update=105 step=26880 sps=58 mean_reward=-1.6241'
last_line='step=32000 eps=0.939 ep_reward=0.44 buffer=32000'
last_line='update=292 step=74752 sps=60 mean_reward=-1.5906'
last_line='update=106 step=27136 sps=58 mean_reward=-1.5734'
last_line='step=32000 eps=0.939 ep_reward=0.44 buffer=32000'
last_line='update=293 step=75008 sps=60 mean_reward=-1.5294'
last_line='update=106 step=27136 sps=58 mean_reward=-1.5734'
last_line='step=32000 eps=0.939 ep_reward=0.44 buffer=32000'
last_line='update=293 step=75008 sps=60 mean_reward=-1.5294'
last_line='update=107 step=27392 sps=58 mean_reward=-1.6664'
last_line='step=32000 eps=0.939 ep_reward=0.44 buffer=32000'
last_line='update=294 step=75264 sps=60 mean_reward=-1.2861'
last_line='update=107 step=27392 sps=58 mean_reward=-1.6664'
last_line='step=33000 eps=0.937 ep_reward=-9.42 buffer=33000'
last_line='update=294 step=75264 sps=60 mean_reward=-1.2861'
last_line='update=108 step=27648 sps=58 mean_reward=-1.7055'
last_line='step=33000 eps=0.937 ep_reward=-9.42 buffer=33000'
last_line='update=295 step=75520 sps=60 mean_reward=-1.4491'
last_line='update=108 step=27648 sps=58 mean_reward=-1.7055'
last_line='step=33000 eps=0.937 ep_reward=-9.42 buffer=33000'
last_line='update=295 step=75520 sps=60 mean_reward=-1.4491'
last_line='update=109 step=27904 sps=58 mean_reward=-1.5287'
last_line='step=33000 eps=0.937 ep_reward=-9.42 buffer=33000'
last_line='update=296 step=75776 sps=60 mean_reward=-1.5175'
last_line='update=109 step=27904 sps=58 mean_reward=-1.5287'
last_line='step=33000 eps=0.937 ep_reward=-9.42 buffer=33000'
last_line='update=297 step=76032 sps=60 mean_reward=-1.4617'
last_line='update=110 step=28160 sps=58 mean_reward=-1.6837'
last_line='step=34000 eps=0.935 ep_reward=-0.02 buffer=34000'
last_line='update=297 step=76032 sps=60 mean_reward=-1.4617'
last_line='update=110 step=28160 sps=58 mean_reward=-1.6837'
last_line='step=34000 eps=0.935 ep_reward=-0.02 buffer=34000'
last_line='update=298 step=76288 sps=60 mean_reward=-1.5911'
last_line='update=111 step=28416 sps=58 mean_reward=-1.5672'
last_line='step=34000 eps=0.935 ep_reward=-0.02 buffer=34000'
last_line='update=298 step=76288 sps=60 mean_reward=-1.5911'
last_line='update=111 step=28416 sps=58 mean_reward=-1.5672'
last_line='step=34000 eps=0.935 ep_reward=-0.02 buffer=34000'
last_line='update=298 step=76288 sps=60 mean_reward=-1.5911'
last_line='update=112 step=28672 sps=58 mean_reward=-1.6826'
last_line='step=34000 eps=0.935 ep_reward=-0.02 buffer=34000'
last_line='update=299 step=76544 sps=60 mean_reward=-1.5437'
last_line='update=112 step=28672 sps=58 mean_reward=-1.6826'
last_line='step=35000 eps=0.934 ep_reward=-0.01 buffer=35000'
last_line='update=299 step=76544 sps=60 mean_reward=-1.5437'
last_line='update=113 step=28928 sps=58 mean_reward=-1.5879'
last_line='step=35000 eps=0.934 ep_reward=-0.01 buffer=35000'
last_line='update=300 step=76800 sps=60 mean_reward=-1.5065'
last_line='update=113 step=28928 sps=58 mean_reward=-1.5879'
last_line='step=35000 eps=0.934 ep_reward=-0.01 buffer=35000'
last_line='update=300 step=76800 sps=60 mean_reward=-1.5065'
last_line='update=114 step=29184 sps=58 mean_reward=-1.6968'
last_line='step=35000 eps=0.934 ep_reward=-0.01 buffer=35000'
last_line='update=301 step=77056 sps=60 mean_reward=-1.4445'
last_line='update=114 step=29184 sps=58 mean_reward=-1.6968'
last_line='step=35000 eps=0.934 ep_reward=-0.01 buffer=35000'
last_line='update=301 step=77056 sps=60 mean_reward=-1.4445'
last_line='update=115 step=29440 sps=58 mean_reward=-1.6195'
last_line='step=35000 eps=0.934 ep_reward=-0.01 buffer=35000'
last_line='update=302 step=77312 sps=60 mean_reward=-1.5754'
last_line='update=115 step=29440 sps=58 mean_reward=-1.6195'
last_line='step=36000 eps=0.932 ep_reward=-0.01 buffer=36000'
last_line='update=302 step=77312 sps=60 mean_reward=-1.5754'
last_line='update=116 step=29696 sps=58 mean_reward=-1.6830'
last_line='step=36000 eps=0.932 ep_reward=-0.01 buffer=36000'
last_line='update=303 step=77568 sps=60 mean_reward=-1.2591'
last_line='update=116 step=29696 sps=58 mean_reward=-1.6830'
last_line='step=36000 eps=0.932 ep_reward=-0.01 buffer=36000'
last_line='update=303 step=77568 sps=60 mean_reward=-1.2591'
last_line='update=117 step=29952 sps=58 mean_reward=-1.5516'
last_line='step=36000 eps=0.932 ep_reward=-0.01 buffer=36000'
last_line='update=304 step=77824 sps=60 mean_reward=-1.3878'
last_line='update=117 step=29952 sps=58 mean_reward=-1.5516'
last_line='step=36000 eps=0.932 ep_reward=-0.01 buffer=36000'
last_line='update=304 step=77824 sps=60 mean_reward=-1.3878'
last_line='update=118 step=30208 sps=58 mean_reward=-1.6458'
last_line='step=36000 eps=0.932 ep_reward=-0.01 buffer=36000'
last_line='update=305 step=78080 sps=60 mean_reward=-1.4736'
last_line='update=118 step=30208 sps=58 mean_reward=-1.6458'
last_line='step=37000 eps=0.930 ep_reward=-0.01 buffer=37000'
last_line='update=306 step=78336 sps=60 mean_reward=-1.3124'
last_line='update=118 step=30208 sps=58 mean_reward=-1.6458'
last_line='step=37000 eps=0.930 ep_reward=-0.01 buffer=37000'
last_line='update=306 step=78336 sps=60 mean_reward=-1.3124'
last_line='update=119 step=30464 sps=58 mean_reward=-1.6873'
last_line='step=37000 eps=0.930 ep_reward=-0.01 buffer=37000'
last_line='update=306 step=78336 sps=60 mean_reward=-1.3124'
last_line='update=119 step=30464 sps=58 mean_reward=-1.6873'
last_line='step=37000 eps=0.930 ep_reward=-0.01 buffer=37000'
last_line='update=307 step=78592 sps=60 mean_reward=-1.4870'
last_line='update=120 step=30720 sps=58 mean_reward=-1.6972'
last_line='step=37000 eps=0.930 ep_reward=-0.01 buffer=37000'
last_line='update=307 step=78592 sps=60 mean_reward=-1.4870'
last_line='update=120 step=30720 sps=58 mean_reward=-1.6972'
last_line='step=38000 eps=0.928 ep_reward=-0.03 buffer=38000'
last_line='update=308 step=78848 sps=60 mean_reward=-1.5451'
last_line='update=121 step=30976 sps=58 mean_reward=-1.6061'
last_line='step=38000 eps=0.928 ep_reward=-0.03 buffer=38000'
last_line='update=308 step=78848 sps=60 mean_reward=-1.5451'
last_line='update=121 step=30976 sps=58 mean_reward=-1.6061'
last_line='step=38000 eps=0.928 ep_reward=-0.03 buffer=38000'
last_line='update=309 step=79104 sps=60 mean_reward=-1.5694'
last_line='update=122 step=31232 sps=58 mean_reward=-1.5856'
last_line='step=38000 eps=0.928 ep_reward=-0.03 buffer=38000'
last_line='update=309 step=79104 sps=60 mean_reward=-1.5694'
last_line='update=122 step=31232 sps=58 mean_reward=-1.5856'
last_line='step=38000 eps=0.928 ep_reward=-0.03 buffer=38000'
last_line='update=310 step=79360 sps=60 mean_reward=-1.5443'
last_line='update=123 step=31488 sps=58 mean_reward=-1.6264'
last_line='step=39000 eps=0.926 ep_reward=-9.90 buffer=39000'
last_line='update=310 step=79360 sps=60 mean_reward=-1.5443'
last_line='update=123 step=31488 sps=58 mean_reward=-1.6264'
last_line='step=39000 eps=0.926 ep_reward=-9.90 buffer=39000'
last_line='update=311 step=79616 sps=60 mean_reward=-1.4736'
last_line='update=124 step=31744 sps=58 mean_reward=-1.5608'
last_line='step=39000 eps=0.926 ep_reward=-9.90 buffer=39000'
last_line='update=311 step=79616 sps=60 mean_reward=-1.4736'
last_line='update=124 step=31744 sps=58 mean_reward=-1.5608'
last_line='step=39000 eps=0.926 ep_reward=-9.90 buffer=39000'
last_line='update=312 step=79872 sps=60 mean_reward=-1.3300'
last_line='update=125 step=32000 sps=58 mean_reward=-1.5867'
last_line='step=39000 eps=0.926 ep_reward=-9.90 buffer=39000'
last_line='update=312 step=79872 sps=60 mean_reward=-1.3300'
last_line='update=125 step=32000 sps=58 mean_reward=-1.5867'
last_line='step=39000 eps=0.926 ep_reward=-9.90 buffer=39000'
last_line='update=313 step=80128 sps=60 mean_reward=-1.5184'
last_line='update=126 step=32256 sps=58 mean_reward=-1.6762'
last_line='step=40000 eps=0.924 ep_reward=-0.01 buffer=40000'
last_line='update=313 step=80128 sps=60 mean_reward=-1.5184'
last_line='update=126 step=32256 sps=58 mean_reward=-1.6762'
last_line='step=40000 eps=0.924 ep_reward=-0.01 buffer=40000'
last_line='update=314 step=80384 sps=60 mean_reward=-1.3599'
last_line='update=127 step=32512 sps=58 mean_reward=-1.6134'
last_line='step=40000 eps=0.924 ep_reward=-0.01 buffer=40000'
last_line='update=315 step=80640 sps=60 mean_reward=-1.3089'
last_line='update=127 step=32512 sps=58 mean_reward=-1.6134'
last_line='step=40000 eps=0.924 ep_reward=-0.01 buffer=40000'
last_line='update=315 step=80640 sps=60 mean_reward=-1.3089'
last_line='update=128 step=32768 sps=58 mean_reward=-1.6572'
last_line='step=40000 eps=0.924 ep_reward=-0.01 buffer=40000'
last_line='update=315 step=80640 sps=60 mean_reward=-1.3089'
last_line='update=128 step=32768 sps=58 mean_reward=-1.6572'
last_line='step=40000 eps=0.924 ep_reward=-0.01 buffer=40000'
last_line='update=316 step=80896 sps=60 mean_reward=-1.5370'
last_line='update=129 step=33024 sps=58 mean_reward=-1.5849'
last_line='step=41000 eps=0.922 ep_reward=0.09 buffer=41000'
last_line='update=317 step=81152 sps=60 mean_reward=-1.5419'
last_line='update=129 step=33024 sps=58 mean_reward=-1.5849'
last_line='step=41000 eps=0.922 ep_reward=0.09 buffer=41000'
last_line='update=317 step=81152 sps=60 mean_reward=-1.5419'
last_line='update=130 step=33280 sps=58 mean_reward=-1.6494'
last_line='step=41000 eps=0.922 ep_reward=0.09 buffer=41000'
last_line='update=318 step=81408 sps=60 mean_reward=-1.4803'
last_line='update=130 step=33280 sps=58 mean_reward=-1.6494'
last_line='step=41000 eps=0.922 ep_reward=0.09 buffer=41000'
last_line='update=318 step=81408 sps=60 mean_reward=-1.4803'
last_line='update=131 step=33536 sps=58 mean_reward=-1.5742'
last_line='step=41000 eps=0.922 ep_reward=0.09 buffer=41000'
last_line='update=319 step=81664 sps=60 mean_reward=-1.4659'
last_line='update=131 step=33536 sps=58 mean_reward=-1.5742'
last_line='step=42000 eps=0.920 ep_reward=-10.04 buffer=42000'
last_line='update=319 step=81664 sps=60 mean_reward=-1.4659'
last_line='update=132 step=33792 sps=58 mean_reward=-1.5737'
last_line='step=42000 eps=0.920 ep_reward=-10.04 buffer=42000'
last_line='update=320 step=81920 sps=60 mean_reward=-1.4067'
last_line='update=132 step=33792 sps=58 mean_reward=-1.5737'
last_line='step=42000 eps=0.920 ep_reward=-10.04 buffer=42000'
last_line='update=320 step=81920 sps=60 mean_reward=-1.4067'
last_line='update=133 step=34048 sps=58 mean_reward=-1.5977'
last_line='step=42000 eps=0.920 ep_reward=-10.04 buffer=42000'
last_line='update=321 step=82176 sps=60 mean_reward=-1.5686'
last_line='update=133 step=34048 sps=58 mean_reward=-1.5977'
last_line='step=42000 eps=0.920 ep_reward=-10.04 buffer=42000'
last_line='update=321 step=82176 sps=60 mean_reward=-1.5686'
last_line='update=134 step=34304 sps=58 mean_reward=-1.6944'
last_line='step=43000 eps=0.918 ep_reward=-0.01 buffer=43000'
last_line='update=322 step=82432 sps=60 mean_reward=-1.4850'
last_line='update=134 step=34304 sps=58 mean_reward=-1.6944'
last_line='step=43000 eps=0.918 ep_reward=-0.01 buffer=43000'
last_line='update=322 step=82432 sps=60 mean_reward=-1.4850'
last_line='update=135 step=34560 sps=58 mean_reward=-1.5705'
last_line='step=43000 eps=0.918 ep_reward=-0.01 buffer=43000'
last_line='update=322 step=82432 sps=60 mean_reward=-1.4850'
last_line='update=135 step=34560 sps=58 mean_reward=-1.5705'
last_line='step=43000 eps=0.918 ep_reward=-0.01 buffer=43000'
last_line='update=323 step=82688 sps=60 mean_reward=-1.5124'
last_line='update=136 step=34816 sps=58 mean_reward=-1.5354'
last_line='step=43000 eps=0.918 ep_reward=-0.01 buffer=43000'
last_line='update=323 step=82688 sps=60 mean_reward=-1.5124'
last_line='update=136 step=34816 sps=58 mean_reward=-1.5354'
last_line='step=43000 eps=0.918 ep_reward=-0.01 buffer=43000'
last_line='update=324 step=82944 sps=60 mean_reward=-1.6854'
last_line='update=137 step=35072 sps=58 mean_reward=-1.5328'
last_line='step=44000 eps=0.916 ep_reward=0.47 buffer=44000'
last_line='update=325 step=83200 sps=60 mean_reward=-1.5969'
last_line='update=137 step=35072 sps=58 mean_reward=-1.5328'
last_line='step=44000 eps=0.916 ep_reward=0.47 buffer=44000'
last_line='update=325 step=83200 sps=60 mean_reward=-1.5969'
last_line='update=137 step=35072 sps=58 mean_reward=-1.5328'
last_line='step=44000 eps=0.916 ep_reward=0.47 buffer=44000'
last_line='update=326 step=83456 sps=60 mean_reward=-1.4855'
last_line='update=138 step=35328 sps=58 mean_reward=-1.6439'
last_line='step=44000 eps=0.916 ep_reward=0.47 buffer=44000'
last_line='update=326 step=83456 sps=60 mean_reward=-1.4855'
last_line='update=139 step=35584 sps=59 mean_reward=-1.3579'
last_line='step=44000 eps=0.916 ep_reward=0.47 buffer=44000'
last_line='update=327 step=83712 sps=60 mean_reward=-1.4846'
last_line='update=139 step=35584 sps=59 mean_reward=-1.3579'
last_line='step=45000 eps=0.915 ep_reward=0.43 buffer=45000'
last_line='update=327 step=83712 sps=60 mean_reward=-1.4846'
last_line='update=139 step=35584 sps=59 mean_reward=-1.3579'
last_line='step=45000 eps=0.915 ep_reward=0.43 buffer=45000'
last_line='update=328 step=83968 sps=60 mean_reward=-1.4992'
last_line='update=140 step=35840 sps=59 mean_reward=-1.6649'
last_line='step=45000 eps=0.915 ep_reward=0.43 buffer=45000'
last_line='update=328 step=83968 sps=60 mean_reward=-1.4992'
last_line='update=140 step=35840 sps=59 mean_reward=-1.6649'
last_line='step=45000 eps=0.915 ep_reward=0.43 buffer=45000'
last_line='update=329 step=84224 sps=60 mean_reward=-1.5413'
last_line='update=141 step=36096 sps=59 mean_reward=-1.5867'
last_line='step=45000 eps=0.915 ep_reward=0.43 buffer=45000'
last_line='update=329 step=84224 sps=60 mean_reward=-1.5413'
last_line='update=141 step=36096 sps=59 mean_reward=-1.5867'
last_line='step=45000 eps=0.915 ep_reward=0.43 buffer=45000'
last_line='update=330 step=84480 sps=60 mean_reward=-1.4787'
last_line='update=142 step=36352 sps=59 mean_reward=-1.7211'
last_line='step=46000 eps=0.913 ep_reward=-0.03 buffer=46000'
last_line='update=330 step=84480 sps=60 mean_reward=-1.4787'
last_line='update=142 step=36352 sps=59 mean_reward=-1.7211'
last_line='step=46000 eps=0.913 ep_reward=-0.03 buffer=46000'
last_line='update=331 step=84736 sps=60 mean_reward=-1.3903'
last_line='update=143 step=36608 sps=59 mean_reward=-1.7095'
last_line='step=46000 eps=0.913 ep_reward=-0.03 buffer=46000'
last_line='update=331 step=84736 sps=60 mean_reward=-1.3903'
last_line='update=143 step=36608 sps=59 mean_reward=-1.7095'
last_line='step=46000 eps=0.913 ep_reward=-0.03 buffer=46000'
last_line='update=332 step=84992 sps=60 mean_reward=-1.5059'
last_line='update=144 step=36864 sps=59 mean_reward=-1.4543'
last_line='step=46000 eps=0.913 ep_reward=-0.03 buffer=46000'
last_line='update=332 step=84992 sps=60 mean_reward=-1.5059'
last_line='update=144 step=36864 sps=59 mean_reward=-1.4543'
last_line='step=47000 eps=0.911 ep_reward=-0.08 buffer=47000'
last_line='update=333 step=85248 sps=60 mean_reward=-1.5381'
last_line='update=145 step=37120 sps=59 mean_reward=-1.6594'
last_line='step=47000 eps=0.911 ep_reward=-0.08 buffer=47000'
last_line='update=333 step=85248 sps=60 mean_reward=-1.5381'
last_line='update=145 step=37120 sps=59 mean_reward=-1.6594'
last_line='step=47000 eps=0.911 ep_reward=-0.08 buffer=47000'
last_line='update=334 step=85504 sps=60 mean_reward=-1.5564'
last_line='update=146 step=37376 sps=59 mean_reward=-1.5899'
last_line='step=47000 eps=0.911 ep_reward=-0.08 buffer=47000'
last_line='update=334 step=85504 sps=60 mean_reward=-1.5564'
last_line='update=146 step=37376 sps=59 mean_reward=-1.5899'
last_line='step=47000 eps=0.911 ep_reward=-0.08 buffer=47000'
last_line='update=335 step=85760 sps=60 mean_reward=-1.3339'
last_line='update=147 step=37632 sps=59 mean_reward=-1.6175'
last_line='step=48000 eps=0.909 ep_reward=-0.05 buffer=48000'
last_line='update=335 step=85760 sps=60 mean_reward=-1.3339'
last_line='update=147 step=37632 sps=59 mean_reward=-1.6175'
last_line='step=48000 eps=0.909 ep_reward=-0.05 buffer=48000'
last_line='update=336 step=86016 sps=60 mean_reward=-1.5641'
last_line='update=148 step=37888 sps=59 mean_reward=-1.6043'
last_line='step=48000 eps=0.909 ep_reward=-0.05 buffer=48000'
last_line='update=336 step=86016 sps=60 mean_reward=-1.5641'
last_line='update=148 step=37888 sps=59 mean_reward=-1.6043'
last_line='step=48000 eps=0.909 ep_reward=-0.05 buffer=48000'
last_line='update=337 step=86272 sps=60 mean_reward=-1.4056'
last_line='update=149 step=38144 sps=59 mean_reward=-1.5409'
last_line='step=48000 eps=0.909 ep_reward=-0.05 buffer=48000'
last_line='update=337 step=86272 sps=60 mean_reward=-1.4056'
last_line='update=149 step=38144 sps=59 mean_reward=-1.5409'
last_line='step=49000 eps=0.907 ep_reward=1.36 buffer=49000'
last_line='update=338 step=86528 sps=60 mean_reward=-1.4881'
last_line='update=150 step=38400 sps=59 mean_reward=-1.6628'
last_line='step=49000 eps=0.907 ep_reward=1.36 buffer=49000'
last_line='update=338 step=86528 sps=60 mean_reward=-1.4881'
last_line='update=150 step=38400 sps=59 mean_reward=-1.6628'
last_line='step=49000 eps=0.907 ep_reward=1.36 buffer=49000'
last_line='update=339 step=86784 sps=60 mean_reward=-1.4953'
last_line='update=151 step=38656 sps=59 mean_reward=-1.5896'
last_line='step=49000 eps=0.907 ep_reward=1.36 buffer=49000'
last_line='update=339 step=86784 sps=60 mean_reward=-1.4953'
last_line='update=151 step=38656 sps=59 mean_reward=-1.5896'
last_line='step=49000 eps=0.907 ep_reward=1.36 buffer=49000'
last_line='update=340 step=87040 sps=60 mean_reward=-1.4815'
last_line='update=152 step=38912 sps=59 mean_reward=-1.4669'
last_line='step=49000 eps=0.907 ep_reward=1.36 buffer=49000'
last_line='update=340 step=87040 sps=60 mean_reward=-1.4815'
last_line='update=152 step=38912 sps=59 mean_reward=-1.4669'
last_line='step=50000 eps=0.905 ep_reward=-0.02 buffer=50000'
last_line='update=341 step=87296 sps=60 mean_reward=-1.5228'
last_line='update=153 step=39168 sps=59 mean_reward=-1.4357'
last_line='step=50000 eps=0.905 ep_reward=-0.02 buffer=50000'
last_line='update=341 step=87296 sps=60 mean_reward=-1.5228'
last_line='update=153 step=39168 sps=59 mean_reward=-1.4357'
last_line='step=50000 eps=0.905 ep_reward=-0.02 buffer=50000'
last_line='update=342 step=87552 sps=60 mean_reward=-1.4800'
last_line='update=154 step=39424 sps=59 mean_reward=-1.5973'
last_line='step=50000 eps=0.905 ep_reward=-0.02 buffer=50000'
last_line='update=342 step=87552 sps=60 mean_reward=-1.4800'
last_line='update=154 step=39424 sps=59 mean_reward=-1.5973'
last_line='step=50000 eps=0.905 ep_reward=-0.02 buffer=50000'
last_line='update=343 step=87808 sps=60 mean_reward=-1.3384'
last_line='update=155 step=39680 sps=59 mean_reward=-1.6218'
last_line='step=50000 eps=0.905 ep_reward=-0.02 buffer=50000'
last_line='update=343 step=87808 sps=60 mean_reward=-1.3384'
last_line='update=155 step=39680 sps=59 mean_reward=-1.6218'
last_line='step=50000 eps=0.905 ep_reward=-0.02 buffer=50000'
last_line='update=344 step=88064 sps=61 mean_reward=-1.4608'
last_line='update=156 step=39936 sps=59 mean_reward=-1.5175'
last_line='step=51000 eps=0.903 ep_reward=-0.04 buffer=51000'
last_line='update=344 step=88064 sps=61 mean_reward=-1.4608'
last_line='update=156 step=39936 sps=59 mean_reward=-1.5175'
last_line='step=51000 eps=0.903 ep_reward=-0.04 buffer=51000'
last_line='update=345 step=88320 sps=61 mean_reward=-1.4723'
last_line='update=157 step=40192 sps=59 mean_reward=-1.5684'
last_line='step=51000 eps=0.903 ep_reward=-0.04 buffer=51000'
last_line='update=346 step=88576 sps=61 mean_reward=-1.4869'
last_line='update=157 step=40192 sps=59 mean_reward=-1.5684'
last_line='step=51000 eps=0.903 ep_reward=-0.04 buffer=51000'
last_line='update=346 step=88576 sps=61 mean_reward=-1.4869'
last_line='update=158 step=40448 sps=59 mean_reward=-1.5992'
last_line='step=51000 eps=0.903 ep_reward=-0.04 buffer=51000'
last_line='update=347 step=88832 sps=61 mean_reward=-1.4190'
last_line='update=158 step=40448 sps=59 mean_reward=-1.5992'
last_line='step=51000 eps=0.903 ep_reward=-0.04 buffer=51000'
last_line='update=347 step=88832 sps=61 mean_reward=-1.4190'
last_line='update=158 step=40448 sps=59 mean_reward=-1.5992'
last_line='step=52000 eps=0.901 ep_reward=-9.93 buffer=52000'
last_line='update=348 step=89088 sps=61 mean_reward=-1.4020'
last_line='update=159 step=40704 sps=59 mean_reward=-1.4913'
last_line='step=52000 eps=0.901 ep_reward=-9.93 buffer=52000'
last_line='update=348 step=89088 sps=61 mean_reward=-1.4020'
last_line='update=159 step=40704 sps=59 mean_reward=-1.4913'
last_line='step=52000 eps=0.901 ep_reward=-9.93 buffer=52000'
last_line='update=349 step=89344 sps=61 mean_reward=-1.4589'
last_line='update=160 step=40960 sps=59 mean_reward=-1.6163'
last_line='step=52000 eps=0.901 ep_reward=-9.93 buffer=52000'
last_line='update=349 step=89344 sps=61 mean_reward=-1.4589'
last_line='update=160 step=40960 sps=59 mean_reward=-1.6163'
last_line='step=52000 eps=0.901 ep_reward=-9.93 buffer=52000'
last_line='update=350 step=89600 sps=61 mean_reward=-1.2566'
last_line='update=161 step=41216 sps=59 mean_reward=-1.5136'
last_line='step=53000 eps=0.899 ep_reward=0.10 buffer=53000'
last_line='update=350 step=89600 sps=61 mean_reward=-1.2566'
last_line='update=161 step=41216 sps=59 mean_reward=-1.5136'
last_line='step=53000 eps=0.899 ep_reward=0.10 buffer=53000'
last_line='update=351 step=89856 sps=61 mean_reward=-1.2817'
last_line='update=162 step=41472 sps=59 mean_reward=-1.5333'
last_line='step=53000 eps=0.899 ep_reward=0.10 buffer=53000'
last_line='update=351 step=89856 sps=61 mean_reward=-1.2817'
last_line='update=162 step=41472 sps=59 mean_reward=-1.5333'
last_line='step=53000 eps=0.899 ep_reward=0.10 buffer=53000'
last_line='update=352 step=90112 sps=61 mean_reward=-1.2941'
last_line='update=163 step=41728 sps=59 mean_reward=-1.6370'
last_line='step=53000 eps=0.899 ep_reward=0.10 buffer=53000'
last_line='update=352 step=90112 sps=61 mean_reward=-1.2941'
last_line='update=163 step=41728 sps=59 mean_reward=-1.6370'
last_line='step=54000 eps=0.897 ep_reward=-0.02 buffer=54000'
last_line='update=353 step=90368 sps=61 mean_reward=-1.3902'
last_line='update=164 step=41984 sps=59 mean_reward=-1.6788'
last_line='step=54000 eps=0.897 ep_reward=-0.02 buffer=54000'
last_line='update=353 step=90368 sps=61 mean_reward=-1.3902'
last_line='update=164 step=41984 sps=59 mean_reward=-1.6788'
last_line='step=54000 eps=0.897 ep_reward=-0.02 buffer=54000'
last_line='update=354 step=90624 sps=61 mean_reward=-1.3933'
last_line='update=165 step=42240 sps=59 mean_reward=-1.5903'
last_line='step=54000 eps=0.897 ep_reward=-0.02 buffer=54000'
last_line='update=354 step=90624 sps=61 mean_reward=-1.3933'
last_line='update=165 step=42240 sps=59 mean_reward=-1.5903'
last_line='step=54000 eps=0.897 ep_reward=-0.02 buffer=54000'
last_line='update=355 step=90880 sps=61 mean_reward=-1.3497'
last_line='update=166 step=42496 sps=59 mean_reward=-1.6158'
last_line='step=54000 eps=0.897 ep_reward=-0.02 buffer=54000'
last_line='update=355 step=90880 sps=61 mean_reward=-1.3497'
last_line='update=166 step=42496 sps=59 mean_reward=-1.6158'
last_line='step=55000 eps=0.896 ep_reward=0.08 buffer=55000'
last_line='update=356 step=91136 sps=61 mean_reward=-1.4663'
last_line='update=167 step=42752 sps=59 mean_reward=-1.4648'
last_line='step=55000 eps=0.896 ep_reward=0.08 buffer=55000'
last_line='update=357 step=91392 sps=61 mean_reward=-1.4147'
last_line='update=167 step=42752 sps=59 mean_reward=-1.4648'
last_line='step=55000 eps=0.896 ep_reward=0.08 buffer=55000'
last_line='update=357 step=91392 sps=61 mean_reward=-1.4147'
last_line='update=168 step=43008 sps=59 mean_reward=-1.5894'
last_line='step=55000 eps=0.896 ep_reward=0.08 buffer=55000'
last_line='update=358 step=91648 sps=61 mean_reward=-1.5172'
last_line='update=168 step=43008 sps=59 mean_reward=-1.5894'
last_line='step=55000 eps=0.896 ep_reward=0.08 buffer=55000'
last_line='update=358 step=91648 sps=61 mean_reward=-1.5172'
last_line='update=169 step=43264 sps=59 mean_reward=-1.4662'
last_line='step=56000 eps=0.894 ep_reward=0.59 buffer=56000'
last_line='update=359 step=91904 sps=61 mean_reward=-1.5017'
last_line='update=169 step=43264 sps=59 mean_reward=-1.4662'
last_line='step=56000 eps=0.894 ep_reward=0.59 buffer=56000'
last_line='update=359 step=91904 sps=61 mean_reward=-1.5017'
last_line='update=170 step=43520 sps=59 mean_reward=-1.6437'
last_line='step=56000 eps=0.894 ep_reward=0.59 buffer=56000'
last_line='update=360 step=92160 sps=61 mean_reward=-1.5120'
last_line='update=170 step=43520 sps=59 mean_reward=-1.6437'
last_line='step=56000 eps=0.894 ep_reward=0.59 buffer=56000'
last_line='update=360 step=92160 sps=61 mean_reward=-1.5120'
last_line='update=171 step=43776 sps=59 mean_reward=-1.5726'
last_line='step=56000 eps=0.894 ep_reward=0.59 buffer=56000'
last_line='update=361 step=92416 sps=61 mean_reward=-1.5511'
last_line='update=171 step=43776 sps=59 mean_reward=-1.5726'
last_line='step=56000 eps=0.894 ep_reward=0.59 buffer=56000'
last_line='update=361 step=92416 sps=61 mean_reward=-1.5511'
last_line='update=172 step=44032 sps=59 mean_reward=-1.6096'
last_line='step=57000 eps=0.892 ep_reward=-0.01 buffer=57000'
last_line='update=362 step=92672 sps=61 mean_reward=-1.5676'
last_line='update=172 step=44032 sps=59 mean_reward=-1.6096'
last_line='step=57000 eps=0.892 ep_reward=-0.01 buffer=57000'
last_line='update=362 step=92672 sps=61 mean_reward=-1.5676'
last_line='update=173 step=44288 sps=59 mean_reward=-1.6778'
last_line='step=57000 eps=0.892 ep_reward=-0.01 buffer=57000'
last_line='update=363 step=92928 sps=61 mean_reward=-1.4046'
last_line='update=173 step=44288 sps=59 mean_reward=-1.6778'
last_line='step=57000 eps=0.892 ep_reward=-0.01 buffer=57000'
last_line='update=363 step=92928 sps=61 mean_reward=-1.4046'
last_line='update=173 step=44288 sps=59 mean_reward=-1.6778'
last_line='step=57000 eps=0.892 ep_reward=-0.01 buffer=57000'
last_line='update=364 step=93184 sps=61 mean_reward=-1.4317'
last_line='update=174 step=44544 sps=59 mean_reward=-1.4863'
last_line='step=58000 eps=0.890 ep_reward=-0.01 buffer=58000'
last_line='update=365 step=93440 sps=61 mean_reward=-1.4827'
last_line='update=174 step=44544 sps=59 mean_reward=-1.4863'
last_line='step=58000 eps=0.890 ep_reward=-0.01 buffer=58000'
last_line='update=365 step=93440 sps=61 mean_reward=-1.4827'
last_line='update=175 step=44800 sps=59 mean_reward=-1.5857'
last_line='step=58000 eps=0.890 ep_reward=-0.01 buffer=58000'
last_line='update=366 step=93696 sps=61 mean_reward=-1.5272'
last_line='update=175 step=44800 sps=59 mean_reward=-1.5857'
last_line='step=58000 eps=0.890 ep_reward=-0.01 buffer=58000'
last_line='update=366 step=93696 sps=61 mean_reward=-1.5272'
last_line='update=176 step=45056 sps=59 mean_reward=-1.5820'
last_line='step=58000 eps=0.890 ep_reward=-0.01 buffer=58000'
last_line='update=367 step=93952 sps=61 mean_reward=-1.5137'
last_line='update=176 step=45056 sps=59 mean_reward=-1.5820'
last_line='step=59000 eps=0.888 ep_reward=0.46 buffer=59000'
last_line='update=367 step=93952 sps=61 mean_reward=-1.5137'
last_line='update=177 step=45312 sps=59 mean_reward=-1.6834'
last_line='step=59000 eps=0.888 ep_reward=0.46 buffer=59000'
last_line='update=368 step=94208 sps=61 mean_reward=-1.4244'
last_line='update=177 step=45312 sps=59 mean_reward=-1.6834'
last_line='step=59000 eps=0.888 ep_reward=0.46 buffer=59000'
last_line='update=368 step=94208 sps=61 mean_reward=-1.4244'
last_line='update=178 step=45568 sps=59 mean_reward=-1.5686'
last_line='step=59000 eps=0.888 ep_reward=0.46 buffer=59000'
last_line='update=369 step=94464 sps=61 mean_reward=-1.4688'
last_line='update=178 step=45568 sps=59 mean_reward=-1.5686'
last_line='step=59000 eps=0.888 ep_reward=0.46 buffer=59000'
last_line='update=369 step=94464 sps=61 mean_reward=-1.4688'
last_line='update=179 step=45824 sps=59 mean_reward=-1.6886'
last_line='step=59000 eps=0.888 ep_reward=0.46 buffer=59000'
last_line='update=370 step=94720 sps=61 mean_reward=-1.4466'
last_line='update=179 step=45824 sps=59 mean_reward=-1.6886'
last_line='step=60000 eps=0.886 ep_reward=-0.06 buffer=60000'
last_line='update=370 step=94720 sps=61 mean_reward=-1.4466'
last_line='update=180 step=46080 sps=59 mean_reward=-1.3758'
last_line='step=60000 eps=0.886 ep_reward=-0.06 buffer=60000'
last_line='update=371 step=94976 sps=61 mean_reward=-1.4458'
last_line='update=180 step=46080 sps=59 mean_reward=-1.3758'
last_line='step=60000 eps=0.886 ep_reward=-0.06 buffer=60000'
last_line='update=371 step=94976 sps=61 mean_reward=-1.4458'
last_line='update=181 step=46336 sps=59 mean_reward=-1.7166'
last_line='step=60000 eps=0.886 ep_reward=-0.06 buffer=60000'
last_line='update=372 step=95232 sps=61 mean_reward=-1.4502'
last_line='update=181 step=46336 sps=59 mean_reward=-1.7166'
last_line='step=60000 eps=0.886 ep_reward=-0.06 buffer=60000'
last_line='update=372 step=95232 sps=61 mean_reward=-1.4502'
last_line='update=182 step=46592 sps=59 mean_reward=-1.5568'
last_line='step=61000 eps=0.884 ep_reward=-0.03 buffer=61000'
last_line='update=373 step=95488 sps=61 mean_reward=-1.2430'
last_line='update=182 step=46592 sps=59 mean_reward=-1.5568'
last_line='step=61000 eps=0.884 ep_reward=-0.03 buffer=61000'
last_line='update=373 step=95488 sps=61 mean_reward=-1.2430'
last_line='update=183 step=46848 sps=59 mean_reward=-1.4654'
last_line='step=61000 eps=0.884 ep_reward=-0.03 buffer=61000'
last_line='update=374 step=95744 sps=61 mean_reward=-1.5503'
last_line='update=183 step=46848 sps=59 mean_reward=-1.4654'
last_line='step=61000 eps=0.884 ep_reward=-0.03 buffer=61000'
last_line='update=374 step=95744 sps=61 mean_reward=-1.5503'
last_line='update=184 step=47104 sps=59 mean_reward=-1.6586'
last_line='step=61000 eps=0.884 ep_reward=-0.03 buffer=61000'
last_line='update=375 step=96000 sps=61 mean_reward=-1.4266'
last_line='update=184 step=47104 sps=59 mean_reward=-1.6586'
last_line='step=61000 eps=0.884 ep_reward=-0.03 buffer=61000'
last_line='update=376 step=96256 sps=61 mean_reward=-1.4415'
last_line='update=185 step=47360 sps=59 mean_reward=-1.4409'
last_line='step=62000 eps=0.882 ep_reward=-0.04 buffer=62000'
last_line='update=376 step=96256 sps=61 mean_reward=-1.4415'
last_line='update=185 step=47360 sps=59 mean_reward=-1.4409'
last_line='step=62000 eps=0.882 ep_reward=-0.04 buffer=62000'
last_line='update=377 step=96512 sps=61 mean_reward=-1.2325'
last_line='update=186 step=47616 sps=59 mean_reward=-1.5724'
last_line='step=62000 eps=0.882 ep_reward=-0.04 buffer=62000'
last_line='update=377 step=96512 sps=61 mean_reward=-1.2325'
last_line='update=186 step=47616 sps=59 mean_reward=-1.5724'
last_line='step=62000 eps=0.882 ep_reward=-0.04 buffer=62000'
last_line='update=378 step=96768 sps=61 mean_reward=-1.2787'
last_line='update=187 step=47872 sps=59 mean_reward=-1.5491'
last_line='step=62000 eps=0.882 ep_reward=-0.04 buffer=62000'
last_line='update=378 step=96768 sps=61 mean_reward=-1.2787'
last_line='update=187 step=47872 sps=59 mean_reward=-1.5491'
last_line='step=63000 eps=0.880 ep_reward=-0.04 buffer=63000'
last_line='update=379 step=97024 sps=61 mean_reward=-1.4289'
last_line='update=188 step=48128 sps=59 mean_reward=-1.6458'
last_line='step=63000 eps=0.880 ep_reward=-0.04 buffer=63000'
last_line='update=379 step=97024 sps=61 mean_reward=-1.4289'
last_line='update=188 step=48128 sps=59 mean_reward=-1.6458'
last_line='step=63000 eps=0.880 ep_reward=-0.04 buffer=63000'
last_line='update=380 step=97280 sps=61 mean_reward=-1.2501'
last_line='update=189 step=48384 sps=59 mean_reward=-1.5739'
last_line='step=63000 eps=0.880 ep_reward=-0.04 buffer=63000'
last_line='update=380 step=97280 sps=61 mean_reward=-1.2501'
last_line='update=189 step=48384 sps=59 mean_reward=-1.5739'
last_line='step=63000 eps=0.880 ep_reward=-0.04 buffer=63000'
last_line='update=381 step=97536 sps=61 mean_reward=-1.5194'
last_line='update=190 step=48640 sps=59 mean_reward=-1.5855'
last_line='step=64000 eps=0.878 ep_reward=-0.01 buffer=64000'
last_line='update=381 step=97536 sps=61 mean_reward=-1.5194'
last_line='update=190 step=48640 sps=59 mean_reward=-1.5855'
last_line='step=64000 eps=0.878 ep_reward=-0.01 buffer=64000'
last_line='update=382 step=97792 sps=61 mean_reward=-1.4710'
last_line='update=191 step=48896 sps=59 mean_reward=-1.5588'
last_line='step=64000 eps=0.878 ep_reward=-0.01 buffer=64000'
last_line='update=382 step=97792 sps=61 mean_reward=-1.4710'
last_line='update=191 step=48896 sps=59 mean_reward=-1.5588'
last_line='step=64000 eps=0.878 ep_reward=-0.01 buffer=64000'
last_line='update=383 step=98048 sps=61 mean_reward=-1.3703'
last_line='update=191 step=48896 sps=59 mean_reward=-1.5588'
last_line='step=64000 eps=0.878 ep_reward=-0.01 buffer=64000'
last_line='update=383 step=98048 sps=61 mean_reward=-1.3703'
last_line='update=192 step=49152 sps=59 mean_reward=-1.6178'
last_line='step=65000 eps=0.877 ep_reward=-10.03 buffer=65000'
last_line='update=384 step=98304 sps=61 mean_reward=-1.4950'
last_line='update=192 step=49152 sps=59 mean_reward=-1.6178'
last_line='step=65000 eps=0.877 ep_reward=-10.03 buffer=65000'
last_line='update=384 step=98304 sps=61 mean_reward=-1.4950'
last_line='update=193 step=49408 sps=59 mean_reward=-1.5857'
last_line='step=65000 eps=0.877 ep_reward=-10.03 buffer=65000'
last_line='update=385 step=98560 sps=61 mean_reward=-1.4296'
last_line='update=193 step=49408 sps=59 mean_reward=-1.5857'
last_line='step=65000 eps=0.877 ep_reward=-10.03 buffer=65000'
last_line='update=385 step=98560 sps=61 mean_reward=-1.4296'
last_line='update=194 step=49664 sps=59 mean_reward=-1.5523'
last_line='step=65000 eps=0.877 ep_reward=-10.03 buffer=65000'
last_line='update=386 step=98816 sps=61 mean_reward=-1.4400'
last_line='update=194 step=49664 sps=59 mean_reward=-1.5523'
last_line='step=65000 eps=0.877 ep_reward=-10.03 buffer=65000'
last_line='update=386 step=98816 sps=61 mean_reward=-1.4400'
last_line='update=195 step=49920 sps=59 mean_reward=-1.5369'
last_line='step=66000 eps=0.875 ep_reward=-0.01 buffer=66000'
last_line='update=387 step=99072 sps=61 mean_reward=-1.4572'
last_line='update=195 step=49920 sps=59 mean_reward=-1.5369'
last_line='step=66000 eps=0.875 ep_reward=-0.01 buffer=66000'
last_line='update=387 step=99072 sps=61 mean_reward=-1.4572'
last_line='update=196 step=50176 sps=59 mean_reward=-1.5185'
last_line='step=66000 eps=0.875 ep_reward=-0.01 buffer=66000'
last_line='update=388 step=99328 sps=61 mean_reward=-1.4035'
last_line='update=196 step=50176 sps=59 mean_reward=-1.5185'
last_line='step=66000 eps=0.875 ep_reward=-0.01 buffer=66000'
last_line='update=388 step=99328 sps=61 mean_reward=-1.4035'
last_line='update=197 step=50432 sps=59 mean_reward=-1.5103'
last_line='step=66000 eps=0.875 ep_reward=-0.01 buffer=66000'
last_line='update=389 step=99584 sps=61 mean_reward=-1.4925'
last_line='update=197 step=50432 sps=59 mean_reward=-1.5103'
last_line='step=66000 eps=0.875 ep_reward=-0.01 buffer=66000'
last_line='update=390 step=99840 sps=61 mean_reward=-1.4005'
last_line='update=198 step=50688 sps=59 mean_reward=-1.6130'
last_line='step=67000 eps=0.873 ep_reward=0.08 buffer=67000'
last_line='update=390 step=99840 sps=61 mean_reward=-1.4005'
last_line='update=198 step=50688 sps=59 mean_reward=-1.6130'
last_line='step=67000 eps=0.873 ep_reward=0.08 buffer=67000'
last_line='update=391 step=100096 sps=61 mean_reward=-1.2707'
last_line='update=199 step=50944 sps=59 mean_reward=-1.6167'
last_line='step=67000 eps=0.873 ep_reward=0.08 buffer=67000'
last_line='update=391 step=100096 sps=61 mean_reward=-1.2707'
last_line='update=199 step=50944 sps=59 mean_reward=-1.6167'
last_line='step=67000 eps=0.873 ep_reward=0.08 buffer=67000'
last_line='update=392 step=100352 sps=61 mean_reward=-1.3870'
last_line='update=200 step=51200 sps=59 mean_reward=-1.6332'
last_line='step=67000 eps=0.873 ep_reward=0.08 buffer=67000'
last_line='update=392 step=100352 sps=61 mean_reward=-1.3870'
last_line='update=200 step=51200 sps=59 mean_reward=-1.6332'
last_line='step=68000 eps=0.871 ep_reward=-0.01 buffer=68000'
last_line='update=393 step=100608 sps=61 mean_reward=-1.4583'
last_line='update=201 step=51456 sps=59 mean_reward=-1.5054'
last_line='step=68000 eps=0.871 ep_reward=-0.01 buffer=68000'
last_line='update=393 step=100608 sps=61 mean_reward=-1.4583'
last_line='update=201 step=51456 sps=59 mean_reward=-1.5054'
last_line='step=68000 eps=0.871 ep_reward=-0.01 buffer=68000'
last_line='update=394 step=100864 sps=61 mean_reward=-1.4751'
last_line='update=202 step=51712 sps=59 mean_reward=-1.4954'
last_line='step=68000 eps=0.871 ep_reward=-0.01 buffer=68000'
last_line='update=394 step=100864 sps=61 mean_reward=-1.4751'
last_line='update=202 step=51712 sps=59 mean_reward=-1.4954'
last_line='step=68000 eps=0.871 ep_reward=-0.01 buffer=68000'
last_line='update=395 step=101120 sps=61 mean_reward=-1.4506'
last_line='update=203 step=51968 sps=59 mean_reward=-1.5924'
last_line='step=69000 eps=0.869 ep_reward=-0.02 buffer=69000'
last_line='update=395 step=101120 sps=61 mean_reward=-1.4506'
last_line='update=203 step=51968 sps=59 mean_reward=-1.5924'
last_line='step=69000 eps=0.869 ep_reward=-0.02 buffer=69000'
last_line='update=396 step=101376 sps=61 mean_reward=-1.3686'
last_line='update=204 step=52224 sps=59 mean_reward=-1.4593'
last_line='step=69000 eps=0.869 ep_reward=-0.02 buffer=69000'
last_line='update=397 step=101632 sps=61 mean_reward=-1.5359'
last_line='update=204 step=52224 sps=59 mean_reward=-1.4593'
last_line='step=69000 eps=0.869 ep_reward=-0.02 buffer=69000'
last_line='update=397 step=101632 sps=61 mean_reward=-1.5359'
last_line='update=205 step=52480 sps=59 mean_reward=-1.4573'
last_line='step=69000 eps=0.869 ep_reward=-0.02 buffer=69000'
last_line='update=398 step=101888 sps=61 mean_reward=-1.5034'
last_line='update=205 step=52480 sps=59 mean_reward=-1.4573'
last_line='step=69000 eps=0.869 ep_reward=-0.02 buffer=69000'
last_line='update=398 step=101888 sps=61 mean_reward=-1.5034'
last_line='update=205 step=52480 sps=59 mean_reward=-1.4573'
last_line='step=70000 eps=0.867 ep_reward=-0.05 buffer=70000'
last_line='update=399 step=102144 sps=61 mean_reward=-1.5122'
last_line='update=206 step=52736 sps=59 mean_reward=-1.6540'
last_line='step=70000 eps=0.867 ep_reward=-0.05 buffer=70000'
last_line='update=399 step=102144 sps=61 mean_reward=-1.5122'
last_line='update=206 step=52736 sps=59 mean_reward=-1.6540'
last_line='step=70000 eps=0.867 ep_reward=-0.05 buffer=70000'
last_line='update=400 step=102400 sps=61 mean_reward=-1.2723'
last_line='update=207 step=52992 sps=59 mean_reward=-1.4951'
last_line='step=70000 eps=0.867 ep_reward=-0.05 buffer=70000'
last_line='update=400 step=102400 sps=61 mean_reward=-1.2723'
last_line='update=207 step=52992 sps=59 mean_reward=-1.4951'
last_line='step=70000 eps=0.867 ep_reward=-0.05 buffer=70000'
last_line='update=401 step=102656 sps=61 mean_reward=-1.4305'
last_line='update=208 step=53248 sps=59 mean_reward=-1.5814'
last_line='step=71000 eps=0.865 ep_reward=-0.04 buffer=71000'
last_line='update=401 step=102656 sps=61 mean_reward=-1.4305'
last_line='update=208 step=53248 sps=59 mean_reward=-1.5814'
last_line='step=71000 eps=0.865 ep_reward=-0.04 buffer=71000'
last_line='update=402 step=102912 sps=61 mean_reward=-1.4811'
last_line='update=208 step=53248 sps=59 mean_reward=-1.5814'
last_line='step=71000 eps=0.865 ep_reward=-0.04 buffer=71000'
last_line='update=402 step=102912 sps=61 mean_reward=-1.4811'
last_line='update=209 step=53504 sps=59 mean_reward=-1.5954'
last_line='step=71000 eps=0.865 ep_reward=-0.04 buffer=71000'
last_line='update=403 step=103168 sps=61 mean_reward=-1.3913'
last_line='update=209 step=53504 sps=59 mean_reward=-1.5954'
last_line='step=71000 eps=0.865 ep_reward=-0.04 buffer=71000'
last_line='update=403 step=103168 sps=61 mean_reward=-1.3913'
last_line='update=210 step=53760 sps=59 mean_reward=-1.5449'
last_line='step=71000 eps=0.865 ep_reward=-0.04 buffer=71000'
last_line='update=404 step=103424 sps=61 mean_reward=-1.3832'
last_line='update=210 step=53760 sps=59 mean_reward=-1.5449'
last_line='step=72000 eps=0.863 ep_reward=0.10 buffer=72000'
last_line='update=404 step=103424 sps=61 mean_reward=-1.3832'
last_line='update=211 step=54016 sps=59 mean_reward=-1.5777'
last_line='step=72000 eps=0.863 ep_reward=0.10 buffer=72000'
last_line='update=405 step=103680 sps=61 mean_reward=-1.3453'
last_line='update=211 step=54016 sps=59 mean_reward=-1.5777'
last_line='step=72000 eps=0.863 ep_reward=0.10 buffer=72000'
last_line='update=405 step=103680 sps=61 mean_reward=-1.3453'
last_line='update=212 step=54272 sps=59 mean_reward=-1.4190'
last_line='step=72000 eps=0.863 ep_reward=0.10 buffer=72000'
last_line='update=406 step=103936 sps=61 mean_reward=-1.3557'
last_line='update=212 step=54272 sps=59 mean_reward=-1.4190'
last_line='step=72000 eps=0.863 ep_reward=0.10 buffer=72000'
last_line='update=406 step=103936 sps=61 mean_reward=-1.3557'
last_line='update=212 step=54272 sps=59 mean_reward=-1.4190'
last_line='step=73000 eps=0.861 ep_reward=0.10 buffer=73000'
last_line='update=407 step=104192 sps=61 mean_reward=-1.4035'
last_line='update=213 step=54528 sps=59 mean_reward=-1.3112'
last_line='step=73000 eps=0.861 ep_reward=0.10 buffer=73000'
last_line='update=407 step=104192 sps=61 mean_reward=-1.4035'
last_line='update=213 step=54528 sps=59 mean_reward=-1.3112'
last_line='step=73000 eps=0.861 ep_reward=0.10 buffer=73000'
last_line='update=408 step=104448 sps=61 mean_reward=-1.4135'
last_line='update=214 step=54784 sps=59 mean_reward=-1.5570'
last_line='step=73000 eps=0.861 ep_reward=0.10 buffer=73000'
last_line='update=408 step=104448 sps=61 mean_reward=-1.4135'
last_line='update=214 step=54784 sps=59 mean_reward=-1.5570'
last_line='step=73000 eps=0.861 ep_reward=0.10 buffer=73000'
last_line='update=409 step=104704 sps=61 mean_reward=-1.5617'
last_line='update=215 step=55040 sps=59 mean_reward=-1.5743'
last_line='step=74000 eps=0.859 ep_reward=-9.00 buffer=74000'
last_line='update=409 step=104704 sps=61 mean_reward=-1.5617'
last_line='update=215 step=55040 sps=59 mean_reward=-1.5743'
last_line='step=74000 eps=0.859 ep_reward=-9.00 buffer=74000'
last_line='update=410 step=104960 sps=61 mean_reward=-1.5100'
last_line='update=216 step=55296 sps=59 mean_reward=-1.4359'
last_line='step=74000 eps=0.859 ep_reward=-9.00 buffer=74000'
last_line='update=410 step=104960 sps=61 mean_reward=-1.5100'
last_line='update=216 step=55296 sps=59 mean_reward=-1.4359'
last_line='step=74000 eps=0.859 ep_reward=-9.00 buffer=74000'
last_line='update=411 step=105216 sps=61 mean_reward=-1.3551'
last_line='update=217 step=55552 sps=59 mean_reward=-1.5377'
last_line='step=74000 eps=0.859 ep_reward=-9.00 buffer=74000'
last_line='update=411 step=105216 sps=61 mean_reward=-1.3551'
last_line='update=217 step=55552 sps=59 mean_reward=-1.5377'
last_line='step=74000 eps=0.859 ep_reward=-9.00 buffer=74000'
last_line='update=412 step=105472 sps=61 mean_reward=-1.4236'
last_line='update=217 step=55552 sps=59 mean_reward=-1.5377'
last_line='step=75000 eps=0.858 ep_reward=0.07 buffer=75000'
last_line='update=412 step=105472 sps=61 mean_reward=-1.4236'
last_line='update=218 step=55808 sps=59 mean_reward=-1.5414'
last_line='step=75000 eps=0.858 ep_reward=0.07 buffer=75000'
last_line='update=413 step=105728 sps=61 mean_reward=-1.4350'
last_line='update=218 step=55808 sps=59 mean_reward=-1.5414'
last_line='step=75000 eps=0.858 ep_reward=0.07 buffer=75000'
last_line='update=413 step=105728 sps=61 mean_reward=-1.4350'
last_line='update=219 step=56064 sps=59 mean_reward=-1.5802'
last_line='step=75000 eps=0.858 ep_reward=0.07 buffer=75000'
last_line='update=414 step=105984 sps=61 mean_reward=-1.4586'
last_line='update=219 step=56064 sps=59 mean_reward=-1.5802'
last_line='step=75000 eps=0.858 ep_reward=0.07 buffer=75000'
last_line='update=414 step=105984 sps=61 mean_reward=-1.4586'
last_line='update=220 step=56320 sps=59 mean_reward=-1.5165'
last_line='step=76000 eps=0.856 ep_reward=-0.01 buffer=76000'
last_line='update=415 step=106240 sps=61 mean_reward=-1.4861'
last_line='update=220 step=56320 sps=59 mean_reward=-1.5165'
last_line='step=76000 eps=0.856 ep_reward=-0.01 buffer=76000'
last_line='update=415 step=106240 sps=61 mean_reward=-1.4861'
last_line='update=221 step=56576 sps=59 mean_reward=-1.4199'
last_line='step=76000 eps=0.856 ep_reward=-0.01 buffer=76000'
last_line='update=416 step=106496 sps=61 mean_reward=-1.4563'
last_line='update=221 step=56576 sps=59 mean_reward=-1.4199'
last_line='step=76000 eps=0.856 ep_reward=-0.01 buffer=76000'
last_line='update=416 step=106496 sps=61 mean_reward=-1.4563'
last_line='update=222 step=56832 sps=59 mean_reward=-1.5214'
last_line='step=76000 eps=0.856 ep_reward=-0.01 buffer=76000'
last_line='update=417 step=106752 sps=61 mean_reward=-1.4778'
last_line='update=222 step=56832 sps=59 mean_reward=-1.5214'
last_line='step=76000 eps=0.856 ep_reward=-0.01 buffer=76000'
last_line='update=417 step=106752 sps=61 mean_reward=-1.4778'
last_line='update=223 step=57088 sps=59 mean_reward=-1.3947'
last_line='step=77000 eps=0.854 ep_reward=-9.40 buffer=77000'
last_line='update=418 step=107008 sps=61 mean_reward=-1.5333'
last_line='update=223 step=57088 sps=59 mean_reward=-1.3947'
last_line='step=77000 eps=0.854 ep_reward=-9.40 buffer=77000'
last_line='update=418 step=107008 sps=61 mean_reward=-1.5333'
last_line='update=224 step=57344 sps=59 mean_reward=-1.6035'
last_line='step=77000 eps=0.854 ep_reward=-9.40 buffer=77000'
last_line='update=419 step=107264 sps=61 mean_reward=-1.4725'
last_line='update=224 step=57344 sps=59 mean_reward=-1.6035'
last_line='step=77000 eps=0.854 ep_reward=-9.40 buffer=77000'
last_line='update=419 step=107264 sps=61 mean_reward=-1.4725'
last_line='update=224 step=57344 sps=59 mean_reward=-1.6035'
last_line='step=77000 eps=0.854 ep_reward=-9.40 buffer=77000'
last_line='update=419 step=107264 sps=61 mean_reward=-1.4725'
last_line='update=225 step=57600 sps=59 mean_reward=-1.4558'
last_line='step=78000 eps=0.852 ep_reward=0.46 buffer=78000'
last_line='update=420 step=107520 sps=61 mean_reward=-1.4194'
last_line='update=225 step=57600 sps=59 mean_reward=-1.4558'
last_line='step=78000 eps=0.852 ep_reward=0.46 buffer=78000'
last_line='update=420 step=107520 sps=61 mean_reward=-1.4194'
last_line='update=226 step=57856 sps=59 mean_reward=-1.4319'
last_line='step=78000 eps=0.852 ep_reward=0.46 buffer=78000'
last_line='update=421 step=107776 sps=61 mean_reward=-1.4350'
last_line='update=226 step=57856 sps=59 mean_reward=-1.4319'
last_line='step=78000 eps=0.852 ep_reward=0.46 buffer=78000'
last_line='update=421 step=107776 sps=61 mean_reward=-1.4350'
last_line='update=227 step=58112 sps=59 mean_reward=-1.4902'
last_line='step=78000 eps=0.852 ep_reward=0.46 buffer=78000'
last_line='update=422 step=108032 sps=61 mean_reward=-1.3098'
last_line='update=227 step=58112 sps=59 mean_reward=-1.4902'
last_line='step=79000 eps=0.850 ep_reward=-0.02 buffer=79000'
last_line='update=422 step=108032 sps=61 mean_reward=-1.3098'
last_line='update=228 step=58368 sps=59 mean_reward=-1.5421'
last_line='step=79000 eps=0.850 ep_reward=-0.02 buffer=79000'
last_line='update=423 step=108288 sps=61 mean_reward=-1.4428'
last_line='update=228 step=58368 sps=59 mean_reward=-1.5421'
last_line='step=79000 eps=0.850 ep_reward=-0.02 buffer=79000'
last_line='update=423 step=108288 sps=61 mean_reward=-1.4428'
last_line='update=228 step=58368 sps=59 mean_reward=-1.5421'
last_line='step=79000 eps=0.850 ep_reward=-0.02 buffer=79000'
last_line='update=424 step=108544 sps=61 mean_reward=-1.4117'
last_line='update=229 step=58624 sps=59 mean_reward=-1.3943'
last_line='step=79000 eps=0.850 ep_reward=-0.02 buffer=79000'
last_line='update=425 step=108800 sps=61 mean_reward=-1.4477'
last_line='update=229 step=58624 sps=59 mean_reward=-1.3943'
last_line='step=79000 eps=0.850 ep_reward=-0.02 buffer=79000'
last_line='update=425 step=108800 sps=61 mean_reward=-1.4477'
last_line='update=230 step=58880 sps=59 mean_reward=-1.5262'
last_line='step=80000 eps=0.848 ep_reward=-0.06 buffer=80000'
last_line='update=426 step=109056 sps=61 mean_reward=-1.2773'
last_line='update=230 step=58880 sps=59 mean_reward=-1.5262'
last_line='step=80000 eps=0.848 ep_reward=-0.06 buffer=80000'
last_line='update=426 step=109056 sps=61 mean_reward=-1.2773'
last_line='update=230 step=58880 sps=59 mean_reward=-1.5262'
last_line='step=80000 eps=0.848 ep_reward=-0.06 buffer=80000'
last_line='update=427 step=109312 sps=61 mean_reward=-1.4067'
last_line='update=231 step=59136 sps=59 mean_reward=-1.5814'
last_line='step=80000 eps=0.848 ep_reward=-0.06 buffer=80000'
last_line='update=427 step=109312 sps=61 mean_reward=-1.4067'
last_line='update=231 step=59136 sps=59 mean_reward=-1.5814'
last_line='step=80000 eps=0.848 ep_reward=-0.06 buffer=80000'
last_line='update=428 step=109568 sps=61 mean_reward=-1.3054'
last_line='update=232 step=59392 sps=59 mean_reward=-1.5265'
last_line='step=81000 eps=0.846 ep_reward=-0.02 buffer=81000'
last_line='update=428 step=109568 sps=61 mean_reward=-1.3054'
last_line='update=232 step=59392 sps=59 mean_reward=-1.5265'
last_line='step=81000 eps=0.846 ep_reward=-0.02 buffer=81000'
last_line='update=429 step=109824 sps=61 mean_reward=-1.3815'
last_line='update=233 step=59648 sps=59 mean_reward=-1.5793'
last_line='step=81000 eps=0.846 ep_reward=-0.02 buffer=81000'
last_line='update=429 step=109824 sps=61 mean_reward=-1.3815'
last_line='update=233 step=59648 sps=59 mean_reward=-1.5793'
last_line='step=81000 eps=0.846 ep_reward=-0.02 buffer=81000'
last_line='update=430 step=110080 sps=61 mean_reward=-1.4290'
last_line='update=233 step=59648 sps=59 mean_reward=-1.5793'
last_line='step=81000 eps=0.846 ep_reward=-0.02 buffer=81000'
last_line='update=430 step=110080 sps=61 mean_reward=-1.4290'
last_line='update=234 step=59904 sps=59 mean_reward=-1.4542'
last_line='step=81000 eps=0.846 ep_reward=-0.02 buffer=81000'
last_line='update=430 step=110080 sps=61 mean_reward=-1.4290'
last_line='update=234 step=59904 sps=59 mean_reward=-1.4542'
last_line='step=82000 eps=0.844 ep_reward=0.10 buffer=82000'
last_line='update=431 step=110336 sps=61 mean_reward=-1.4587'
last_line='update=235 step=60160 sps=59 mean_reward=-1.4683'
last_line='step=82000 eps=0.844 ep_reward=0.10 buffer=82000'
last_line='update=432 step=110592 sps=61 mean_reward=-1.5116'
last_line='update=235 step=60160 sps=59 mean_reward=-1.4683'
last_line='step=82000 eps=0.844 ep_reward=0.10 buffer=82000'
last_line='update=432 step=110592 sps=61 mean_reward=-1.5116'
last_line='update=236 step=60416 sps=58 mean_reward=-1.3767'
last_line='step=82000 eps=0.844 ep_reward=0.10 buffer=82000'
last_line='update=432 step=110592 sps=61 mean_reward=-1.5116'
last_line='update=236 step=60416 sps=58 mean_reward=-1.3767'
last_line='step=82000 eps=0.844 ep_reward=0.10 buffer=82000'
last_line='update=433 step=110848 sps=61 mean_reward=-1.2997'
last_line='update=236 step=60416 sps=58 mean_reward=-1.3767'
last_line='step=83000 eps=0.842 ep_reward=0.62 buffer=83000'
last_line='update=433 step=110848 sps=61 mean_reward=-1.2997'
last_line='update=237 step=60672 sps=58 mean_reward=-1.5360'
last_line='step=83000 eps=0.842 ep_reward=0.62 buffer=83000'
last_line='update=434 step=111104 sps=61 mean_reward=-1.3371'
last_line='update=237 step=60672 sps=58 mean_reward=-1.5360'
last_line='step=83000 eps=0.842 ep_reward=0.62 buffer=83000'
last_line='update=434 step=111104 sps=61 mean_reward=-1.3371'
last_line='update=238 step=60928 sps=58 mean_reward=-1.5140'
last_line='step=83000 eps=0.842 ep_reward=0.62 buffer=83000'
last_line='update=435 step=111360 sps=61 mean_reward=-1.4458'
last_line='update=238 step=60928 sps=58 mean_reward=-1.5140'
last_line='step=83000 eps=0.842 ep_reward=0.62 buffer=83000'
last_line='update=435 step=111360 sps=61 mean_reward=-1.4458'
last_line='update=239 step=61184 sps=58 mean_reward=-1.5696'
last_line='step=84000 eps=0.840 ep_reward=0.39 buffer=84000'
last_line='update=436 step=111616 sps=61 mean_reward=-1.2381'
last_line='update=239 step=61184 sps=58 mean_reward=-1.5696'
last_line='step=84000 eps=0.840 ep_reward=0.39 buffer=84000'
last_line='update=436 step=111616 sps=61 mean_reward=-1.2381'
last_line='update=240 step=61440 sps=58 mean_reward=-1.4069'
last_line='step=84000 eps=0.840 ep_reward=0.39 buffer=84000'
last_line='update=437 step=111872 sps=61 mean_reward=-1.3661'
last_line='update=240 step=61440 sps=58 mean_reward=-1.4069'
last_line='step=84000 eps=0.840 ep_reward=0.39 buffer=84000'
last_line='update=437 step=111872 sps=61 mean_reward=-1.3661'
last_line='update=240 step=61440 sps=58 mean_reward=-1.4069'
last_line='step=84000 eps=0.840 ep_reward=0.39 buffer=84000'
last_line='update=438 step=112128 sps=61 mean_reward=-1.5800'
last_line='update=241 step=61696 sps=58 mean_reward=-1.4380'
last_line='step=85000 eps=0.839 ep_reward=-0.06 buffer=85000'
last_line='update=438 step=112128 sps=61 mean_reward=-1.5800'
last_line='update=241 step=61696 sps=58 mean_reward=-1.4380'
last_line='step=85000 eps=0.839 ep_reward=-0.06 buffer=85000'
last_line='update=439 step=112384 sps=61 mean_reward=-1.4200'
last_line='update=242 step=61952 sps=58 mean_reward=-1.5057'
last_line='step=85000 eps=0.839 ep_reward=-0.06 buffer=85000'
last_line='update=439 step=112384 sps=61 mean_reward=-1.4200'
last_line='update=242 step=61952 sps=58 mean_reward=-1.5057'
last_line='step=85000 eps=0.839 ep_reward=-0.06 buffer=85000'
last_line='update=440 step=112640 sps=61 mean_reward=-1.4714'
last_line='update=242 step=61952 sps=58 mean_reward=-1.5057'
last_line='step=85000 eps=0.839 ep_reward=-0.06 buffer=85000'
last_line='update=440 step=112640 sps=61 mean_reward=-1.4714'
last_line='update=243 step=62208 sps=58 mean_reward=-1.5428'
last_line='step=85000 eps=0.839 ep_reward=-0.06 buffer=85000'
last_line='update=441 step=112896 sps=61 mean_reward=-1.4758'
last_line='update=243 step=62208 sps=58 mean_reward=-1.5428'
last_line='step=86000 eps=0.837 ep_reward=-0.01 buffer=86000'
last_line='update=441 step=112896 sps=61 mean_reward=-1.4758'
last_line='update=244 step=62464 sps=58 mean_reward=-1.4633'
last_line='step=86000 eps=0.837 ep_reward=-0.01 buffer=86000'
last_line='update=442 step=113152 sps=61 mean_reward=-1.3705'
last_line='update=244 step=62464 sps=58 mean_reward=-1.4633'
last_line='step=86000 eps=0.837 ep_reward=-0.01 buffer=86000'
last_line='update=442 step=113152 sps=61 mean_reward=-1.3705'
last_line='update=245 step=62720 sps=58 mean_reward=-1.5581'
last_line='step=86000 eps=0.837 ep_reward=-0.01 buffer=86000'
last_line='update=443 step=113408 sps=61 mean_reward=-1.4282'
last_line='update=245 step=62720 sps=58 mean_reward=-1.5581'
last_line='step=86000 eps=0.837 ep_reward=-0.01 buffer=86000'
last_line='update=443 step=113408 sps=61 mean_reward=-1.4282'
last_line='update=246 step=62976 sps=58 mean_reward=-1.4733'
last_line='step=87000 eps=0.835 ep_reward=-0.02 buffer=87000'
last_line='update=444 step=113664 sps=61 mean_reward=-1.4257'
last_line='update=246 step=62976 sps=58 mean_reward=-1.4733'
last_line='step=87000 eps=0.835 ep_reward=-0.02 buffer=87000'
last_line='update=444 step=113664 sps=61 mean_reward=-1.4257'
last_line='update=247 step=63232 sps=58 mean_reward=-1.5181'
last_line='step=87000 eps=0.835 ep_reward=-0.02 buffer=87000'
last_line='update=445 step=113920 sps=61 mean_reward=-1.5236'
last_line='update=247 step=63232 sps=58 mean_reward=-1.5181'
last_line='step=87000 eps=0.835 ep_reward=-0.02 buffer=87000'
last_line='update=445 step=113920 sps=61 mean_reward=-1.5236'
last_line='update=247 step=63232 sps=58 mean_reward=-1.5181'
last_line='step=87000 eps=0.835 ep_reward=-0.02 buffer=87000'
last_line='update=446 step=114176 sps=61 mean_reward=-1.5439'
last_line='update=248 step=63488 sps=58 mean_reward=-1.5521'
last_line='step=87000 eps=0.835 ep_reward=-0.02 buffer=87000'
last_line='update=446 step=114176 sps=61 mean_reward=-1.5439'
last_line='update=248 step=63488 sps=58 mean_reward=-1.5521'
last_line='step=88000 eps=0.833 ep_reward=-9.93 buffer=88000'
last_line='update=447 step=114432 sps=61 mean_reward=-1.3799'
last_line='update=249 step=63744 sps=58 mean_reward=-1.6139'
last_line='step=88000 eps=0.833 ep_reward=-9.93 buffer=88000'
last_line='update=447 step=114432 sps=61 mean_reward=-1.3799'
last_line='update=249 step=63744 sps=58 mean_reward=-1.6139'
last_line='step=88000 eps=0.833 ep_reward=-9.93 buffer=88000'
last_line='update=448 step=114688 sps=61 mean_reward=-1.3887'
last_line='update=250 step=64000 sps=58 mean_reward=-1.5235'
last_line='step=88000 eps=0.833 ep_reward=-9.93 buffer=88000'
last_line='update=448 step=114688 sps=61 mean_reward=-1.3887'
last_line='update=250 step=64000 sps=58 mean_reward=-1.5235'
last_line='step=88000 eps=0.833 ep_reward=-9.93 buffer=88000'
last_line='update=448 step=114688 sps=61 mean_reward=-1.3887'
last_line='update=250 step=64000 sps=58 mean_reward=-1.5235'
last_line='step=89000 eps=0.831 ep_reward=-0.01 buffer=89000'
last_line='update=449 step=114944 sps=61 mean_reward=-1.2952'
last_line='update=251 step=64256 sps=58 mean_reward=-1.5123'
last_line='step=89000 eps=0.831 ep_reward=-0.01 buffer=89000'
last_line='update=449 step=114944 sps=61 mean_reward=-1.2952'
last_line='update=251 step=64256 sps=58 mean_reward=-1.5123'
last_line='step=89000 eps=0.831 ep_reward=-0.01 buffer=89000'
last_line='update=450 step=115200 sps=61 mean_reward=-1.4347'
last_line='update=252 step=64512 sps=58 mean_reward=-1.5566'
last_line='step=89000 eps=0.831 ep_reward=-0.01 buffer=89000'
last_line='update=450 step=115200 sps=61 mean_reward=-1.4347'
last_line='update=252 step=64512 sps=58 mean_reward=-1.5566'
last_line='step=89000 eps=0.831 ep_reward=-0.01 buffer=89000'
last_line='update=451 step=115456 sps=61 mean_reward=-1.4785'
last_line='update=253 step=64768 sps=58 mean_reward=-1.5960'
last_line='step=90000 eps=0.829 ep_reward=1.05 buffer=90000'
last_line='update=451 step=115456 sps=61 mean_reward=-1.4785'
last_line='update=253 step=64768 sps=58 mean_reward=-1.5960'
last_line='step=90000 eps=0.829 ep_reward=1.05 buffer=90000'
last_line='update=452 step=115712 sps=61 mean_reward=-1.3811'
last_line='update=254 step=65024 sps=58 mean_reward=-1.5155'
last_line='step=90000 eps=0.829 ep_reward=1.05 buffer=90000'
last_line='update=452 step=115712 sps=61 mean_reward=-1.3811'
last_line='update=254 step=65024 sps=58 mean_reward=-1.5155'
last_line='step=90000 eps=0.829 ep_reward=1.05 buffer=90000'
last_line='update=453 step=115968 sps=61 mean_reward=-1.4618'
last_line='update=254 step=65024 sps=58 mean_reward=-1.5155'
last_line='step=90000 eps=0.829 ep_reward=1.05 buffer=90000'
last_line='update=453 step=115968 sps=61 mean_reward=-1.4618'
last_line='update=255 step=65280 sps=58 mean_reward=-1.5661'
last_line='step=90000 eps=0.829 ep_reward=1.05 buffer=90000'
last_line='update=454 step=116224 sps=61 mean_reward=-1.4025'
last_line='update=255 step=65280 sps=58 mean_reward=-1.5661'
last_line='step=90000 eps=0.829 ep_reward=1.05 buffer=90000'
last_line='update=454 step=116224 sps=61 mean_reward=-1.4025'
last_line='update=256 step=65536 sps=58 mean_reward=-1.5035'
last_line='step=91000 eps=0.827 ep_reward=-0.01 buffer=91000'
last_line='update=455 step=116480 sps=61 mean_reward=-1.4653'
last_line='update=256 step=65536 sps=58 mean_reward=-1.5035'
last_line='step=91000 eps=0.827 ep_reward=-0.01 buffer=91000'
last_line='update=455 step=116480 sps=61 mean_reward=-1.4653'
last_line='update=257 step=65792 sps=58 mean_reward=-1.4412'
last_line='step=91000 eps=0.827 ep_reward=-0.01 buffer=91000'
last_line='update=455 step=116480 sps=61 mean_reward=-1.4653'
last_line='update=257 step=65792 sps=58 mean_reward=-1.4412'
last_line='step=91000 eps=0.827 ep_reward=-0.01 buffer=91000'
last_line='update=456 step=116736 sps=61 mean_reward=-1.3666'
last_line='update=258 step=66048 sps=58 mean_reward=-1.4180'
last_line='step=91000 eps=0.827 ep_reward=-0.01 buffer=91000'
last_line='update=456 step=116736 sps=61 mean_reward=-1.3666'
last_line='update=258 step=66048 sps=58 mean_reward=-1.4180'
last_line='step=92000 eps=0.825 ep_reward=0.98 buffer=92000'
last_line='update=457 step=116992 sps=61 mean_reward=-1.3746'
last_line='update=259 step=66304 sps=58 mean_reward=-1.4358'
last_line='step=92000 eps=0.825 ep_reward=0.98 buffer=92000'
last_line='update=457 step=116992 sps=61 mean_reward=-1.3746'
last_line='update=259 step=66304 sps=58 mean_reward=-1.4358'
last_line='step=92000 eps=0.825 ep_reward=0.98 buffer=92000'
last_line='update=458 step=117248 sps=61 mean_reward=-1.3732'
last_line='update=259 step=66304 sps=58 mean_reward=-1.4358'
last_line='step=92000 eps=0.825 ep_reward=0.98 buffer=92000'
last_line='update=458 step=117248 sps=61 mean_reward=-1.3732'
last_line='update=260 step=66560 sps=58 mean_reward=-1.4747'
last_line='step=92000 eps=0.825 ep_reward=0.98 buffer=92000'
last_line='update=459 step=117504 sps=61 mean_reward=-1.4938'
last_line='update=260 step=66560 sps=58 mean_reward=-1.4747'
last_line='step=93000 eps=0.823 ep_reward=-0.02 buffer=93000'
last_line='update=459 step=117504 sps=61 mean_reward=-1.4938'
last_line='update=261 step=66816 sps=58 mean_reward=-1.3502'
last_line='step=93000 eps=0.823 ep_reward=-0.02 buffer=93000'
last_line='update=460 step=117760 sps=61 mean_reward=-1.4402'
last_line='update=261 step=66816 sps=58 mean_reward=-1.3502'
last_line='step=93000 eps=0.823 ep_reward=-0.02 buffer=93000'
last_line='update=460 step=117760 sps=61 mean_reward=-1.4402'
last_line='update=262 step=67072 sps=58 mean_reward=-1.6523'
last_line='step=93000 eps=0.823 ep_reward=-0.02 buffer=93000'
last_line='update=461 step=118016 sps=61 mean_reward=-1.5206'
last_line='update=262 step=67072 sps=58 mean_reward=-1.6523'
last_line='step=93000 eps=0.823 ep_reward=-0.02 buffer=93000'
last_line='update=461 step=118016 sps=61 mean_reward=-1.5206'
last_line='update=263 step=67328 sps=58 mean_reward=-1.4688'
last_line='step=94000 eps=0.821 ep_reward=0.37 buffer=94000'
last_line='update=462 step=118272 sps=61 mean_reward=-1.3013'
last_line='update=263 step=67328 sps=58 mean_reward=-1.4688'
last_line='step=94000 eps=0.821 ep_reward=0.37 buffer=94000'
last_line='update=462 step=118272 sps=61 mean_reward=-1.3013'
last_line='update=264 step=67584 sps=58 mean_reward=-1.5228'
last_line='step=94000 eps=0.821 ep_reward=0.37 buffer=94000'
last_line='update=463 step=118528 sps=61 mean_reward=-1.5214'
last_line='update=264 step=67584 sps=58 mean_reward=-1.5228'
last_line='step=94000 eps=0.821 ep_reward=0.37 buffer=94000'
last_line='update=463 step=118528 sps=61 mean_reward=-1.5214'
last_line='update=265 step=67840 sps=58 mean_reward=-1.4319'
last_line='step=94000 eps=0.821 ep_reward=0.37 buffer=94000'
last_line='update=463 step=118528 sps=61 mean_reward=-1.5214'
last_line='update=265 step=67840 sps=58 mean_reward=-1.4319'
last_line='step=94000 eps=0.821 ep_reward=0.37 buffer=94000'
last_line='update=464 step=118784 sps=61 mean_reward=-1.4063'
last_line='update=266 step=68096 sps=58 mean_reward=-1.4771'
last_line='step=95000 eps=0.820 ep_reward=-10.03 buffer=95000'
last_line='update=464 step=118784 sps=61 mean_reward=-1.4063'
last_line='update=266 step=68096 sps=58 mean_reward=-1.4771'
last_line='step=95000 eps=0.820 ep_reward=-10.03 buffer=95000'
last_line='update=465 step=119040 sps=61 mean_reward=-1.3307'
last_line='update=266 step=68096 sps=58 mean_reward=-1.4771'
last_line='step=95000 eps=0.820 ep_reward=-10.03 buffer=95000'
last_line='update=465 step=119040 sps=61 mean_reward=-1.3307'
last_line='update=267 step=68352 sps=58 mean_reward=-1.4990'
last_line='step=95000 eps=0.820 ep_reward=-10.03 buffer=95000'
last_line='update=466 step=119296 sps=61 mean_reward=-1.3119'
last_line='update=267 step=68352 sps=58 mean_reward=-1.4990'
last_line='step=95000 eps=0.820 ep_reward=-10.03 buffer=95000'
last_line='update=466 step=119296 sps=61 mean_reward=-1.3119'
last_line='update=268 step=68608 sps=58 mean_reward=-1.5151'
last_line='step=95000 eps=0.820 ep_reward=-10.03 buffer=95000'
last_line='update=467 step=119552 sps=61 mean_reward=-1.4937'
last_line='update=268 step=68608 sps=58 mean_reward=-1.5151'
last_line='step=96000 eps=0.818 ep_reward=0.45 buffer=96000'
last_line='update=467 step=119552 sps=61 mean_reward=-1.4937'
last_line='update=269 step=68864 sps=58 mean_reward=-1.4898'
last_line='step=96000 eps=0.818 ep_reward=0.45 buffer=96000'
last_line='update=468 step=119808 sps=61 mean_reward=-1.3777'
last_line='update=269 step=68864 sps=58 mean_reward=-1.4898'
last_line='step=96000 eps=0.818 ep_reward=0.45 buffer=96000'
last_line='update=468 step=119808 sps=61 mean_reward=-1.3777'
last_line='update=270 step=69120 sps=58 mean_reward=-1.5381'
last_line='step=96000 eps=0.818 ep_reward=0.45 buffer=96000'
last_line='update=469 step=120064 sps=61 mean_reward=-1.4593'
last_line='update=270 step=69120 sps=58 mean_reward=-1.5381'
last_line='step=96000 eps=0.818 ep_reward=0.45 buffer=96000'
last_line='update=469 step=120064 sps=61 mean_reward=-1.4593'
last_line='update=271 step=69376 sps=58 mean_reward=-1.4419'
last_line='step=97000 eps=0.816 ep_reward=0.07 buffer=97000'
last_line='update=470 step=120320 sps=61 mean_reward=-1.3951'
last_line='update=271 step=69376 sps=58 mean_reward=-1.4419'
last_line='step=97000 eps=0.816 ep_reward=0.07 buffer=97000'
last_line='update=470 step=120320 sps=61 mean_reward=-1.3951'
last_line='update=272 step=69632 sps=58 mean_reward=-1.4205'
last_line='step=97000 eps=0.816 ep_reward=0.07 buffer=97000'
last_line='update=470 step=120320 sps=61 mean_reward=-1.3951'
last_line='update=272 step=69632 sps=58 mean_reward=-1.4205'
last_line='step=97000 eps=0.816 ep_reward=0.07 buffer=97000'
last_line='update=471 step=120576 sps=61 mean_reward=-1.4244'
last_line='update=272 step=69632 sps=58 mean_reward=-1.4205'
last_line='step=97000 eps=0.816 ep_reward=0.07 buffer=97000'
last_line='update=471 step=120576 sps=61 mean_reward=-1.4244'
last_line='update=273 step=69888 sps=58 mean_reward=-1.3650'
last_line='step=98000 eps=0.814 ep_reward=-0.03 buffer=98000'
last_line='update=472 step=120832 sps=61 mean_reward=-1.4086'
last_line='update=273 step=69888 sps=58 mean_reward=-1.3650'
last_line='step=98000 eps=0.814 ep_reward=-0.03 buffer=98000'
last_line='update=472 step=120832 sps=61 mean_reward=-1.4086'
last_line='update=274 step=70144 sps=58 mean_reward=-1.6048'
last_line='step=98000 eps=0.814 ep_reward=-0.03 buffer=98000'
last_line='update=473 step=121088 sps=61 mean_reward=-1.4599'
last_line='update=274 step=70144 sps=58 mean_reward=-1.6048'
last_line='step=98000 eps=0.814 ep_reward=-0.03 buffer=98000'
last_line='update=473 step=121088 sps=61 mean_reward=-1.4599'
last_line='update=275 step=70400 sps=58 mean_reward=-1.5476'
last_line='step=98000 eps=0.814 ep_reward=-0.03 buffer=98000'
last_line='update=474 step=121344 sps=61 mean_reward=-1.4589'
last_line='update=275 step=70400 sps=58 mean_reward=-1.5476'
last_line='step=98000 eps=0.814 ep_reward=-0.03 buffer=98000'
last_line='update=474 step=121344 sps=61 mean_reward=-1.4589'
last_line='update=275 step=70400 sps=58 mean_reward=-1.5476'
last_line='step=99000 eps=0.812 ep_reward=0.45 buffer=99000'
last_line='update=475 step=121600 sps=61 mean_reward=-1.4008'
last_line='update=276 step=70656 sps=58 mean_reward=-1.3428'
last_line='step=99000 eps=0.812 ep_reward=0.45 buffer=99000'
last_line='update=475 step=121600 sps=61 mean_reward=-1.4008'
last_line='update=276 step=70656 sps=58 mean_reward=-1.3428'
last_line='step=99000 eps=0.812 ep_reward=0.45 buffer=99000'
last_line='update=476 step=121856 sps=61 mean_reward=-1.4924'
last_line='update=277 step=70912 sps=58 mean_reward=-1.4684'
last_line='step=99000 eps=0.812 ep_reward=0.45 buffer=99000'
last_line='update=476 step=121856 sps=61 mean_reward=-1.4924'
last_line='update=277 step=70912 sps=58 mean_reward=-1.4684'
last_line='step=99000 eps=0.812 ep_reward=0.45 buffer=99000'
last_line='update=477 step=122112 sps=61 mean_reward=-1.4668'
last_line='update=277 step=70912 sps=58 mean_reward=-1.4684'
last_line='step=100000 eps=0.810 ep_reward=-0.05 buffer=100000'
last_line='update=477 step=122112 sps=61 mean_reward=-1.4668'
last_line='update=278 step=71168 sps=58 mean_reward=-1.3579'
last_line='step=100000 eps=0.810 ep_reward=-0.05 buffer=100000'
last_line='update=478 step=122368 sps=61 mean_reward=-1.3539'
last_line='update=278 step=71168 sps=58 mean_reward=-1.3579'
last_line='step=100000 eps=0.810 ep_reward=-0.05 buffer=100000'
last_line='update=478 step=122368 sps=61 mean_reward=-1.3539'
last_line='update=279 step=71424 sps=58 mean_reward=-1.4164'
last_line='step=100000 eps=0.810 ep_reward=-0.05 buffer=100000'
last_line='update=479 step=122624 sps=61 mean_reward=-1.3536'
last_line='update=279 step=71424 sps=58 mean_reward=-1.4164'
last_line='step=100000 eps=0.810 ep_reward=-0.05 buffer=100000'
last_line='update=479 step=122624 sps=61 mean_reward=-1.3536'
last_line='update=280 step=71680 sps=58 mean_reward=-1.3447'
last_line='step=100000 eps=0.810 ep_reward=-0.05 buffer=100000'
last_line='update=480 step=122880 sps=61 mean_reward=-1.4647'
last_line='update=280 step=71680 sps=58 mean_reward=-1.3447'
last_line='step=100000 eps=0.810 ep_reward=-0.05 buffer=100000'
last_line='update=480 step=122880 sps=61 mean_reward=-1.4647'
last_line='update=280 step=71680 sps=58 mean_reward=-1.3447'
last_line='step=100000 eps=0.810 ep_reward=-0.05 buffer=100000'
last_line='update=480 step=122880 sps=61 mean_reward=-1.4647'
last_line='update=281 step=71936 sps=58 mean_reward=-1.3590'
last_line='step=100000 eps=0.810 ep_reward=-0.05 buffer=100000'
last_line='update=481 step=123136 sps=61 mean_reward=-1.4544'
last_line='update=281 step=71936 sps=58 mean_reward=-1.3590'
last_line='step=100000 eps=0.810 ep_reward=-0.05 buffer=100000'
last_line='update=481 step=123136 sps=61 mean_reward=-1.4544'
last_line='update=282 step=72192 sps=58 mean_reward=-1.3976'
last_line='step=101000 eps=0.808 ep_reward=-0.01 buffer=100000'
last_line='update=482 step=123392 sps=61 mean_reward=-1.4291'
last_line='update=282 step=72192 sps=58 mean_reward=-1.3976'
last_line='step=101000 eps=0.808 ep_reward=-0.01 buffer=100000'
last_line='update=482 step=123392 sps=61 mean_reward=-1.4291'
last_line='update=283 step=72448 sps=58 mean_reward=-1.4945'
last_line='step=101000 eps=0.808 ep_reward=-0.01 buffer=100000'
last_line='update=483 step=123648 sps=61 mean_reward=-1.3493'
last_line='update=283 step=72448 sps=58 mean_reward=-1.4945'
last_line='step=101000 eps=0.808 ep_reward=-0.01 buffer=100000'
last_line='update=483 step=123648 sps=61 mean_reward=-1.3493'
last_line='update=283 step=72448 sps=58 mean_reward=-1.4945'
last_line='step=101000 eps=0.808 ep_reward=-0.01 buffer=100000'
last_line='update=484 step=123904 sps=61 mean_reward=-1.3800'
last_line='update=284 step=72704 sps=58 mean_reward=-1.4432'
last_line='step=102000 eps=0.806 ep_reward=-10.03 buffer=100000'
last_line='update=484 step=123904 sps=61 mean_reward=-1.3800'
last_line='update=284 step=72704 sps=58 mean_reward=-1.4432'
last_line='step=102000 eps=0.806 ep_reward=-10.03 buffer=100000'
last_line='update=485 step=124160 sps=61 mean_reward=-1.5219'
last_line='update=285 step=72960 sps=58 mean_reward=-1.3847'
last_line='step=102000 eps=0.806 ep_reward=-10.03 buffer=100000'
last_line='update=485 step=124160 sps=61 mean_reward=-1.5219'
last_line='update=285 step=72960 sps=58 mean_reward=-1.3847'
last_line='step=102000 eps=0.806 ep_reward=-10.03 buffer=100000'
last_line='update=486 step=124416 sps=61 mean_reward=-1.2331'
last_line='update=285 step=72960 sps=58 mean_reward=-1.3847'
last_line='step=102000 eps=0.806 ep_reward=-10.03 buffer=100000'
last_line='update=486 step=124416 sps=61 mean_reward=-1.2331'
last_line='update=286 step=73216 sps=58 mean_reward=-1.4882'
last_line='step=102000 eps=0.806 ep_reward=-10.03 buffer=100000'
last_line='update=487 step=124672 sps=61 mean_reward=-1.3902'
last_line='update=286 step=73216 sps=58 mean_reward=-1.4882'
last_line='step=103000 eps=0.804 ep_reward=-0.01 buffer=100000'
last_line='update=487 step=124672 sps=61 mean_reward=-1.3902'
last_line='update=287 step=73472 sps=58 mean_reward=-1.3802'
last_line='step=103000 eps=0.804 ep_reward=-0.01 buffer=100000'
last_line='update=488 step=124928 sps=61 mean_reward=-1.4519'
last_line='update=287 step=73472 sps=58 mean_reward=-1.3802'
last_line='step=103000 eps=0.804 ep_reward=-0.01 buffer=100000'
last_line='update=488 step=124928 sps=61 mean_reward=-1.4519'
last_line='update=287 step=73472 sps=58 mean_reward=-1.3802'
last_line='step=103000 eps=0.804 ep_reward=-0.01 buffer=100000'
last_line='update=489 step=125184 sps=61 mean_reward=-1.4060'
last_line='update=288 step=73728 sps=58 mean_reward=-1.4149'
last_line='step=103000 eps=0.804 ep_reward=-0.01 buffer=100000'
last_line='update=489 step=125184 sps=61 mean_reward=-1.4060'
last_line='update=288 step=73728 sps=58 mean_reward=-1.4149'
last_line='step=104000 eps=0.802 ep_reward=-0.02 buffer=100000'
last_line='update=490 step=125440 sps=61 mean_reward=-1.3853'
last_line='update=289 step=73984 sps=58 mean_reward=-1.5051'
last_line='step=104000 eps=0.802 ep_reward=-0.02 buffer=100000'
last_line='update=490 step=125440 sps=61 mean_reward=-1.3853'
last_line='update=289 step=73984 sps=58 mean_reward=-1.5051'
last_line='step=104000 eps=0.802 ep_reward=-0.02 buffer=100000'
last_line='update=491 step=125696 sps=61 mean_reward=-1.4293'
last_line='update=289 step=73984 sps=58 mean_reward=-1.5051'
last_line='step=104000 eps=0.802 ep_reward=-0.02 buffer=100000'
last_line='update=491 step=125696 sps=61 mean_reward=-1.4293'
last_line='update=290 step=74240 sps=58 mean_reward=-1.4301'
last_line='step=104000 eps=0.802 ep_reward=-0.02 buffer=100000'
last_line='update=491 step=125696 sps=61 mean_reward=-1.4293'
last_line='update=290 step=74240 sps=58 mean_reward=-1.4301'
last_line='step=104000 eps=0.802 ep_reward=-0.02 buffer=100000'
last_line='update=492 step=125952 sps=61 mean_reward=-1.3037'
last_line='update=291 step=74496 sps=58 mean_reward=-1.5233'
last_line='step=105000 eps=0.801 ep_reward=-10.05 buffer=100000'
last_line='update=493 step=126208 sps=61 mean_reward=-1.4178'
last_line='update=291 step=74496 sps=58 mean_reward=-1.5233'
last_line='step=105000 eps=0.801 ep_reward=-10.05 buffer=100000'
last_line='update=493 step=126208 sps=61 mean_reward=-1.4178'
last_line='update=291 step=74496 sps=58 mean_reward=-1.5233'
last_line='step=105000 eps=0.801 ep_reward=-10.05 buffer=100000'
last_line='update=493 step=126208 sps=61 mean_reward=-1.4178'
last_line='update=292 step=74752 sps=58 mean_reward=-1.4942'
last_line='step=105000 eps=0.801 ep_reward=-10.05 buffer=100000'
last_line='update=494 step=126464 sps=61 mean_reward=-1.3910'
last_line='update=292 step=74752 sps=58 mean_reward=-1.4942'
last_line='step=105000 eps=0.801 ep_reward=-10.05 buffer=100000'
last_line='update=494 step=126464 sps=61 mean_reward=-1.3910'
last_line='update=293 step=75008 sps=58 mean_reward=-1.3876'
last_line='step=105000 eps=0.801 ep_reward=-10.05 buffer=100000'
last_line='update=495 step=126720 sps=61 mean_reward=-1.2735'
last_line='update=293 step=75008 sps=58 mean_reward=-1.3876'
last_line='step=106000 eps=0.799 ep_reward=-0.02 buffer=100000'
last_line='update=495 step=126720 sps=61 mean_reward=-1.2735'
last_line='update=293 step=75008 sps=58 mean_reward=-1.3876'
last_line='step=106000 eps=0.799 ep_reward=-0.02 buffer=100000'
last_line='update=496 step=126976 sps=61 mean_reward=-1.4264'
last_line='update=294 step=75264 sps=58 mean_reward=-1.3459'
last_line='step=106000 eps=0.799 ep_reward=-0.02 buffer=100000'
last_line='update=496 step=126976 sps=61 mean_reward=-1.4264'
last_line='update=294 step=75264 sps=58 mean_reward=-1.3459'
last_line='step=106000 eps=0.799 ep_reward=-0.02 buffer=100000'
last_line='update=497 step=127232 sps=61 mean_reward=-1.3289'
last_line='update=295 step=75520 sps=58 mean_reward=-1.4663'
last_line='step=106000 eps=0.799 ep_reward=-0.02 buffer=100000'
last_line='update=497 step=127232 sps=61 mean_reward=-1.3289'
last_line='update=295 step=75520 sps=58 mean_reward=-1.4663'
last_line='step=107000 eps=0.797 ep_reward=0.11 buffer=100000'
last_line='update=498 step=127488 sps=61 mean_reward=-1.4208'
last_line='update=295 step=75520 sps=58 mean_reward=-1.4663'
last_line='step=107000 eps=0.797 ep_reward=0.11 buffer=100000'
last_line='update=498 step=127488 sps=61 mean_reward=-1.4208'
last_line='update=296 step=75776 sps=57 mean_reward=-1.3639'
last_line='step=107000 eps=0.797 ep_reward=0.11 buffer=100000'
last_line='update=498 step=127488 sps=61 mean_reward=-1.4208'
last_line='update=296 step=75776 sps=57 mean_reward=-1.3639'
last_line='step=107000 eps=0.797 ep_reward=0.11 buffer=100000'
last_line='update=499 step=127744 sps=61 mean_reward=-1.4799'
last_line='update=297 step=76032 sps=57 mean_reward=-1.4662'
last_line='step=107000 eps=0.797 ep_reward=0.11 buffer=100000'
last_line='update=499 step=127744 sps=61 mean_reward=-1.4799'
last_line='update=297 step=76032 sps=57 mean_reward=-1.4662'
last_line='step=107000 eps=0.797 ep_reward=0.11 buffer=100000'
last_line='update=500 step=128000 sps=61 mean_reward=-1.3059'
last_line='update=298 step=76288 sps=57 mean_reward=-1.4098'
last_line='step=108000 eps=0.795 ep_reward=0.55 buffer=100000'
last_line='update=501 step=128256 sps=61 mean_reward=-1.2852'
last_line='update=298 step=76288 sps=57 mean_reward=-1.4098'
last_line='step=108000 eps=0.795 ep_reward=0.55 buffer=100000'
last_line='update=501 step=128256 sps=61 mean_reward=-1.2852'
last_line='update=298 step=76288 sps=57 mean_reward=-1.4098'
last_line='step=108000 eps=0.795 ep_reward=0.55 buffer=100000'
last_line='update=502 step=128512 sps=61 mean_reward=-1.3720'
last_line='update=299 step=76544 sps=57 mean_reward=-1.3489'
last_line='step=108000 eps=0.795 ep_reward=0.55 buffer=100000'
last_line='update=502 step=128512 sps=61 mean_reward=-1.3720'
last_line='update=299 step=76544 sps=57 mean_reward=-1.3489'
last_line='step=108000 eps=0.795 ep_reward=0.55 buffer=100000'
last_line='update=503 step=128768 sps=61 mean_reward=-1.4806'
last_line='update=300 step=76800 sps=57 mean_reward=-1.4931'
last_line='step=109000 eps=0.793 ep_reward=-10.03 buffer=100000'
last_line='update=503 step=128768 sps=61 mean_reward=-1.4806'
last_line='update=300 step=76800 sps=57 mean_reward=-1.4931'
last_line='step=109000 eps=0.793 ep_reward=-10.03 buffer=100000'
last_line='update=504 step=129024 sps=61 mean_reward=-1.3701'
last_line='update=300 step=76800 sps=57 mean_reward=-1.4931'
last_line='step=109000 eps=0.793 ep_reward=-10.03 buffer=100000'
last_line='update=504 step=129024 sps=61 mean_reward=-1.3701'
last_line='update=301 step=77056 sps=57 mean_reward=-1.5265'
last_line='step=109000 eps=0.793 ep_reward=-10.03 buffer=100000'
last_line='update=505 step=129280 sps=61 mean_reward=-1.4479'
last_line='update=301 step=77056 sps=57 mean_reward=-1.5265'
last_line='step=109000 eps=0.793 ep_reward=-10.03 buffer=100000'
last_line='update=505 step=129280 sps=61 mean_reward=-1.4479'
last_line='update=302 step=77312 sps=57 mean_reward=-1.4996'
last_line='step=110000 eps=0.791 ep_reward=0.83 buffer=100000'
last_line='update=506 step=129536 sps=61 mean_reward=-1.2605'
last_line='update=302 step=77312 sps=57 mean_reward=-1.4996'
last_line='step=110000 eps=0.791 ep_reward=0.83 buffer=100000'
last_line='update=506 step=129536 sps=61 mean_reward=-1.2605'
last_line='update=302 step=77312 sps=57 mean_reward=-1.4996'
last_line='step=110000 eps=0.791 ep_reward=0.83 buffer=100000'
last_line='update=507 step=129792 sps=61 mean_reward=-1.3110'
last_line='update=303 step=77568 sps=57 mean_reward=-1.3865'
last_line='step=110000 eps=0.791 ep_reward=0.83 buffer=100000'
last_line='update=507 step=129792 sps=61 mean_reward=-1.3110'
last_line='update=303 step=77568 sps=57 mean_reward=-1.3865'
last_line='step=110000 eps=0.791 ep_reward=0.83 buffer=100000'
last_line='update=508 step=130048 sps=61 mean_reward=-1.3189'
last_line='update=304 step=77824 sps=57 mean_reward=-1.4969'
last_line='step=110000 eps=0.791 ep_reward=0.83 buffer=100000'
last_line='update=508 step=130048 sps=61 mean_reward=-1.3189'
last_line='update=304 step=77824 sps=57 mean_reward=-1.4969'
last_line='step=111000 eps=0.789 ep_reward=-0.01 buffer=100000'
last_line='update=509 step=130304 sps=61 mean_reward=-1.3643'
last_line='update=304 step=77824 sps=57 mean_reward=-1.4969'
last_line='step=111000 eps=0.789 ep_reward=-0.01 buffer=100000'
last_line='update=509 step=130304 sps=61 mean_reward=-1.3643'
last_line='update=305 step=78080 sps=57 mean_reward=-1.4211'
last_line='step=111000 eps=0.789 ep_reward=-0.01 buffer=100000'
last_line='update=510 step=130560 sps=61 mean_reward=-1.3862'
last_line='update=305 step=78080 sps=57 mean_reward=-1.4211'
last_line='step=111000 eps=0.789 ep_reward=-0.01 buffer=100000'
last_line='update=510 step=130560 sps=61 mean_reward=-1.3862'
last_line='update=306 step=78336 sps=57 mean_reward=-1.4424'
last_line='step=111000 eps=0.789 ep_reward=-0.01 buffer=100000'
last_line='update=511 step=130816 sps=61 mean_reward=-1.2838'
last_line='update=306 step=78336 sps=57 mean_reward=-1.4424'
last_line='step=111000 eps=0.789 ep_reward=-0.01 buffer=100000'
last_line='update=511 step=130816 sps=61 mean_reward=-1.2838'
last_line='update=307 step=78592 sps=57 mean_reward=-1.4336'
last_line='step=112000 eps=0.787 ep_reward=0.44 buffer=100000'
last_line='update=512 step=131072 sps=61 mean_reward=-1.4241'
last_line='update=307 step=78592 sps=57 mean_reward=-1.4336'
last_line='step=112000 eps=0.787 ep_reward=0.44 buffer=100000'
last_line='update=512 step=131072 sps=61 mean_reward=-1.4241'
last_line='update=307 step=78592 sps=57 mean_reward=-1.4336'
last_line='step=112000 eps=0.787 ep_reward=0.44 buffer=100000'
last_line='update=513 step=131328 sps=61 mean_reward=-1.3116'
last_line='update=308 step=78848 sps=57 mean_reward=-1.4761'
last_line='step=112000 eps=0.787 ep_reward=0.44 buffer=100000'
last_line='update=513 step=131328 sps=61 mean_reward=-1.3116'
last_line='update=308 step=78848 sps=57 mean_reward=-1.4761'
last_line='step=112000 eps=0.787 ep_reward=0.44 buffer=100000'
last_line='update=514 step=131584 sps=61 mean_reward=-1.3565'
last_line='update=308 step=78848 sps=57 mean_reward=-1.4761'
last_line='step=113000 eps=0.785 ep_reward=0.60 buffer=100000'
last_line='update=514 step=131584 sps=61 mean_reward=-1.3565'
last_line='update=309 step=79104 sps=57 mean_reward=-1.4900'
last_line='step=113000 eps=0.785 ep_reward=0.60 buffer=100000'
last_line='update=515 step=131840 sps=61 mean_reward=-1.4388'
last_line='update=309 step=79104 sps=57 mean_reward=-1.4900'
last_line='step=113000 eps=0.785 ep_reward=0.60 buffer=100000'
last_line='update=515 step=131840 sps=61 mean_reward=-1.4388'
last_line='update=310 step=79360 sps=57 mean_reward=-1.5108'
last_line='step=113000 eps=0.785 ep_reward=0.60 buffer=100000'
last_line='update=516 step=132096 sps=61 mean_reward=-1.3468'
last_line='update=310 step=79360 sps=57 mean_reward=-1.5108'
last_line='step=113000 eps=0.785 ep_reward=0.60 buffer=100000'
last_line='update=516 step=132096 sps=61 mean_reward=-1.3468'
last_line='update=311 step=79616 sps=57 mean_reward=-1.4936'
last_line='step=114000 eps=0.783 ep_reward=0.48 buffer=100000'
last_line='update=517 step=132352 sps=61 mean_reward=-1.3027'
last_line='update=311 step=79616 sps=57 mean_reward=-1.4936'
last_line='step=114000 eps=0.783 ep_reward=0.48 buffer=100000'
last_line='update=517 step=132352 sps=61 mean_reward=-1.3027'
last_line='update=312 step=79872 sps=57 mean_reward=-1.3456'
last_line='step=114000 eps=0.783 ep_reward=0.48 buffer=100000'
last_line='update=518 step=132608 sps=61 mean_reward=-1.3463'
last_line='update=312 step=79872 sps=57 mean_reward=-1.3456'
last_line='step=114000 eps=0.783 ep_reward=0.48 buffer=100000'
last_line='update=518 step=132608 sps=61 mean_reward=-1.3463'
last_line='update=312 step=79872 sps=57 mean_reward=-1.3456'
last_line='step=114000 eps=0.783 ep_reward=0.48 buffer=100000'
last_line='update=519 step=132864 sps=61 mean_reward=-1.5557'
last_line='update=313 step=80128 sps=57 mean_reward=-1.4457'
last_line='step=114000 eps=0.783 ep_reward=0.48 buffer=100000'
last_line='update=519 step=132864 sps=61 mean_reward=-1.5557'
last_line='update=313 step=80128 sps=57 mean_reward=-1.4457'
last_line='step=115000 eps=0.782 ep_reward=0.47 buffer=100000'
last_line='update=520 step=133120 sps=61 mean_reward=-1.4943'
last_line='update=314 step=80384 sps=57 mean_reward=-1.4667'
last_line='step=115000 eps=0.782 ep_reward=0.47 buffer=100000'
last_line='update=520 step=133120 sps=61 mean_reward=-1.4943'
last_line='update=314 step=80384 sps=57 mean_reward=-1.4667'
last_line='step=115000 eps=0.782 ep_reward=0.47 buffer=100000'
last_line='update=520 step=133120 sps=61 mean_reward=-1.4943'
last_line='update=315 step=80640 sps=57 mean_reward=-1.3210'
last_line='step=115000 eps=0.782 ep_reward=0.47 buffer=100000'
last_line='update=521 step=133376 sps=61 mean_reward=-1.4198'
last_line='update=315 step=80640 sps=57 mean_reward=-1.3210'
last_line='step=115000 eps=0.782 ep_reward=0.47 buffer=100000'
last_line='update=521 step=133376 sps=61 mean_reward=-1.4198'
last_line='update=315 step=80640 sps=57 mean_reward=-1.3210'
last_line='step=115000 eps=0.782 ep_reward=0.47 buffer=100000'
last_line='update=522 step=133632 sps=61 mean_reward=-1.4310'
last_line='update=316 step=80896 sps=57 mean_reward=-1.4016'
last_line='step=116000 eps=0.780 ep_reward=-0.03 buffer=100000'
last_line='update=522 step=133632 sps=61 mean_reward=-1.4310'
last_line='update=316 step=80896 sps=57 mean_reward=-1.4016'
last_line='step=116000 eps=0.780 ep_reward=-0.03 buffer=100000'
last_line='update=523 step=133888 sps=61 mean_reward=-1.2817'
last_line='update=316 step=80896 sps=57 mean_reward=-1.4016'
last_line='step=116000 eps=0.780 ep_reward=-0.03 buffer=100000'
last_line='update=523 step=133888 sps=61 mean_reward=-1.2817'
last_line='update=317 step=81152 sps=57 mean_reward=-1.4473'
last_line='step=116000 eps=0.780 ep_reward=-0.03 buffer=100000'
last_line='update=524 step=134144 sps=61 mean_reward=-1.3911'
last_line='update=317 step=81152 sps=57 mean_reward=-1.4473'
last_line='step=116000 eps=0.780 ep_reward=-0.03 buffer=100000'
last_line='update=525 step=134400 sps=61 mean_reward=-1.4621'
last_line='update=317 step=81152 sps=57 mean_reward=-1.4473'
last_line='step=117000 eps=0.778 ep_reward=-0.01 buffer=100000'
last_line='update=525 step=134400 sps=61 mean_reward=-1.4621'
last_line='update=318 step=81408 sps=57 mean_reward=-1.3228'
last_line='step=117000 eps=0.778 ep_reward=-0.01 buffer=100000'
last_line='update=526 step=134656 sps=61 mean_reward=-1.3221'
last_line='update=318 step=81408 sps=57 mean_reward=-1.3228'
last_line='step=117000 eps=0.778 ep_reward=-0.01 buffer=100000'
last_line='update=526 step=134656 sps=61 mean_reward=-1.3221'
last_line='update=319 step=81664 sps=57 mean_reward=-1.4042'
last_line='step=117000 eps=0.778 ep_reward=-0.01 buffer=100000'
last_line='update=527 step=134912 sps=61 mean_reward=-1.4073'
last_line='update=319 step=81664 sps=57 mean_reward=-1.4042'
last_line='step=117000 eps=0.778 ep_reward=-0.01 buffer=100000'
last_line='update=527 step=134912 sps=61 mean_reward=-1.4073'
last_line='update=319 step=81664 sps=57 mean_reward=-1.4042'
last_line='step=117000 eps=0.778 ep_reward=-0.01 buffer=100000'
last_line='update=528 step=135168 sps=61 mean_reward=-1.3971'
last_line='update=320 step=81920 sps=57 mean_reward=-1.5196'
last_line='step=118000 eps=0.776 ep_reward=-10.14 buffer=100000'
last_line='update=528 step=135168 sps=61 mean_reward=-1.3971'
last_line='update=320 step=81920 sps=57 mean_reward=-1.5196'
last_line='step=118000 eps=0.776 ep_reward=-10.14 buffer=100000'
last_line='update=529 step=135424 sps=61 mean_reward=-1.4982'
last_line='update=321 step=82176 sps=57 mean_reward=-1.4364'
last_line='step=118000 eps=0.776 ep_reward=-10.14 buffer=100000'
last_line='update=529 step=135424 sps=61 mean_reward=-1.4982'
last_line='update=321 step=82176 sps=57 mean_reward=-1.4364'
last_line='step=118000 eps=0.776 ep_reward=-10.14 buffer=100000'
last_line='update=530 step=135680 sps=61 mean_reward=-1.4641'
last_line='update=321 step=82176 sps=57 mean_reward=-1.4364'
last_line='step=118000 eps=0.776 ep_reward=-10.14 buffer=100000'
last_line='update=530 step=135680 sps=61 mean_reward=-1.4641'
last_line='update=322 step=82432 sps=57 mean_reward=-1.4785'
last_line='step=119000 eps=0.774 ep_reward=0.44 buffer=100000'
last_line='update=531 step=135936 sps=61 mean_reward=-1.5066'
last_line='update=322 step=82432 sps=57 mean_reward=-1.4785'
last_line='step=119000 eps=0.774 ep_reward=0.44 buffer=100000'
last_line='update=531 step=135936 sps=61 mean_reward=-1.5066'
last_line='update=323 step=82688 sps=57 mean_reward=-1.5033'
last_line='step=119000 eps=0.774 ep_reward=0.44 buffer=100000'
last_line='update=532 step=136192 sps=61 mean_reward=-1.3427'
last_line='update=323 step=82688 sps=57 mean_reward=-1.5033'
last_line='step=119000 eps=0.774 ep_reward=0.44 buffer=100000'
last_line='update=532 step=136192 sps=61 mean_reward=-1.3427'
last_line='update=324 step=82944 sps=57 mean_reward=-1.4475'
last_line='step=119000 eps=0.774 ep_reward=0.44 buffer=100000'
last_line='update=533 step=136448 sps=61 mean_reward=-1.4430'
last_line='update=324 step=82944 sps=57 mean_reward=-1.4475'
last_line='step=120000 eps=0.772 ep_reward=-10.03 buffer=100000'
last_line='update=533 step=136448 sps=61 mean_reward=-1.4430'
last_line='update=324 step=82944 sps=57 mean_reward=-1.4475'
last_line='step=120000 eps=0.772 ep_reward=-10.03 buffer=100000'
last_line='update=534 step=136704 sps=61 mean_reward=-1.3794'
last_line='update=325 step=83200 sps=57 mean_reward=-1.4366'
last_line='step=120000 eps=0.772 ep_reward=-10.03 buffer=100000'
last_line='update=534 step=136704 sps=61 mean_reward=-1.3794'
last_line='update=325 step=83200 sps=57 mean_reward=-1.4366'
last_line='step=120000 eps=0.772 ep_reward=-10.03 buffer=100000'
last_line='update=535 step=136960 sps=61 mean_reward=-1.3572'
last_line='update=326 step=83456 sps=57 mean_reward=-1.3896'
last_line='step=120000 eps=0.772 ep_reward=-10.03 buffer=100000'
last_line='update=535 step=136960 sps=61 mean_reward=-1.3572'
last_line='update=326 step=83456 sps=57 mean_reward=-1.3896'
last_line='step=120000 eps=0.772 ep_reward=-10.03 buffer=100000'
last_line='update=536 step=137216 sps=61 mean_reward=-1.4325'
last_line='update=326 step=83456 sps=57 mean_reward=-1.3896'
last_line='step=120000 eps=0.772 ep_reward=-10.03 buffer=100000'
last_line='update=536 step=137216 sps=61 mean_reward=-1.4325'
last_line='update=327 step=83712 sps=57 mean_reward=-1.5034'
last_line='step=121000 eps=0.770 ep_reward=0.48 buffer=100000'
last_line='update=537 step=137472 sps=61 mean_reward=-1.4568'
last_line='update=327 step=83712 sps=57 mean_reward=-1.5034'
last_line='step=121000 eps=0.770 ep_reward=0.48 buffer=100000'
last_line='update=537 step=137472 sps=61 mean_reward=-1.4568'
last_line='update=328 step=83968 sps=57 mean_reward=-1.4575'
last_line='step=121000 eps=0.770 ep_reward=0.48 buffer=100000'
last_line='update=538 step=137728 sps=61 mean_reward=-1.3844'
last_line='update=328 step=83968 sps=57 mean_reward=-1.4575'
last_line='step=121000 eps=0.770 ep_reward=0.48 buffer=100000'
last_line='update=538 step=137728 sps=61 mean_reward=-1.3844'
last_line='update=329 step=84224 sps=57 mean_reward=-1.4337'
last_line='step=121000 eps=0.770 ep_reward=0.48 buffer=100000'
last_line='update=538 step=137728 sps=61 mean_reward=-1.3844'
last_line='update=329 step=84224 sps=57 mean_reward=-1.4337'
last_line='step=122000 eps=0.768 ep_reward=-0.03 buffer=100000'
last_line='update=539 step=137984 sps=61 mean_reward=-1.3467'
last_line='update=330 step=84480 sps=57 mean_reward=-1.2246'
last_line='step=122000 eps=0.768 ep_reward=-0.03 buffer=100000'
last_line='update=540 step=138240 sps=61 mean_reward=-1.4687'
last_line='update=330 step=84480 sps=57 mean_reward=-1.2246'
last_line='step=122000 eps=0.768 ep_reward=-0.03 buffer=100000'
last_line='update=540 step=138240 sps=61 mean_reward=-1.4687'
last_line='update=330 step=84480 sps=57 mean_reward=-1.2246'
last_line='step=122000 eps=0.768 ep_reward=-0.03 buffer=100000'
last_line='update=541 step=138496 sps=61 mean_reward=-1.3660'
last_line='update=331 step=84736 sps=57 mean_reward=-1.3659'
last_line='step=122000 eps=0.768 ep_reward=-0.03 buffer=100000'
last_line='update=541 step=138496 sps=61 mean_reward=-1.3660'
last_line='update=331 step=84736 sps=57 mean_reward=-1.3659'
last_line='step=123000 eps=0.766 ep_reward=-0.02 buffer=100000'
last_line='update=542 step=138752 sps=61 mean_reward=-1.4817'
last_line='update=332 step=84992 sps=57 mean_reward=-1.3398'
last_line='step=123000 eps=0.766 ep_reward=-0.02 buffer=100000'
last_line='update=542 step=138752 sps=61 mean_reward=-1.4817'
last_line='update=332 step=84992 sps=57 mean_reward=-1.3398'
last_line='step=123000 eps=0.766 ep_reward=-0.02 buffer=100000'
last_line='update=543 step=139008 sps=61 mean_reward=-1.3783'
last_line='update=332 step=84992 sps=57 mean_reward=-1.3398'
last_line='step=123000 eps=0.766 ep_reward=-0.02 buffer=100000'
last_line='update=543 step=139008 sps=61 mean_reward=-1.3783'
last_line='update=333 step=85248 sps=57 mean_reward=-1.4222'
last_line='step=123000 eps=0.766 ep_reward=-0.02 buffer=100000'
last_line='update=544 step=139264 sps=61 mean_reward=-1.4253'
last_line='update=333 step=85248 sps=57 mean_reward=-1.4222'
last_line='step=123000 eps=0.766 ep_reward=-0.02 buffer=100000'
last_line='update=544 step=139264 sps=61 mean_reward=-1.4253'
last_line='update=334 step=85504 sps=57 mean_reward=-1.3872'
last_line='step=124000 eps=0.764 ep_reward=0.48 buffer=100000'
last_line='update=545 step=139520 sps=61 mean_reward=-1.4648'
last_line='update=334 step=85504 sps=57 mean_reward=-1.3872'
last_line='step=124000 eps=0.764 ep_reward=0.48 buffer=100000'
last_line='update=545 step=139520 sps=61 mean_reward=-1.4648'
last_line='update=335 step=85760 sps=57 mean_reward=-1.4648'
last_line='step=124000 eps=0.764 ep_reward=0.48 buffer=100000'
last_line='update=546 step=139776 sps=61 mean_reward=-1.3223'
last_line='update=335 step=85760 sps=57 mean_reward=-1.4648'
last_line='step=124000 eps=0.764 ep_reward=0.48 buffer=100000'
last_line='update=546 step=139776 sps=61 mean_reward=-1.3223'
last_line='update=336 step=86016 sps=57 mean_reward=-1.4214'
last_line='step=124000 eps=0.764 ep_reward=0.48 buffer=100000'
last_line='update=547 step=140032 sps=61 mean_reward=-1.3825'
last_line='update=336 step=86016 sps=57 mean_reward=-1.4214'
last_line='step=125000 eps=0.763 ep_reward=-0.03 buffer=100000'
last_line='update=547 step=140032 sps=61 mean_reward=-1.3825'
last_line='update=336 step=86016 sps=57 mean_reward=-1.4214'
last_line='step=125000 eps=0.763 ep_reward=-0.03 buffer=100000'
last_line='update=548 step=140288 sps=61 mean_reward=-1.2291'
last_line='update=337 step=86272 sps=57 mean_reward=-1.4881'
last_line='step=125000 eps=0.763 ep_reward=-0.03 buffer=100000'
last_line='update=549 step=140544 sps=61 mean_reward=-1.4829'
last_line='update=337 step=86272 sps=57 mean_reward=-1.4881'
last_line='step=125000 eps=0.763 ep_reward=-0.03 buffer=100000'
last_line='update=549 step=140544 sps=61 mean_reward=-1.4829'
last_line='update=338 step=86528 sps=57 mean_reward=-1.2480'
last_line='step=125000 eps=0.763 ep_reward=-0.03 buffer=100000'
last_line='update=550 step=140800 sps=61 mean_reward=-1.4460'
last_line='update=338 step=86528 sps=57 mean_reward=-1.2480'
last_line='step=125000 eps=0.763 ep_reward=-0.03 buffer=100000'
last_line='update=550 step=140800 sps=61 mean_reward=-1.4460'
last_line='update=339 step=86784 sps=57 mean_reward=-1.4445'
last_line='step=125000 eps=0.763 ep_reward=-0.03 buffer=100000'
last_line='update=551 step=141056 sps=61 mean_reward=-1.3775'
last_line='update=339 step=86784 sps=57 mean_reward=-1.4445'
last_line='step=126000 eps=0.761 ep_reward=-0.03 buffer=100000'
last_line='update=551 step=141056 sps=61 mean_reward=-1.3775'
last_line='update=340 step=87040 sps=57 mean_reward=-1.4335'
last_line='step=126000 eps=0.761 ep_reward=-0.03 buffer=100000'
last_line='update=551 step=141056 sps=61 mean_reward=-1.3775'
last_line='update=340 step=87040 sps=57 mean_reward=-1.4335'
last_line='step=126000 eps=0.761 ep_reward=-0.03 buffer=100000'
last_line='update=552 step=141312 sps=61 mean_reward=-1.5158'
last_line='update=341 step=87296 sps=57 mean_reward=-1.4256'
last_line='step=126000 eps=0.761 ep_reward=-0.03 buffer=100000'
last_line='update=552 step=141312 sps=61 mean_reward=-1.5158'
last_line='update=341 step=87296 sps=57 mean_reward=-1.4256'
last_line='step=126000 eps=0.761 ep_reward=-0.03 buffer=100000'
last_line='update=553 step=141568 sps=61 mean_reward=-1.3650'
last_line='update=342 step=87552 sps=57 mean_reward=-1.4046'
last_line='step=127000 eps=0.759 ep_reward=-0.01 buffer=100000'
last_line='update=554 step=141824 sps=61 mean_reward=-1.4691'
last_line='update=342 step=87552 sps=57 mean_reward=-1.4046'
last_line='step=127000 eps=0.759 ep_reward=-0.01 buffer=100000'
last_line='update=554 step=141824 sps=61 mean_reward=-1.4691'
last_line='update=343 step=87808 sps=57 mean_reward=-1.6164'
last_line='step=127000 eps=0.759 ep_reward=-0.01 buffer=100000'
last_line='update=555 step=142080 sps=61 mean_reward=-1.2493'
last_line='update=343 step=87808 sps=57 mean_reward=-1.6164'
last_line='step=127000 eps=0.759 ep_reward=-0.01 buffer=100000'
last_line='update=555 step=142080 sps=61 mean_reward=-1.2493'
last_line='update=343 step=87808 sps=57 mean_reward=-1.6164'
last_line='step=127000 eps=0.759 ep_reward=-0.01 buffer=100000'
last_line='update=556 step=142336 sps=61 mean_reward=-1.3435'
last_line='update=344 step=88064 sps=57 mean_reward=-1.4840'
last_line='step=128000 eps=0.757 ep_reward=0.97 buffer=100000'
last_line='update=556 step=142336 sps=61 mean_reward=-1.3435'
last_line='update=344 step=88064 sps=57 mean_reward=-1.4840'
last_line='step=128000 eps=0.757 ep_reward=0.97 buffer=100000'
last_line='update=557 step=142592 sps=61 mean_reward=-1.4206'
last_line='update=345 step=88320 sps=57 mean_reward=-1.4378'
last_line='step=128000 eps=0.757 ep_reward=0.97 buffer=100000'
last_line='update=557 step=142592 sps=61 mean_reward=-1.4206'
last_line='update=345 step=88320 sps=57 mean_reward=-1.4378'
last_line='step=128000 eps=0.757 ep_reward=0.97 buffer=100000'
last_line='update=558 step=142848 sps=61 mean_reward=-1.4030'
last_line='update=346 step=88576 sps=57 mean_reward=-1.4587'
last_line='step=128000 eps=0.757 ep_reward=0.97 buffer=100000'
last_line='update=559 step=143104 sps=61 mean_reward=-1.3752'
last_line='update=346 step=88576 sps=57 mean_reward=-1.4587'
last_line='step=128000 eps=0.757 ep_reward=0.97 buffer=100000'
last_line='update=559 step=143104 sps=61 mean_reward=-1.3752'
last_line='update=346 step=88576 sps=57 mean_reward=-1.4587'
last_line='step=129000 eps=0.755 ep_reward=0.12 buffer=100000'
last_line='update=560 step=143360 sps=61 mean_reward=-1.5071'
last_line='update=347 step=88832 sps=57 mean_reward=-1.2389'
last_line='step=129000 eps=0.755 ep_reward=0.12 buffer=100000'
last_line='update=560 step=143360 sps=61 mean_reward=-1.5071'
last_line='update=347 step=88832 sps=57 mean_reward=-1.2389'
last_line='step=129000 eps=0.755 ep_reward=0.12 buffer=100000'
last_line='update=561 step=143616 sps=61 mean_reward=-1.4896'
last_line='update=348 step=89088 sps=57 mean_reward=-1.4576'
last_line='step=129000 eps=0.755 ep_reward=0.12 buffer=100000'
last_line='update=561 step=143616 sps=61 mean_reward=-1.4896'
last_line='update=348 step=89088 sps=57 mean_reward=-1.4576'
last_line='step=129000 eps=0.755 ep_reward=0.12 buffer=100000'
last_line='update=562 step=143872 sps=61 mean_reward=-1.4167'
last_line='update=349 step=89344 sps=57 mean_reward=-1.3152'
last_line='step=130000 eps=0.753 ep_reward=-9.90 buffer=100000'
last_line='update=562 step=143872 sps=61 mean_reward=-1.4167'
last_line='update=349 step=89344 sps=57 mean_reward=-1.3152'
last_line='step=130000 eps=0.753 ep_reward=-9.90 buffer=100000'
last_line='update=563 step=144128 sps=61 mean_reward=-1.4494'
last_line='update=350 step=89600 sps=57 mean_reward=-1.3989'
last_line='step=130000 eps=0.753 ep_reward=-9.90 buffer=100000'
last_line='update=563 step=144128 sps=61 mean_reward=-1.4494'
last_line='update=350 step=89600 sps=57 mean_reward=-1.3989'
last_line='step=130000 eps=0.753 ep_reward=-9.90 buffer=100000'
last_line='update=564 step=144384 sps=61 mean_reward=-1.4473'
last_line='update=350 step=89600 sps=57 mean_reward=-1.3989'
last_line='step=130000 eps=0.753 ep_reward=-9.90 buffer=100000'
last_line='update=564 step=144384 sps=61 mean_reward=-1.4473'
last_line='update=351 step=89856 sps=57 mean_reward=-1.3466'
last_line='step=130000 eps=0.753 ep_reward=-9.90 buffer=100000'
last_line='update=565 step=144640 sps=61 mean_reward=-1.3915'
last_line='update=351 step=89856 sps=57 mean_reward=-1.3466'
last_line='step=131000 eps=0.751 ep_reward=-0.02 buffer=100000'
last_line='update=565 step=144640 sps=61 mean_reward=-1.3915'
last_line='update=352 step=90112 sps=57 mean_reward=-1.4684'
last_line='step=131000 eps=0.751 ep_reward=-0.02 buffer=100000'
last_line='update=566 step=144896 sps=61 mean_reward=-1.3980'
last_line='update=352 step=90112 sps=57 mean_reward=-1.4684'
last_line='step=131000 eps=0.751 ep_reward=-0.02 buffer=100000'
last_line='update=567 step=145152 sps=61 mean_reward=-1.5185'
last_line='update=352 step=90112 sps=57 mean_reward=-1.4684'
last_line='step=131000 eps=0.751 ep_reward=-0.02 buffer=100000'
last_line='update=567 step=145152 sps=61 mean_reward=-1.5185'
last_line='update=353 step=90368 sps=57 mean_reward=-1.3808'
last_line='step=131000 eps=0.751 ep_reward=-0.02 buffer=100000'
last_line='update=568 step=145408 sps=61 mean_reward=-1.3776'
last_line='update=353 step=90368 sps=57 mean_reward=-1.3808'
last_line='step=131000 eps=0.751 ep_reward=-0.02 buffer=100000'
last_line='update=568 step=145408 sps=61 mean_reward=-1.3776'
last_line='update=354 step=90624 sps=57 mean_reward=-1.4676'
last_line='step=132000 eps=0.749 ep_reward=-0.07 buffer=100000'
last_line='update=569 step=145664 sps=61 mean_reward=-1.4131'
last_line='update=354 step=90624 sps=57 mean_reward=-1.4676'
last_line='step=132000 eps=0.749 ep_reward=-0.07 buffer=100000'
last_line='update=569 step=145664 sps=61 mean_reward=-1.4131'
last_line='update=355 step=90880 sps=57 mean_reward=-1.3454'
last_line='step=132000 eps=0.749 ep_reward=-0.07 buffer=100000'
last_line='update=570 step=145920 sps=61 mean_reward=-1.4439'
last_line='update=355 step=90880 sps=57 mean_reward=-1.3454'
last_line='step=132000 eps=0.749 ep_reward=-0.07 buffer=100000'
last_line='update=570 step=145920 sps=61 mean_reward=-1.4439'
last_line='update=355 step=90880 sps=57 mean_reward=-1.3454'
last_line='step=132000 eps=0.749 ep_reward=-0.07 buffer=100000'
last_line='update=571 step=146176 sps=61 mean_reward=-1.4495'
last_line='update=356 step=91136 sps=57 mean_reward=-1.3238'
last_line='step=133000 eps=0.747 ep_reward=-0.01 buffer=100000'
last_line='update=571 step=146176 sps=61 mean_reward=-1.4495'
last_line='update=356 step=91136 sps=57 mean_reward=-1.3238'
last_line='step=133000 eps=0.747 ep_reward=-0.01 buffer=100000'
last_line='update=572 step=146432 sps=61 mean_reward=-1.3514'
last_line='update=357 step=91392 sps=57 mean_reward=-1.4132'
last_line='step=133000 eps=0.747 ep_reward=-0.01 buffer=100000'
last_line='update=573 step=146688 sps=61 mean_reward=-1.3940'
last_line='update=357 step=91392 sps=57 mean_reward=-1.4132'
last_line='step=133000 eps=0.747 ep_reward=-0.01 buffer=100000'
last_line='update=573 step=146688 sps=61 mean_reward=-1.3940'
last_line='update=358 step=91648 sps=57 mean_reward=-1.3665'
last_line='step=133000 eps=0.747 ep_reward=-0.01 buffer=100000'
last_line='update=574 step=146944 sps=61 mean_reward=-1.4241'
last_line='update=358 step=91648 sps=57 mean_reward=-1.3665'
last_line='step=134000 eps=0.745 ep_reward=-10.07 buffer=100000'
last_line='update=574 step=146944 sps=61 mean_reward=-1.4241'
last_line='update=358 step=91648 sps=57 mean_reward=-1.3665'
last_line='step=134000 eps=0.745 ep_reward=-10.07 buffer=100000'
last_line='update=575 step=147200 sps=61 mean_reward=-1.4450'
last_line='update=359 step=91904 sps=57 mean_reward=-1.4966'
last_line='step=134000 eps=0.745 ep_reward=-10.07 buffer=100000'
last_line='update=575 step=147200 sps=61 mean_reward=-1.4450'
last_line='update=359 step=91904 sps=57 mean_reward=-1.4966'
last_line='step=134000 eps=0.745 ep_reward=-10.07 buffer=100000'
last_line='update=576 step=147456 sps=61 mean_reward=-1.5859'
last_line='update=360 step=92160 sps=56 mean_reward=-1.4110'
last_line='step=134000 eps=0.745 ep_reward=-10.07 buffer=100000'
last_line='update=576 step=147456 sps=61 mean_reward=-1.5859'
last_line='update=360 step=92160 sps=56 mean_reward=-1.4110'
last_line='step=134000 eps=0.745 ep_reward=-10.07 buffer=100000'
last_line='update=577 step=147712 sps=61 mean_reward=-1.3307'
last_line='update=361 step=92416 sps=56 mean_reward=-1.4834'
last_line='step=135000 eps=0.744 ep_reward=-0.09 buffer=100000'
last_line='update=577 step=147712 sps=61 mean_reward=-1.3307'
last_line='update=361 step=92416 sps=56 mean_reward=-1.4834'
last_line='step=135000 eps=0.744 ep_reward=-0.09 buffer=100000'
last_line='update=578 step=147968 sps=61 mean_reward=-1.5929'
last_line='update=362 step=92672 sps=56 mean_reward=-1.3581'
last_line='step=135000 eps=0.744 ep_reward=-0.09 buffer=100000'
last_line='update=578 step=147968 sps=61 mean_reward=-1.5929'
last_line='update=362 step=92672 sps=56 mean_reward=-1.3581'
last_line='step=135000 eps=0.744 ep_reward=-0.09 buffer=100000'
last_line='update=579 step=148224 sps=61 mean_reward=-1.3819'
last_line='update=362 step=92672 sps=56 mean_reward=-1.3581'
last_line='step=135000 eps=0.744 ep_reward=-0.09 buffer=100000'
last_line='update=579 step=148224 sps=61 mean_reward=-1.3819'
last_line='update=363 step=92928 sps=56 mean_reward=-1.4336'
last_line='step=135000 eps=0.744 ep_reward=-0.09 buffer=100000'
last_line='update=580 step=148480 sps=61 mean_reward=-1.4521'
last_line='update=363 step=92928 sps=56 mean_reward=-1.4336'
last_line='step=136000 eps=0.742 ep_reward=0.19 buffer=100000'
last_line='update=581 step=148736 sps=61 mean_reward=-1.3121'
last_line='update=364 step=93184 sps=57 mean_reward=-1.3440'
last_line='step=136000 eps=0.742 ep_reward=0.19 buffer=100000'
last_line='update=581 step=148736 sps=61 mean_reward=-1.3121'
last_line='update=364 step=93184 sps=57 mean_reward=-1.3440'
last_line='step=136000 eps=0.742 ep_reward=0.19 buffer=100000'
last_line='update=582 step=148992 sps=61 mean_reward=-1.3844'
last_line='update=365 step=93440 sps=57 mean_reward=-1.4739'
last_line='step=136000 eps=0.742 ep_reward=0.19 buffer=100000'
last_line='update=582 step=148992 sps=61 mean_reward=-1.3844'
last_line='update=365 step=93440 sps=57 mean_reward=-1.4739'
last_line='step=136000 eps=0.742 ep_reward=0.19 buffer=100000'
last_line='update=583 step=149248 sps=61 mean_reward=-1.3900'
last_line='update=366 step=93696 sps=56 mean_reward=-1.5376'
last_line='step=137000 eps=0.740 ep_reward=0.08 buffer=100000'
last_line='update=583 step=149248 sps=61 mean_reward=-1.3900'
last_line='update=366 step=93696 sps=56 mean_reward=-1.5376'
last_line='step=137000 eps=0.740 ep_reward=0.08 buffer=100000'
last_line='update=584 step=149504 sps=61 mean_reward=-1.3453'
last_line='update=367 step=93952 sps=57 mean_reward=-1.5013'
last_line='step=137000 eps=0.740 ep_reward=0.08 buffer=100000'
last_line='update=584 step=149504 sps=61 mean_reward=-1.3453'
last_line='update=367 step=93952 sps=57 mean_reward=-1.5013'
last_line='step=137000 eps=0.740 ep_reward=0.08 buffer=100000'
last_line='update=585 step=149760 sps=61 mean_reward=-1.4657'
last_line='update=367 step=93952 sps=57 mean_reward=-1.5013'
last_line='step=137000 eps=0.740 ep_reward=0.08 buffer=100000'
last_line='update=585 step=149760 sps=61 mean_reward=-1.4657'
last_line='update=368 step=94208 sps=56 mean_reward=-1.3731'
last_line='step=137000 eps=0.740 ep_reward=0.08 buffer=100000'
last_line='update=586 step=150016 sps=61 mean_reward=-1.2950'
last_line='update=368 step=94208 sps=56 mean_reward=-1.3731'
last_line='step=138000 eps=0.738 ep_reward=-0.05 buffer=100000'
last_line='update=586 step=150016 sps=61 mean_reward=-1.2950'
last_line='update=369 step=94464 sps=56 mean_reward=-1.3028'
last_line='step=138000 eps=0.738 ep_reward=-0.05 buffer=100000'
last_line='update=587 step=150272 sps=61 mean_reward=-1.4291'
last_line='update=369 step=94464 sps=56 mean_reward=-1.3028'
last_line='step=138000 eps=0.738 ep_reward=-0.05 buffer=100000'
last_line='update=587 step=150272 sps=61 mean_reward=-1.4291'
last_line='update=369 step=94464 sps=56 mean_reward=-1.3028'
last_line='step=138000 eps=0.738 ep_reward=-0.05 buffer=100000'
last_line='update=588 step=150528 sps=61 mean_reward=-1.4344'
last_line='update=370 step=94720 sps=56 mean_reward=-1.4871'
last_line='step=138000 eps=0.738 ep_reward=-0.05 buffer=100000'
last_line='update=588 step=150528 sps=61 mean_reward=-1.4344'
last_line='update=370 step=94720 sps=56 mean_reward=-1.4871'
last_line='step=139000 eps=0.736 ep_reward=-9.58 buffer=100000'
last_line='update=589 step=150784 sps=61 mean_reward=-1.3736'
last_line='update=371 step=94976 sps=56 mean_reward=-1.4725'
last_line='step=139000 eps=0.736 ep_reward=-9.58 buffer=100000'
last_line='update=589 step=150784 sps=61 mean_reward=-1.3736'
last_line='update=371 step=94976 sps=56 mean_reward=-1.4725'
last_line='step=139000 eps=0.736 ep_reward=-9.58 buffer=100000'
last_line='update=590 step=151040 sps=61 mean_reward=-1.2561'
last_line='update=372 step=95232 sps=56 mean_reward=-1.4158'
last_line='step=139000 eps=0.736 ep_reward=-9.58 buffer=100000'
last_line='update=590 step=151040 sps=61 mean_reward=-1.2561'
last_line='update=372 step=95232 sps=56 mean_reward=-1.4158'
last_line='step=139000 eps=0.736 ep_reward=-9.58 buffer=100000'
last_line='update=591 step=151296 sps=61 mean_reward=-1.3236'
last_line='update=372 step=95232 sps=56 mean_reward=-1.4158'
last_line='step=139000 eps=0.736 ep_reward=-9.58 buffer=100000'
last_line='update=591 step=151296 sps=61 mean_reward=-1.3236'
last_line='update=373 step=95488 sps=56 mean_reward=-1.4162'
last_line='step=140000 eps=0.734 ep_reward=0.48 buffer=100000'
last_line='update=592 step=151552 sps=61 mean_reward=-1.3825'
last_line='update=373 step=95488 sps=56 mean_reward=-1.4162'
last_line='step=140000 eps=0.734 ep_reward=0.48 buffer=100000'
last_line='update=592 step=151552 sps=61 mean_reward=-1.3825'
last_line='update=374 step=95744 sps=56 mean_reward=-1.3432'
last_line='step=140000 eps=0.734 ep_reward=0.48 buffer=100000'
last_line='update=593 step=151808 sps=61 mean_reward=-1.4033'
last_line='update=374 step=95744 sps=56 mean_reward=-1.3432'
last_line='step=140000 eps=0.734 ep_reward=0.48 buffer=100000'
last_line='update=593 step=151808 sps=61 mean_reward=-1.4033'
last_line='update=375 step=96000 sps=56 mean_reward=-1.3564'
last_line='step=140000 eps=0.734 ep_reward=0.48 buffer=100000'
last_line='update=594 step=152064 sps=61 mean_reward=-1.3111'
last_line='update=375 step=96000 sps=56 mean_reward=-1.3564'
last_line='step=140000 eps=0.734 ep_reward=0.48 buffer=100000'
last_line='update=594 step=152064 sps=61 mean_reward=-1.3111'
last_line='update=376 step=96256 sps=56 mean_reward=-1.3519'
last_line='step=141000 eps=0.732 ep_reward=-9.90 buffer=100000'
last_line='update=595 step=152320 sps=61 mean_reward=-1.2434'
last_line='update=376 step=96256 sps=56 mean_reward=-1.3519'
last_line='step=141000 eps=0.732 ep_reward=-9.90 buffer=100000'
last_line='update=595 step=152320 sps=61 mean_reward=-1.2434'
last_line='update=377 step=96512 sps=56 mean_reward=-1.5019'
last_line='step=141000 eps=0.732 ep_reward=-9.90 buffer=100000'
last_line='update=596 step=152576 sps=61 mean_reward=-1.4978'
last_line='update=377 step=96512 sps=56 mean_reward=-1.5019'
last_line='step=141000 eps=0.732 ep_reward=-9.90 buffer=100000'
last_line='update=596 step=152576 sps=61 mean_reward=-1.4978'
last_line='update=377 step=96512 sps=56 mean_reward=-1.5019'
last_line='step=141000 eps=0.732 ep_reward=-9.90 buffer=100000'
last_line='update=597 step=152832 sps=61 mean_reward=-1.5004'
last_line='update=378 step=96768 sps=56 mean_reward=-1.4502'
last_line='step=142000 eps=0.730 ep_reward=0.18 buffer=100000'
last_line='update=597 step=152832 sps=61 mean_reward=-1.5004'
last_line='update=378 step=96768 sps=56 mean_reward=-1.4502'
last_line='step=142000 eps=0.730 ep_reward=0.18 buffer=100000'
last_line='update=597 step=152832 sps=61 mean_reward=-1.5004'
last_line='update=379 step=97024 sps=56 mean_reward=-1.3233'
last_line='step=142000 eps=0.730 ep_reward=0.18 buffer=100000'
last_line='update=598 step=153088 sps=61 mean_reward=-1.3200'
last_line='update=379 step=97024 sps=56 mean_reward=-1.3233'
last_line='step=142000 eps=0.730 ep_reward=0.18 buffer=100000'
last_line='update=598 step=153088 sps=61 mean_reward=-1.3200'
last_line='update=380 step=97280 sps=56 mean_reward=-1.4711'
last_line='step=142000 eps=0.730 ep_reward=0.18 buffer=100000'
last_line='update=599 step=153344 sps=61 mean_reward=-1.3976'
last_line='update=380 step=97280 sps=56 mean_reward=-1.4711'
last_line='step=143000 eps=0.728 ep_reward=-0.02 buffer=100000'
last_line='update=600 step=153600 sps=61 mean_reward=-1.4588'
last_line='update=381 step=97536 sps=56 mean_reward=-1.3076'
last_line='step=143000 eps=0.728 ep_reward=-0.02 buffer=100000'
last_line='update=600 step=153600 sps=61 mean_reward=-1.4588'
last_line='update=381 step=97536 sps=56 mean_reward=-1.3076'
last_line='step=143000 eps=0.728 ep_reward=-0.02 buffer=100000'
last_line='update=601 step=153856 sps=61 mean_reward=-1.3791'
last_line='update=382 step=97792 sps=56 mean_reward=-1.3113'
last_line='step=143000 eps=0.728 ep_reward=-0.02 buffer=100000'
last_line='update=601 step=153856 sps=61 mean_reward=-1.3791'
last_line='update=382 step=97792 sps=56 mean_reward=-1.3113'
last_line='step=143000 eps=0.728 ep_reward=-0.02 buffer=100000'
last_line='update=602 step=154112 sps=61 mean_reward=-1.4342'
last_line='update=383 step=98048 sps=56 mean_reward=-1.5794'
last_line='step=143000 eps=0.728 ep_reward=-0.02 buffer=100000'
last_line='update=602 step=154112 sps=61 mean_reward=-1.4342'
last_line='update=383 step=98048 sps=56 mean_reward=-1.5794'
last_line='step=144000 eps=0.726 ep_reward=-0.02 buffer=100000'
last_line='update=603 step=154368 sps=61 mean_reward=-1.5008'
last_line='update=384 step=98304 sps=56 mean_reward=-1.4026'
last_line='step=144000 eps=0.726 ep_reward=-0.02 buffer=100000'
last_line='update=603 step=154368 sps=61 mean_reward=-1.5008'
last_line='update=384 step=98304 sps=56 mean_reward=-1.4026'
last_line='step=144000 eps=0.726 ep_reward=-0.02 buffer=100000'
last_line='update=604 step=154624 sps=61 mean_reward=-1.5648'
last_line='update=384 step=98304 sps=56 mean_reward=-1.4026'
last_line='step=144000 eps=0.726 ep_reward=-0.02 buffer=100000'
last_line='update=604 step=154624 sps=61 mean_reward=-1.5648'
last_line='update=385 step=98560 sps=56 mean_reward=-1.3717'
last_line='step=144000 eps=0.726 ep_reward=-0.02 buffer=100000'
last_line='update=605 step=154880 sps=61 mean_reward=-1.3477'
last_line='update=385 step=98560 sps=56 mean_reward=-1.3717'
last_line='step=145000 eps=0.725 ep_reward=-0.01 buffer=100000'
last_line='update=605 step=154880 sps=61 mean_reward=-1.3477'
last_line='update=386 step=98816 sps=56 mean_reward=-1.2278'
last_line='step=145000 eps=0.725 ep_reward=-0.01 buffer=100000'
last_line='update=606 step=155136 sps=61 mean_reward=-1.3038'
last_line='update=386 step=98816 sps=56 mean_reward=-1.2278'
last_line='step=145000 eps=0.725 ep_reward=-0.01 buffer=100000'
last_line='update=606 step=155136 sps=61 mean_reward=-1.3038'
last_line='update=387 step=99072 sps=56 mean_reward=-1.4680'
last_line='step=145000 eps=0.725 ep_reward=-0.01 buffer=100000'
last_line='update=607 step=155392 sps=61 mean_reward=-1.4755'
last_line='update=387 step=99072 sps=56 mean_reward=-1.4680'
last_line='step=145000 eps=0.725 ep_reward=-0.01 buffer=100000'
last_line='update=607 step=155392 sps=61 mean_reward=-1.4755'
last_line='update=388 step=99328 sps=56 mean_reward=-1.3662'
last_line='step=145000 eps=0.725 ep_reward=-0.01 buffer=100000'
last_line='update=608 step=155648 sps=61 mean_reward=-1.4130'
last_line='update=388 step=99328 sps=56 mean_reward=-1.3662'
last_line='step=146000 eps=0.723 ep_reward=-0.01 buffer=100000'
last_line='update=608 step=155648 sps=61 mean_reward=-1.4130'
last_line='update=389 step=99584 sps=56 mean_reward=-1.5010'
last_line='step=146000 eps=0.723 ep_reward=-0.01 buffer=100000'
last_line='update=609 step=155904 sps=61 mean_reward=-1.3892'
last_line='update=389 step=99584 sps=56 mean_reward=-1.5010'
last_line='step=146000 eps=0.723 ep_reward=-0.01 buffer=100000'
last_line='update=609 step=155904 sps=61 mean_reward=-1.3892'
last_line='update=389 step=99584 sps=56 mean_reward=-1.5010'
last_line='step=146000 eps=0.723 ep_reward=-0.01 buffer=100000'
last_line='update=610 step=156160 sps=61 mean_reward=-1.3800'
last_line='update=390 step=99840 sps=56 mean_reward=-1.4488'
last_line='step=146000 eps=0.723 ep_reward=-0.01 buffer=100000'
last_line='update=610 step=156160 sps=61 mean_reward=-1.3800'
last_line='update=390 step=99840 sps=56 mean_reward=-1.4488'
last_line='step=146000 eps=0.723 ep_reward=-0.01 buffer=100000'
last_line='update=611 step=156416 sps=61 mean_reward=-1.3774'
last_line='update=391 step=100096 sps=56 mean_reward=-1.4034'
last_line='step=147000 eps=0.721 ep_reward=-9.91 buffer=100000'
last_line='update=611 step=156416 sps=61 mean_reward=-1.3774'
last_line='update=391 step=100096 sps=56 mean_reward=-1.4034'
last_line='step=147000 eps=0.721 ep_reward=-9.91 buffer=100000'
last_line='update=612 step=156672 sps=61 mean_reward=-1.4121'
last_line='update=392 step=100352 sps=56 mean_reward=-1.3413'
last_line='step=147000 eps=0.721 ep_reward=-9.91 buffer=100000'
last_line='update=612 step=156672 sps=61 mean_reward=-1.4121'
last_line='update=392 step=100352 sps=56 mean_reward=-1.3413'
last_line='step=147000 eps=0.721 ep_reward=-9.91 buffer=100000'
last_line='update=613 step=156928 sps=61 mean_reward=-1.2840'
last_line='update=393 step=100608 sps=56 mean_reward=-1.3047'
last_line='step=147000 eps=0.721 ep_reward=-9.91 buffer=100000'
last_line='update=613 step=156928 sps=61 mean_reward=-1.2840'
last_line='update=393 step=100608 sps=56 mean_reward=-1.3047'
last_line='step=148000 eps=0.719 ep_reward=0.65 buffer=100000'
last_line='update=614 step=157184 sps=61 mean_reward=-1.4072'
last_line='update=394 step=100864 sps=56 mean_reward=-1.3882'
last_line='step=148000 eps=0.719 ep_reward=0.65 buffer=100000'
last_line='update=614 step=157184 sps=61 mean_reward=-1.4072'
last_line='update=394 step=100864 sps=56 mean_reward=-1.3882'
last_line='step=148000 eps=0.719 ep_reward=0.65 buffer=100000'
last_line='update=615 step=157440 sps=61 mean_reward=-1.3267'
last_line='update=395 step=101120 sps=56 mean_reward=-1.4622'
last_line='step=148000 eps=0.719 ep_reward=0.65 buffer=100000'
last_line='update=615 step=157440 sps=61 mean_reward=-1.3267'
last_line='update=395 step=101120 sps=56 mean_reward=-1.4622'
last_line='step=148000 eps=0.719 ep_reward=0.65 buffer=100000'
last_line='update=616 step=157696 sps=61 mean_reward=-1.3459'
last_line='update=396 step=101376 sps=56 mean_reward=-1.4225'
last_line='step=149000 eps=0.717 ep_reward=-0.03 buffer=100000'
last_line='update=616 step=157696 sps=61 mean_reward=-1.3459'
last_line='update=396 step=101376 sps=56 mean_reward=-1.4225'
last_line='step=149000 eps=0.717 ep_reward=-0.03 buffer=100000'
last_line='update=617 step=157952 sps=61 mean_reward=-1.2070'
last_line='update=397 step=101632 sps=56 mean_reward=-1.4277'
last_line='step=149000 eps=0.717 ep_reward=-0.03 buffer=100000'
last_line='update=617 step=157952 sps=61 mean_reward=-1.2070'
last_line='update=397 step=101632 sps=56 mean_reward=-1.4277'
last_line='step=149000 eps=0.717 ep_reward=-0.03 buffer=100000'
last_line='update=617 step=157952 sps=61 mean_reward=-1.2070'
last_line='update=398 step=101888 sps=56 mean_reward=-1.3129'
last_line='step=149000 eps=0.717 ep_reward=-0.03 buffer=100000'
last_line='update=618 step=158208 sps=61 mean_reward=-1.3999'
last_line='update=398 step=101888 sps=56 mean_reward=-1.3129'
last_line='step=149000 eps=0.717 ep_reward=-0.03 buffer=100000'
last_line='update=618 step=158208 sps=61 mean_reward=-1.3999'
last_line='update=399 step=102144 sps=57 mean_reward=-1.4205'
last_line='step=150000 eps=0.715 ep_reward=1.05 buffer=100000'
last_line='update=619 step=158464 sps=61 mean_reward=-1.3378'
last_line='update=399 step=102144 sps=57 mean_reward=-1.4205'
last_line='step=150000 eps=0.715 ep_reward=1.05 buffer=100000'
last_line='update=619 step=158464 sps=61 mean_reward=-1.3378'
last_line='update=399 step=102144 sps=57 mean_reward=-1.4205'
last_line='step=150000 eps=0.715 ep_reward=1.05 buffer=100000'
last_line='update=620 step=158720 sps=61 mean_reward=-1.4675'
last_line='update=400 step=102400 sps=57 mean_reward=-1.3028'
last_line='step=150000 eps=0.715 ep_reward=1.05 buffer=100000'
last_line='update=620 step=158720 sps=61 mean_reward=-1.4675'
last_line='update=400 step=102400 sps=57 mean_reward=-1.3028'
last_line='step=150000 eps=0.715 ep_reward=1.05 buffer=100000'
last_line='update=621 step=158976 sps=61 mean_reward=-1.3848'
last_line='update=401 step=102656 sps=57 mean_reward=-1.3746'
last_line='step=150000 eps=0.715 ep_reward=1.05 buffer=100000'
last_line='update=621 step=158976 sps=61 mean_reward=-1.3848'
last_line='update=401 step=102656 sps=57 mean_reward=-1.3746'
last_line='step=150000 eps=0.715 ep_reward=1.05 buffer=100000'
last_line='update=622 step=159232 sps=61 mean_reward=-1.4038'
last_line='update=402 step=102912 sps=57 mean_reward=-1.3093'
last_line='step=150000 eps=0.715 ep_reward=1.05 buffer=100000'
last_line='update=622 step=159232 sps=61 mean_reward=-1.4038'
last_line='update=402 step=102912 sps=57 mean_reward=-1.3093'
last_line='step=150000 eps=0.715 ep_reward=1.05 buffer=100000'
last_line='update=623 step=159488 sps=61 mean_reward=-1.2782'
last_line='update=403 step=103168 sps=57 mean_reward=-1.1881'
last_line='step=150000 eps=0.715 ep_reward=1.05 buffer=100000'
last_line='update=623 step=159488 sps=61 mean_reward=-1.2782'
last_line='update=403 step=103168 sps=57 mean_reward=-1.1881'
last_line='step=150000 eps=0.715 ep_reward=1.05 buffer=100000'
last_line='update=624 step=159744 sps=61 mean_reward=-1.3716'
last_line='update=404 step=103424 sps=56 mean_reward=-1.3926'
last_line='step=151000 eps=0.713 ep_reward=0.11 buffer=100000'
last_line='update=624 step=159744 sps=61 mean_reward=-1.3716'
last_line='update=404 step=103424 sps=56 mean_reward=-1.3926'
last_line='step=151000 eps=0.713 ep_reward=0.11 buffer=100000'
last_line='update=624 step=159744 sps=61 mean_reward=-1.3716'
last_line='update=404 step=103424 sps=56 mean_reward=-1.3926'
last_line='step=151000 eps=0.713 ep_reward=0.11 buffer=100000'
last_line='update=625 step=160000 sps=61 mean_reward=-1.4330'
last_line='update=405 step=103680 sps=57 mean_reward=-1.4320'
last_line='step=151000 eps=0.713 ep_reward=0.11 buffer=100000'
last_line='update=625 step=160000 sps=61 mean_reward=-1.4330'
last_line='update=405 step=103680 sps=57 mean_reward=-1.4320'
last_line='step=151000 eps=0.713 ep_reward=0.11 buffer=100000'
last_line='update=626 step=160256 sps=61 mean_reward=-1.4584'
last_line='update=406 step=103936 sps=57 mean_reward=-1.3396'
last_line='step=152000 eps=0.711 ep_reward=0.48 buffer=100000'
last_line='update=627 step=160512 sps=61 mean_reward=-1.2893'
last_line='update=406 step=103936 sps=57 mean_reward=-1.3396'
last_line='step=152000 eps=0.711 ep_reward=0.48 buffer=100000'
last_line='update=627 step=160512 sps=61 mean_reward=-1.2893'
last_line='update=407 step=104192 sps=57 mean_reward=-1.4734'
last_line='step=152000 eps=0.711 ep_reward=0.48 buffer=100000'
last_line='update=628 step=160768 sps=61 mean_reward=-1.4129'
last_line='update=407 step=104192 sps=57 mean_reward=-1.4734'
last_line='step=152000 eps=0.711 ep_reward=0.48 buffer=100000'
last_line='update=628 step=160768 sps=61 mean_reward=-1.4129'
last_line='update=408 step=104448 sps=57 mean_reward=-1.4052'
last_line='step=152000 eps=0.711 ep_reward=0.48 buffer=100000'
last_line='update=629 step=161024 sps=61 mean_reward=-1.4578'
last_line='update=408 step=104448 sps=57 mean_reward=-1.4052'
last_line='step=153000 eps=0.709 ep_reward=0.52 buffer=100000'
last_line='update=629 step=161024 sps=61 mean_reward=-1.4578'
last_line='update=409 step=104704 sps=57 mean_reward=-1.3418'
last_line='step=153000 eps=0.709 ep_reward=0.52 buffer=100000'
last_line='update=630 step=161280 sps=61 mean_reward=-1.4425'
last_line='update=409 step=104704 sps=57 mean_reward=-1.3418'
last_line='step=153000 eps=0.709 ep_reward=0.52 buffer=100000'
last_line='update=630 step=161280 sps=61 mean_reward=-1.4425'
last_line='update=410 step=104960 sps=57 mean_reward=-1.1966'
last_line='step=153000 eps=0.709 ep_reward=0.52 buffer=100000'
last_line='update=631 step=161536 sps=61 mean_reward=-1.3855'
last_line='update=410 step=104960 sps=57 mean_reward=-1.1966'
last_line='step=153000 eps=0.709 ep_reward=0.52 buffer=100000'
last_line='update=631 step=161536 sps=61 mean_reward=-1.3855'
last_line='update=411 step=105216 sps=57 mean_reward=-1.2993'
last_line='step=153000 eps=0.709 ep_reward=0.52 buffer=100000'
last_line='update=632 step=161792 sps=61 mean_reward=-1.4581'
last_line='update=411 step=105216 sps=57 mean_reward=-1.2993'
last_line='step=154000 eps=0.707 ep_reward=-10.06 buffer=100000'
last_line='update=632 step=161792 sps=61 mean_reward=-1.4581'
last_line='update=412 step=105472 sps=57 mean_reward=-1.3385'
last_line='step=154000 eps=0.707 ep_reward=-10.06 buffer=100000'
last_line='update=633 step=162048 sps=61 mean_reward=-1.4085'
last_line='update=412 step=105472 sps=57 mean_reward=-1.3385'
last_line='step=154000 eps=0.707 ep_reward=-10.06 buffer=100000'
last_line='update=633 step=162048 sps=61 mean_reward=-1.4085'
last_line='update=413 step=105728 sps=57 mean_reward=-1.3382'
last_line='step=154000 eps=0.707 ep_reward=-10.06 buffer=100000'
last_line='update=634 step=162304 sps=61 mean_reward=-1.3150'
last_line='update=413 step=105728 sps=57 mean_reward=-1.3382'
last_line='step=154000 eps=0.707 ep_reward=-10.06 buffer=100000'
last_line='update=634 step=162304 sps=61 mean_reward=-1.3150'
last_line='update=414 step=105984 sps=57 mean_reward=-1.3809'
last_line='step=155000 eps=0.706 ep_reward=0.47 buffer=100000'
last_line='update=635 step=162560 sps=61 mean_reward=-1.4211'
last_line='update=414 step=105984 sps=57 mean_reward=-1.3809'
last_line='step=155000 eps=0.706 ep_reward=0.47 buffer=100000'
last_line='update=635 step=162560 sps=61 mean_reward=-1.4211'
last_line='update=415 step=106240 sps=57 mean_reward=-1.4704'
last_line='step=155000 eps=0.706 ep_reward=0.47 buffer=100000'
last_line='update=636 step=162816 sps=61 mean_reward=-1.3125'
last_line='update=415 step=106240 sps=57 mean_reward=-1.4704'
last_line='step=155000 eps=0.706 ep_reward=0.47 buffer=100000'
last_line='update=636 step=162816 sps=61 mean_reward=-1.3125'
last_line='update=415 step=106240 sps=57 mean_reward=-1.4704'
last_line='step=155000 eps=0.706 ep_reward=0.47 buffer=100000'
last_line='update=637 step=163072 sps=61 mean_reward=-1.3674'
last_line='update=416 step=106496 sps=57 mean_reward=-1.5199'
last_line='step=155000 eps=0.706 ep_reward=0.47 buffer=100000'
last_line='update=637 step=163072 sps=61 mean_reward=-1.3674'
last_line='update=416 step=106496 sps=57 mean_reward=-1.5199'
last_line='step=156000 eps=0.704 ep_reward=-0.03 buffer=100000'
last_line='update=638 step=163328 sps=61 mean_reward=-1.4613'
last_line='update=417 step=106752 sps=57 mean_reward=-1.4927'
last_line='step=156000 eps=0.704 ep_reward=-0.03 buffer=100000'
last_line='update=638 step=163328 sps=61 mean_reward=-1.4613'
last_line='update=417 step=106752 sps=57 mean_reward=-1.4927'
last_line='step=156000 eps=0.704 ep_reward=-0.03 buffer=100000'
last_line='update=639 step=163584 sps=61 mean_reward=-1.1968'
last_line='update=418 step=107008 sps=57 mean_reward=-1.4961'
last_line='step=156000 eps=0.704 ep_reward=-0.03 buffer=100000'
last_line='update=639 step=163584 sps=61 mean_reward=-1.1968'
last_line='update=418 step=107008 sps=57 mean_reward=-1.4961'
last_line='step=156000 eps=0.704 ep_reward=-0.03 buffer=100000'
last_line='update=640 step=163840 sps=61 mean_reward=-1.4670'
last_line='update=419 step=107264 sps=57 mean_reward=-1.4297'
last_line='step=157000 eps=0.702 ep_reward=-0.04 buffer=100000'
last_line='update=640 step=163840 sps=61 mean_reward=-1.4670'
last_line='update=419 step=107264 sps=57 mean_reward=-1.4297'
last_line='step=157000 eps=0.702 ep_reward=-0.04 buffer=100000'
last_line='update=641 step=164096 sps=61 mean_reward=-1.4783'
last_line='update=420 step=107520 sps=57 mean_reward=-1.4439'
last_line='step=157000 eps=0.702 ep_reward=-0.04 buffer=100000'
last_line='update=641 step=164096 sps=61 mean_reward=-1.4783'
last_line='update=420 step=107520 sps=57 mean_reward=-1.4439'
last_line='step=157000 eps=0.702 ep_reward=-0.04 buffer=100000'
last_line='update=642 step=164352 sps=61 mean_reward=-1.3587'
last_line='update=420 step=107520 sps=57 mean_reward=-1.4439'
last_line='step=157000 eps=0.702 ep_reward=-0.04 buffer=100000'
last_line='update=642 step=164352 sps=61 mean_reward=-1.3587'
last_line='update=421 step=107776 sps=57 mean_reward=-1.3497'
last_line='step=157000 eps=0.702 ep_reward=-0.04 buffer=100000'
last_line='update=643 step=164608 sps=61 mean_reward=-1.2838'
last_line='update=421 step=107776 sps=57 mean_reward=-1.3497'
last_line='step=158000 eps=0.700 ep_reward=-0.04 buffer=100000'
last_line='update=644 step=164864 sps=61 mean_reward=-1.2232'
last_line='update=422 step=108032 sps=57 mean_reward=-1.4283'
last_line='step=158000 eps=0.700 ep_reward=-0.04 buffer=100000'
last_line='update=644 step=164864 sps=61 mean_reward=-1.2232'
last_line='update=422 step=108032 sps=57 mean_reward=-1.4283'
last_line='step=158000 eps=0.700 ep_reward=-0.04 buffer=100000'
last_line='update=645 step=165120 sps=61 mean_reward=-1.3229'
last_line='update=423 step=108288 sps=57 mean_reward=-1.4121'
last_line='step=158000 eps=0.700 ep_reward=-0.04 buffer=100000'
last_line='update=645 step=165120 sps=61 mean_reward=-1.3229'
last_line='update=423 step=108288 sps=57 mean_reward=-1.4121'
last_line='step=158000 eps=0.700 ep_reward=-0.04 buffer=100000'
last_line='update=646 step=165376 sps=61 mean_reward=-1.4889'
last_line='update=424 step=108544 sps=57 mean_reward=-1.5292'
last_line='step=159000 eps=0.698 ep_reward=-0.02 buffer=100000'
last_line='update=646 step=165376 sps=61 mean_reward=-1.4889'
last_line='update=424 step=108544 sps=57 mean_reward=-1.5292'
last_line='step=159000 eps=0.698 ep_reward=-0.02 buffer=100000'
last_line='update=647 step=165632 sps=61 mean_reward=-1.4680'
last_line='update=424 step=108544 sps=57 mean_reward=-1.5292'
last_line='step=159000 eps=0.698 ep_reward=-0.02 buffer=100000'
last_line='update=647 step=165632 sps=61 mean_reward=-1.4680'
last_line='update=425 step=108800 sps=57 mean_reward=-1.3331'
last_line='step=159000 eps=0.698 ep_reward=-0.02 buffer=100000'
last_line='update=648 step=165888 sps=61 mean_reward=-1.4600'
last_line='update=425 step=108800 sps=57 mean_reward=-1.3331'
last_line='step=159000 eps=0.698 ep_reward=-0.02 buffer=100000'
last_line='update=648 step=165888 sps=61 mean_reward=-1.4600'
last_line='update=426 step=109056 sps=57 mean_reward=-1.4676'
last_line='step=160000 eps=0.696 ep_reward=0.11 buffer=100000'
last_line='update=649 step=166144 sps=61 mean_reward=-1.2837'
last_line='update=426 step=109056 sps=57 mean_reward=-1.4676'
last_line='step=160000 eps=0.696 ep_reward=0.11 buffer=100000'
last_line='update=649 step=166144 sps=61 mean_reward=-1.2837'
last_line='update=427 step=109312 sps=57 mean_reward=-1.3813'
last_line='step=160000 eps=0.696 ep_reward=0.11 buffer=100000'
last_line='update=650 step=166400 sps=61 mean_reward=-1.4163'
last_line='update=427 step=109312 sps=57 mean_reward=-1.3813'
last_line='step=160000 eps=0.696 ep_reward=0.11 buffer=100000'
last_line='update=650 step=166400 sps=61 mean_reward=-1.4163'
last_line='update=428 step=109568 sps=57 mean_reward=-1.3756'
last_line='step=160000 eps=0.696 ep_reward=0.11 buffer=100000'
last_line='update=651 step=166656 sps=61 mean_reward=-1.3535'
last_line='update=428 step=109568 sps=57 mean_reward=-1.3756'
last_line='step=160000 eps=0.696 ep_reward=0.11 buffer=100000'
last_line='update=652 step=166912 sps=61 mean_reward=-1.5014'
last_line='update=429 step=109824 sps=57 mean_reward=-1.4570'
last_line='step=160000 eps=0.696 ep_reward=0.11 buffer=100000'
last_line='update=652 step=166912 sps=61 mean_reward=-1.5014'
last_line='update=429 step=109824 sps=57 mean_reward=-1.4570'
last_line='step=161000 eps=0.694 ep_reward=0.38 buffer=100000'
last_line='update=653 step=167168 sps=61 mean_reward=-1.4848'
last_line='update=429 step=109824 sps=57 mean_reward=-1.4570'
last_line='step=161000 eps=0.694 ep_reward=0.38 buffer=100000'
last_line='update=653 step=167168 sps=61 mean_reward=-1.4848'
last_line='update=430 step=110080 sps=57 mean_reward=-1.3383'
last_line='step=161000 eps=0.694 ep_reward=0.38 buffer=100000'
last_line='update=654 step=167424 sps=61 mean_reward=-1.3529'
last_line='update=430 step=110080 sps=57 mean_reward=-1.3383'
last_line='step=161000 eps=0.694 ep_reward=0.38 buffer=100000'
last_line='update=654 step=167424 sps=61 mean_reward=-1.3529'
last_line='update=431 step=110336 sps=57 mean_reward=-1.4633'
last_line='step=161000 eps=0.694 ep_reward=0.38 buffer=100000'
last_line='update=655 step=167680 sps=61 mean_reward=-1.4294'
last_line='update=431 step=110336 sps=57 mean_reward=-1.4633'
last_line='step=162000 eps=0.692 ep_reward=-8.91 buffer=100000'
last_line='update=655 step=167680 sps=61 mean_reward=-1.4294'
last_line='update=432 step=110592 sps=57 mean_reward=-1.4854'
last_line='step=162000 eps=0.692 ep_reward=-8.91 buffer=100000'
last_line='update=656 step=167936 sps=61 mean_reward=-1.2669'
last_line='update=432 step=110592 sps=57 mean_reward=-1.4854'
last_line='step=162000 eps=0.692 ep_reward=-8.91 buffer=100000'
last_line='update=656 step=167936 sps=61 mean_reward=-1.2669'
last_line='update=432 step=110592 sps=57 mean_reward=-1.4854'
last_line='step=162000 eps=0.692 ep_reward=-8.91 buffer=100000'
last_line='update=657 step=168192 sps=61 mean_reward=-1.4321'
last_line='update=433 step=110848 sps=57 mean_reward=-1.4675'
last_line='step=162000 eps=0.692 ep_reward=-8.91 buffer=100000'
last_line='update=657 step=168192 sps=61 mean_reward=-1.4321'
last_line='update=433 step=110848 sps=57 mean_reward=-1.4675'
last_line='step=163000 eps=0.690 ep_reward=0.47 buffer=100000'
last_line='update=658 step=168448 sps=61 mean_reward=-1.4683'
last_line='update=434 step=111104 sps=57 mean_reward=-1.3490'
last_line='step=163000 eps=0.690 ep_reward=0.47 buffer=100000'
last_line='update=658 step=168448 sps=61 mean_reward=-1.4683'
last_line='update=434 step=111104 sps=57 mean_reward=-1.3490'
last_line='step=163000 eps=0.690 ep_reward=0.47 buffer=100000'
last_line='update=659 step=168704 sps=61 mean_reward=-1.3544'
last_line='update=435 step=111360 sps=57 mean_reward=-1.4338'
last_line='step=163000 eps=0.690 ep_reward=0.47 buffer=100000'
last_line='update=660 step=168960 sps=61 mean_reward=-1.4483'
last_line='update=435 step=111360 sps=57 mean_reward=-1.4338'
last_line='step=163000 eps=0.690 ep_reward=0.47 buffer=100000'
last_line='update=660 step=168960 sps=61 mean_reward=-1.4483'
last_line='update=436 step=111616 sps=57 mean_reward=-1.4656'
last_line='step=163000 eps=0.690 ep_reward=0.47 buffer=100000'
last_line='update=661 step=169216 sps=61 mean_reward=-1.4078'
last_line='update=436 step=111616 sps=57 mean_reward=-1.4656'
last_line='step=164000 eps=0.688 ep_reward=0.10 buffer=100000'
last_line='update=661 step=169216 sps=61 mean_reward=-1.4078'
last_line='update=437 step=111872 sps=57 mean_reward=-1.3234'
last_line='step=164000 eps=0.688 ep_reward=0.10 buffer=100000'
last_line='update=662 step=169472 sps=61 mean_reward=-1.3067'
last_line='update=437 step=111872 sps=57 mean_reward=-1.3234'
last_line='step=164000 eps=0.688 ep_reward=0.10 buffer=100000'
last_line='update=662 step=169472 sps=61 mean_reward=-1.3067'
last_line='update=437 step=111872 sps=57 mean_reward=-1.3234'
last_line='step=164000 eps=0.688 ep_reward=0.10 buffer=100000'
last_line='update=663 step=169728 sps=61 mean_reward=-1.3127'
last_line='update=438 step=112128 sps=57 mean_reward=-1.3975'
last_line='step=164000 eps=0.688 ep_reward=0.10 buffer=100000'
last_line='update=663 step=169728 sps=61 mean_reward=-1.3127'
last_line='update=438 step=112128 sps=57 mean_reward=-1.3975'
last_line='step=165000 eps=0.687 ep_reward=-0.03 buffer=100000'
last_line='update=664 step=169984 sps=62 mean_reward=-1.3335'
last_line='update=439 step=112384 sps=57 mean_reward=-1.3961'
last_line='step=165000 eps=0.687 ep_reward=-0.03 buffer=100000'
last_line='update=664 step=169984 sps=62 mean_reward=-1.3335'
last_line='update=439 step=112384 sps=57 mean_reward=-1.3961'
last_line='step=165000 eps=0.687 ep_reward=-0.03 buffer=100000'
last_line='update=665 step=170240 sps=62 mean_reward=-1.2015'
last_line='update=440 step=112640 sps=57 mean_reward=-1.2871'
last_line='step=165000 eps=0.687 ep_reward=-0.03 buffer=100000'
last_line='update=665 step=170240 sps=62 mean_reward=-1.2015'
last_line='update=440 step=112640 sps=57 mean_reward=-1.2871'
last_line='step=165000 eps=0.687 ep_reward=-0.03 buffer=100000'
last_line='update=666 step=170496 sps=62 mean_reward=-1.3968'
last_line='update=441 step=112896 sps=57 mean_reward=-1.4239'
last_line='step=165000 eps=0.687 ep_reward=-0.03 buffer=100000'
last_line='update=666 step=170496 sps=62 mean_reward=-1.3968'
last_line='update=441 step=112896 sps=57 mean_reward=-1.4239'
last_line='step=166000 eps=0.685 ep_reward=0.09 buffer=100000'
last_line='update=667 step=170752 sps=62 mean_reward=-1.4673'
last_line='update=441 step=112896 sps=57 mean_reward=-1.4239'
last_line='step=166000 eps=0.685 ep_reward=0.09 buffer=100000'
last_line='update=667 step=170752 sps=62 mean_reward=-1.4673'
last_line='update=442 step=113152 sps=57 mean_reward=-1.3353'
last_line='step=166000 eps=0.685 ep_reward=0.09 buffer=100000'
last_line='update=668 step=171008 sps=62 mean_reward=-1.3826'
last_line='update=442 step=113152 sps=57 mean_reward=-1.3353'
last_line='step=166000 eps=0.685 ep_reward=0.09 buffer=100000'
last_line='update=668 step=171008 sps=62 mean_reward=-1.3826'
last_line='update=443 step=113408 sps=57 mean_reward=-1.3702'
last_line='step=166000 eps=0.685 ep_reward=0.09 buffer=100000'
last_line='update=669 step=171264 sps=62 mean_reward=-1.2010'
last_line='update=443 step=113408 sps=57 mean_reward=-1.3702'
last_line='step=166000 eps=0.685 ep_reward=0.09 buffer=100000'
last_line='update=669 step=171264 sps=62 mean_reward=-1.2010'
last_line='update=444 step=113664 sps=57 mean_reward=-1.3335'
last_line='step=167000 eps=0.683 ep_reward=0.03 buffer=100000'
last_line='update=670 step=171520 sps=62 mean_reward=-1.4138'
last_line='update=444 step=113664 sps=57 mean_reward=-1.3335'
last_line='step=167000 eps=0.683 ep_reward=0.03 buffer=100000'
last_line='update=670 step=171520 sps=62 mean_reward=-1.4138'
last_line='update=445 step=113920 sps=57 mean_reward=-1.3444'
last_line='step=167000 eps=0.683 ep_reward=0.03 buffer=100000'
last_line='update=671 step=171776 sps=62 mean_reward=-1.3976'
last_line='update=445 step=113920 sps=57 mean_reward=-1.3444'
last_line='step=167000 eps=0.683 ep_reward=0.03 buffer=100000'
last_line='update=671 step=171776 sps=62 mean_reward=-1.3976'
last_line='update=446 step=114176 sps=57 mean_reward=-1.3246'
last_line='step=167000 eps=0.683 ep_reward=0.03 buffer=100000'
last_line='update=672 step=172032 sps=62 mean_reward=-1.2435'
last_line='update=446 step=114176 sps=57 mean_reward=-1.3246'
last_line='step=168000 eps=0.681 ep_reward=-9.40 buffer=100000'
last_line='update=672 step=172032 sps=62 mean_reward=-1.2435'
last_line='update=446 step=114176 sps=57 mean_reward=-1.3246'
last_line='step=168000 eps=0.681 ep_reward=-9.40 buffer=100000'
last_line='update=673 step=172288 sps=62 mean_reward=-1.4126'
last_line='update=447 step=114432 sps=57 mean_reward=-1.5362'
last_line='step=168000 eps=0.681 ep_reward=-9.40 buffer=100000'
last_line='update=673 step=172288 sps=62 mean_reward=-1.4126'
last_line='update=447 step=114432 sps=57 mean_reward=-1.5362'
last_line='step=168000 eps=0.681 ep_reward=-9.40 buffer=100000'
last_line='update=674 step=172544 sps=61 mean_reward=-1.4123'
last_line='update=448 step=114688 sps=57 mean_reward=-1.4983'
last_line='step=168000 eps=0.681 ep_reward=-9.40 buffer=100000'
last_line='update=674 step=172544 sps=61 mean_reward=-1.4123'
last_line='update=448 step=114688 sps=57 mean_reward=-1.4983'
last_line='step=169000 eps=0.679 ep_reward=-0.01 buffer=100000'
last_line='update=675 step=172800 sps=61 mean_reward=-1.3010'
last_line='update=449 step=114944 sps=56 mean_reward=-1.4119'
last_line='step=169000 eps=0.679 ep_reward=-0.01 buffer=100000'
last_line='update=675 step=172800 sps=61 mean_reward=-1.3010'
last_line='update=449 step=114944 sps=56 mean_reward=-1.4119'
last_line='step=169000 eps=0.679 ep_reward=-0.01 buffer=100000'
last_line='update=676 step=173056 sps=61 mean_reward=-1.3369'
last_line='update=449 step=114944 sps=56 mean_reward=-1.4119'
last_line='step=169000 eps=0.679 ep_reward=-0.01 buffer=100000'
last_line='update=676 step=173056 sps=61 mean_reward=-1.3369'
last_line='update=450 step=115200 sps=56 mean_reward=-1.4265'
last_line='step=169000 eps=0.679 ep_reward=-0.01 buffer=100000'
last_line='update=676 step=173056 sps=61 mean_reward=-1.3369'
last_line='update=450 step=115200 sps=56 mean_reward=-1.4265'
last_line='step=169000 eps=0.679 ep_reward=-0.01 buffer=100000'
last_line='update=677 step=173312 sps=61 mean_reward=-1.4146'
last_line='update=451 step=115456 sps=56 mean_reward=-1.4077'
last_line='step=170000 eps=0.677 ep_reward=-9.90 buffer=100000'
last_line='update=677 step=173312 sps=61 mean_reward=-1.4146'
last_line='update=451 step=115456 sps=56 mean_reward=-1.4077'
last_line='step=170000 eps=0.677 ep_reward=-9.90 buffer=100000'
last_line='update=678 step=173568 sps=61 mean_reward=-1.4644'
last_line='update=452 step=115712 sps=56 mean_reward=-1.3262'
last_line='step=170000 eps=0.677 ep_reward=-9.90 buffer=100000'
last_line='update=678 step=173568 sps=61 mean_reward=-1.4644'
last_line='update=452 step=115712 sps=56 mean_reward=-1.3262'
last_line='step=170000 eps=0.677 ep_reward=-9.90 buffer=100000'
last_line='update=679 step=173824 sps=61 mean_reward=-1.4463'
last_line='update=453 step=115968 sps=57 mean_reward=-1.4394'
last_line='step=170000 eps=0.677 ep_reward=-9.90 buffer=100000'
last_line='update=679 step=173824 sps=61 mean_reward=-1.4463'
last_line='update=453 step=115968 sps=57 mean_reward=-1.4394'
last_line='step=170000 eps=0.677 ep_reward=-9.90 buffer=100000'
last_line='update=680 step=174080 sps=61 mean_reward=-1.4379'
last_line='update=454 step=116224 sps=57 mean_reward=-1.4658'
last_line='step=171000 eps=0.675 ep_reward=-0.06 buffer=100000'
last_line='update=680 step=174080 sps=61 mean_reward=-1.4379'
last_line='update=454 step=116224 sps=57 mean_reward=-1.4658'
last_line='step=171000 eps=0.675 ep_reward=-0.06 buffer=100000'
last_line='update=681 step=174336 sps=61 mean_reward=-1.2792'
last_line='update=455 step=116480 sps=57 mean_reward=-1.5005'
last_line='step=171000 eps=0.675 ep_reward=-0.06 buffer=100000'
last_line='update=681 step=174336 sps=61 mean_reward=-1.2792'
last_line='update=455 step=116480 sps=57 mean_reward=-1.5005'
last_line='step=171000 eps=0.675 ep_reward=-0.06 buffer=100000'
last_line='update=682 step=174592 sps=61 mean_reward=-1.4496'
last_line='update=456 step=116736 sps=57 mean_reward=-1.4091'
last_line='step=171000 eps=0.675 ep_reward=-0.06 buffer=100000'
last_line='update=682 step=174592 sps=61 mean_reward=-1.4496'
last_line='update=456 step=116736 sps=57 mean_reward=-1.4091'
last_line='step=172000 eps=0.673 ep_reward=-0.02 buffer=100000'
last_line='update=683 step=174848 sps=61 mean_reward=-1.3535'
last_line='update=457 step=116992 sps=57 mean_reward=-1.3962'
last_line='step=172000 eps=0.673 ep_reward=-0.02 buffer=100000'
last_line='update=683 step=174848 sps=61 mean_reward=-1.3535'
last_line='update=457 step=116992 sps=57 mean_reward=-1.3962'
last_line='step=172000 eps=0.673 ep_reward=-0.02 buffer=100000'
last_line='update=684 step=175104 sps=61 mean_reward=-1.3511'
last_line='update=458 step=117248 sps=57 mean_reward=-1.2795'
last_line='step=172000 eps=0.673 ep_reward=-0.02 buffer=100000'
last_line='update=684 step=175104 sps=61 mean_reward=-1.3511'
last_line='update=458 step=117248 sps=57 mean_reward=-1.2795'
last_line='step=172000 eps=0.673 ep_reward=-0.02 buffer=100000'
last_line='update=684 step=175104 sps=61 mean_reward=-1.3511'
last_line='update=458 step=117248 sps=57 mean_reward=-1.2795'
last_line='step=173000 eps=0.671 ep_reward=0.09 buffer=100000'
last_line='update=685 step=175360 sps=61 mean_reward=-1.3822'
last_line='update=459 step=117504 sps=57 mean_reward=-1.4262'
last_line='step=173000 eps=0.671 ep_reward=0.09 buffer=100000'
last_line='update=685 step=175360 sps=61 mean_reward=-1.3822'
last_line='update=459 step=117504 sps=57 mean_reward=-1.4262'
last_line='step=173000 eps=0.671 ep_reward=0.09 buffer=100000'
last_line='update=686 step=175616 sps=61 mean_reward=-1.4638'
last_line='update=460 step=117760 sps=57 mean_reward=-1.4292'
last_line='step=173000 eps=0.671 ep_reward=0.09 buffer=100000'
last_line='update=686 step=175616 sps=61 mean_reward=-1.4638'
last_line='update=460 step=117760 sps=57 mean_reward=-1.4292'
last_line='step=173000 eps=0.671 ep_reward=0.09 buffer=100000'
last_line='update=687 step=175872 sps=61 mean_reward=-1.3685'
last_line='update=461 step=118016 sps=57 mean_reward=-1.4471'
last_line='step=173000 eps=0.671 ep_reward=0.09 buffer=100000'
last_line='update=687 step=175872 sps=61 mean_reward=-1.3685'
last_line='update=461 step=118016 sps=57 mean_reward=-1.4471'
last_line='step=174000 eps=0.669 ep_reward=-9.90 buffer=100000'
last_line='update=688 step=176128 sps=61 mean_reward=-1.3958'
last_line='update=462 step=118272 sps=57 mean_reward=-1.4391'
last_line='step=174000 eps=0.669 ep_reward=-9.90 buffer=100000'
last_line='update=688 step=176128 sps=61 mean_reward=-1.3958'
last_line='update=462 step=118272 sps=57 mean_reward=-1.4391'
last_line='step=174000 eps=0.669 ep_reward=-9.90 buffer=100000'
last_line='update=688 step=176128 sps=61 mean_reward=-1.3958'
last_line='update=462 step=118272 sps=57 mean_reward=-1.4391'
last_line='step=174000 eps=0.669 ep_reward=-9.90 buffer=100000'
last_line='update=689 step=176384 sps=61 mean_reward=-1.3557'
last_line='update=463 step=118528 sps=57 mean_reward=-1.3673'
last_line='step=174000 eps=0.669 ep_reward=-9.90 buffer=100000'
last_line='update=690 step=176640 sps=61 mean_reward=-1.3029'
last_line='update=463 step=118528 sps=57 mean_reward=-1.3673'
last_line='step=175000 eps=0.668 ep_reward=-0.02 buffer=100000'
last_line='update=690 step=176640 sps=61 mean_reward=-1.3029'
last_line='update=464 step=118784 sps=57 mean_reward=-1.2731'
last_line='step=175000 eps=0.668 ep_reward=-0.02 buffer=100000'
last_line='update=691 step=176896 sps=61 mean_reward=-1.5108'
last_line='update=464 step=118784 sps=57 mean_reward=-1.2731'
last_line='step=175000 eps=0.668 ep_reward=-0.02 buffer=100000'
last_line='update=691 step=176896 sps=61 mean_reward=-1.5108'
last_line='update=465 step=119040 sps=56 mean_reward=-1.4178'
last_line='step=175000 eps=0.668 ep_reward=-0.02 buffer=100000'
last_line='update=691 step=176896 sps=61 mean_reward=-1.5108'
last_line='update=465 step=119040 sps=56 mean_reward=-1.4178'
last_line='step=175000 eps=0.668 ep_reward=-0.02 buffer=100000'
last_line='update=692 step=177152 sps=61 mean_reward=-1.3997'
last_line='update=465 step=119040 sps=56 mean_reward=-1.4178'
last_line='step=175000 eps=0.668 ep_reward=-0.02 buffer=100000'
last_line='update=693 step=177408 sps=61 mean_reward=-1.4334'
last_line='update=466 step=119296 sps=56 mean_reward=-1.3498'
last_line='step=176000 eps=0.666 ep_reward=-0.01 buffer=100000'
last_line='update=693 step=177408 sps=61 mean_reward=-1.4334'
last_line='update=466 step=119296 sps=56 mean_reward=-1.3498'
last_line='step=176000 eps=0.666 ep_reward=-0.01 buffer=100000'
last_line='update=693 step=177408 sps=61 mean_reward=-1.4334'
last_line='update=467 step=119552 sps=56 mean_reward=-1.3574'
last_line='step=176000 eps=0.666 ep_reward=-0.01 buffer=100000'
last_line='update=694 step=177664 sps=61 mean_reward=-1.3525'
last_line='update=467 step=119552 sps=56 mean_reward=-1.3574'
last_line='step=176000 eps=0.666 ep_reward=-0.01 buffer=100000'
last_line='update=694 step=177664 sps=61 mean_reward=-1.3525'
last_line='update=468 step=119808 sps=56 mean_reward=-1.2916'
last_line='step=176000 eps=0.666 ep_reward=-0.01 buffer=100000'
last_line='update=695 step=177920 sps=61 mean_reward=-1.4355'
last_line='update=468 step=119808 sps=56 mean_reward=-1.2916'
last_line='step=177000 eps=0.664 ep_reward=0.57 buffer=100000'
last_line='update=695 step=177920 sps=61 mean_reward=-1.4355'
last_line='update=469 step=120064 sps=57 mean_reward=-1.4250'
last_line='step=177000 eps=0.664 ep_reward=0.57 buffer=100000'
last_line='update=695 step=177920 sps=61 mean_reward=-1.4355'
last_line='update=469 step=120064 sps=57 mean_reward=-1.4250'
last_line='step=177000 eps=0.664 ep_reward=0.57 buffer=100000'
last_line='update=696 step=178176 sps=61 mean_reward=-1.4224'
last_line='update=470 step=120320 sps=57 mean_reward=-1.3221'
last_line='step=177000 eps=0.664 ep_reward=0.57 buffer=100000'
last_line='update=696 step=178176 sps=61 mean_reward=-1.4224'
last_line='update=470 step=120320 sps=57 mean_reward=-1.3221'
last_line='step=177000 eps=0.664 ep_reward=0.57 buffer=100000'
last_line='update=697 step=178432 sps=61 mean_reward=-1.3549'
last_line='update=471 step=120576 sps=57 mean_reward=-1.3683'
last_line='step=177000 eps=0.664 ep_reward=0.57 buffer=100000'
last_line='update=697 step=178432 sps=61 mean_reward=-1.3549'
last_line='update=471 step=120576 sps=57 mean_reward=-1.3683'
last_line='step=178000 eps=0.662 ep_reward=-9.53 buffer=100000'
last_line='update=698 step=178688 sps=61 mean_reward=-1.5122'
last_line='update=472 step=120832 sps=57 mean_reward=-1.3935'
last_line='step=178000 eps=0.662 ep_reward=-9.53 buffer=100000'
last_line='update=698 step=178688 sps=61 mean_reward=-1.5122'
last_line='update=472 step=120832 sps=57 mean_reward=-1.3935'
last_line='step=178000 eps=0.662 ep_reward=-9.53 buffer=100000'
last_line='update=698 step=178688 sps=61 mean_reward=-1.5122'
last_line='update=473 step=121088 sps=57 mean_reward=-1.3839'
last_line='step=178000 eps=0.662 ep_reward=-9.53 buffer=100000'
last_line='update=699 step=178944 sps=61 mean_reward=-1.3796'
last_line='update=473 step=121088 sps=57 mean_reward=-1.3839'
last_line='step=178000 eps=0.662 ep_reward=-9.53 buffer=100000'
last_line='update=699 step=178944 sps=61 mean_reward=-1.3796'
last_line='update=474 step=121344 sps=57 mean_reward=-1.4669'
last_line='step=179000 eps=0.660 ep_reward=-9.43 buffer=100000'
last_line='update=700 step=179200 sps=61 mean_reward=-1.3475'
last_line='update=474 step=121344 sps=57 mean_reward=-1.4669'
last_line='step=179000 eps=0.660 ep_reward=-9.43 buffer=100000'
last_line='update=700 step=179200 sps=61 mean_reward=-1.3475'
last_line='update=475 step=121600 sps=57 mean_reward=-1.1821'
last_line='step=179000 eps=0.660 ep_reward=-9.43 buffer=100000'
last_line='update=700 step=179200 sps=61 mean_reward=-1.3475'
last_line='update=475 step=121600 sps=57 mean_reward=-1.1821'
last_line='step=179000 eps=0.660 ep_reward=-9.43 buffer=100000'
last_line='update=701 step=179456 sps=61 mean_reward=-1.4862'
last_line='update=476 step=121856 sps=57 mean_reward=-1.2922'
last_line='step=179000 eps=0.660 ep_reward=-9.43 buffer=100000'
last_line='update=701 step=179456 sps=61 mean_reward=-1.4862'
last_line='update=476 step=121856 sps=57 mean_reward=-1.2922'
last_line='step=180000 eps=0.658 ep_reward=-0.05 buffer=100000'
last_line='update=702 step=179712 sps=61 mean_reward=-1.4297'
last_line='update=477 step=122112 sps=57 mean_reward=-1.3388'
last_line='step=180000 eps=0.658 ep_reward=-0.05 buffer=100000'
last_line='update=702 step=179712 sps=61 mean_reward=-1.4297'
last_line='update=477 step=122112 sps=57 mean_reward=-1.3388'
last_line='step=180000 eps=0.658 ep_reward=-0.05 buffer=100000'
last_line='update=703 step=179968 sps=61 mean_reward=-1.3402'
last_line='update=478 step=122368 sps=57 mean_reward=-1.3721'
last_line='step=180000 eps=0.658 ep_reward=-0.05 buffer=100000'
last_line='update=703 step=179968 sps=61 mean_reward=-1.3402'
last_line='update=478 step=122368 sps=57 mean_reward=-1.3721'
last_line='step=180000 eps=0.658 ep_reward=-0.05 buffer=100000'
last_line='update=703 step=179968 sps=61 mean_reward=-1.3402'
last_line='update=479 step=122624 sps=57 mean_reward=-1.3378'
last_line='step=180000 eps=0.658 ep_reward=-0.05 buffer=100000'
last_line='update=704 step=180224 sps=61 mean_reward=-1.5038'
last_line='update=479 step=122624 sps=57 mean_reward=-1.3378'
last_line='step=180000 eps=0.658 ep_reward=-0.05 buffer=100000'
last_line='update=704 step=180224 sps=61 mean_reward=-1.5038'
last_line='update=480 step=122880 sps=57 mean_reward=-1.2749'
last_line='step=181000 eps=0.656 ep_reward=-9.48 buffer=100000'
last_line='update=705 step=180480 sps=61 mean_reward=-1.3625'
last_line='update=480 step=122880 sps=57 mean_reward=-1.2749'
last_line='step=181000 eps=0.656 ep_reward=-9.48 buffer=100000'
last_line='update=705 step=180480 sps=61 mean_reward=-1.3625'
last_line='update=480 step=122880 sps=57 mean_reward=-1.2749'
last_line='step=181000 eps=0.656 ep_reward=-9.48 buffer=100000'
last_line='update=706 step=180736 sps=61 mean_reward=-1.3489'
last_line='update=481 step=123136 sps=57 mean_reward=-1.3977'
last_line='step=181000 eps=0.656 ep_reward=-9.48 buffer=100000'
last_line='update=706 step=180736 sps=61 mean_reward=-1.3489'
last_line='update=481 step=123136 sps=57 mean_reward=-1.3977'
last_line='step=181000 eps=0.656 ep_reward=-9.48 buffer=100000'
last_line='update=707 step=180992 sps=61 mean_reward=-1.4679'
last_line='update=482 step=123392 sps=57 mean_reward=-1.3684'
last_line='step=182000 eps=0.654 ep_reward=-10.04 buffer=100000'
last_line='update=707 step=180992 sps=61 mean_reward=-1.4679'
last_line='update=482 step=123392 sps=57 mean_reward=-1.3684'
last_line='step=182000 eps=0.654 ep_reward=-10.04 buffer=100000'
last_line='update=707 step=180992 sps=61 mean_reward=-1.4679'
last_line='update=483 step=123648 sps=57 mean_reward=-1.4503'
last_line='step=182000 eps=0.654 ep_reward=-10.04 buffer=100000'
last_line='update=708 step=181248 sps=61 mean_reward=-1.4380'
last_line='update=483 step=123648 sps=57 mean_reward=-1.4503'
last_line='step=182000 eps=0.654 ep_reward=-10.04 buffer=100000'
last_line='update=708 step=181248 sps=61 mean_reward=-1.4380'
last_line='update=483 step=123648 sps=57 mean_reward=-1.4503'
last_line='step=182000 eps=0.654 ep_reward=-10.04 buffer=100000'
last_line='update=709 step=181504 sps=61 mean_reward=-1.3924'
last_line='update=484 step=123904 sps=57 mean_reward=-1.2763'
last_line='step=183000 eps=0.652 ep_reward=-0.03 buffer=100000'
last_line='update=709 step=181504 sps=61 mean_reward=-1.3924'
last_line='update=484 step=123904 sps=57 mean_reward=-1.2763'
last_line='step=183000 eps=0.652 ep_reward=-0.03 buffer=100000'
last_line='update=710 step=181760 sps=61 mean_reward=-1.2914'
last_line='update=485 step=124160 sps=57 mean_reward=-1.4509'
last_line='step=183000 eps=0.652 ep_reward=-0.03 buffer=100000'
last_line='update=710 step=181760 sps=61 mean_reward=-1.2914'
last_line='update=485 step=124160 sps=57 mean_reward=-1.4509'
last_line='step=183000 eps=0.652 ep_reward=-0.03 buffer=100000'
last_line='update=710 step=181760 sps=61 mean_reward=-1.2914'
last_line='update=486 step=124416 sps=57 mean_reward=-1.3380'
last_line='step=183000 eps=0.652 ep_reward=-0.03 buffer=100000'
last_line='update=711 step=182016 sps=61 mean_reward=-1.3671'
last_line='update=486 step=124416 sps=57 mean_reward=-1.3380'
last_line='step=184000 eps=0.650 ep_reward=-0.03 buffer=100000'
last_line='update=711 step=182016 sps=61 mean_reward=-1.3671'
last_line='update=487 step=124672 sps=57 mean_reward=-1.4469'
last_line='step=184000 eps=0.650 ep_reward=-0.03 buffer=100000'
last_line='update=712 step=182272 sps=61 mean_reward=-1.3004'
last_line='update=487 step=124672 sps=57 mean_reward=-1.4469'
last_line='step=184000 eps=0.650 ep_reward=-0.03 buffer=100000'
last_line='update=712 step=182272 sps=61 mean_reward=-1.3004'
last_line='update=488 step=124928 sps=57 mean_reward=-1.2954'
last_line='step=184000 eps=0.650 ep_reward=-0.03 buffer=100000'
last_line='update=713 step=182528 sps=61 mean_reward=-1.3147'
last_line='update=488 step=124928 sps=57 mean_reward=-1.2954'
last_line='step=184000 eps=0.650 ep_reward=-0.03 buffer=100000'
last_line='update=713 step=182528 sps=61 mean_reward=-1.3147'
last_line='update=489 step=125184 sps=57 mean_reward=-1.4171'
last_line='step=184000 eps=0.650 ep_reward=-0.03 buffer=100000'
last_line='update=713 step=182528 sps=61 mean_reward=-1.3147'
last_line='update=489 step=125184 sps=57 mean_reward=-1.4171'
last_line='step=185000 eps=0.649 ep_reward=-10.03 buffer=100000'
last_line='update=714 step=182784 sps=61 mean_reward=-1.5033'
last_line='update=489 step=125184 sps=57 mean_reward=-1.4171'
last_line='step=185000 eps=0.649 ep_reward=-10.03 buffer=100000'
last_line='update=714 step=182784 sps=61 mean_reward=-1.5033'
last_line='update=490 step=125440 sps=57 mean_reward=-1.5110'
last_line='step=185000 eps=0.649 ep_reward=-10.03 buffer=100000'
last_line='update=715 step=183040 sps=61 mean_reward=-1.3482'
last_line='update=490 step=125440 sps=57 mean_reward=-1.5110'
last_line='step=185000 eps=0.649 ep_reward=-10.03 buffer=100000'
last_line='update=715 step=183040 sps=61 mean_reward=-1.3482'
last_line='update=491 step=125696 sps=57 mean_reward=-1.2949'
last_line='step=185000 eps=0.649 ep_reward=-10.03 buffer=100000'
last_line='update=715 step=183040 sps=61 mean_reward=-1.3482'
last_line='update=491 step=125696 sps=57 mean_reward=-1.2949'
last_line='step=185000 eps=0.649 ep_reward=-10.03 buffer=100000'
last_line='update=716 step=183296 sps=61 mean_reward=-1.5195'
last_line='update=492 step=125952 sps=57 mean_reward=-1.3919'
last_line='step=186000 eps=0.647 ep_reward=0.91 buffer=100000'
last_line='update=716 step=183296 sps=61 mean_reward=-1.5195'
last_line='update=492 step=125952 sps=57 mean_reward=-1.3919'
last_line='step=186000 eps=0.647 ep_reward=0.91 buffer=100000'
last_line='update=717 step=183552 sps=61 mean_reward=-1.4061'
last_line='update=493 step=126208 sps=57 mean_reward=-1.4263'
last_line='step=186000 eps=0.647 ep_reward=0.91 buffer=100000'
last_line='update=717 step=183552 sps=61 mean_reward=-1.4061'
last_line='update=493 step=126208 sps=57 mean_reward=-1.4263'
last_line='step=186000 eps=0.647 ep_reward=0.91 buffer=100000'
last_line='update=717 step=183552 sps=61 mean_reward=-1.4061'
last_line='update=494 step=126464 sps=57 mean_reward=-1.3039'
last_line='step=186000 eps=0.647 ep_reward=0.91 buffer=100000'
last_line='update=718 step=183808 sps=61 mean_reward=-1.2788'
last_line='update=494 step=126464 sps=57 mean_reward=-1.3039'
last_line='step=187000 eps=0.645 ep_reward=0.88 buffer=100000'
last_line='update=718 step=183808 sps=61 mean_reward=-1.2788'
last_line='update=495 step=126720 sps=57 mean_reward=-1.3588'
last_line='step=187000 eps=0.645 ep_reward=0.88 buffer=100000'
last_line='update=719 step=184064 sps=61 mean_reward=-1.3228'
last_line='update=495 step=126720 sps=57 mean_reward=-1.3588'
last_line='step=187000 eps=0.645 ep_reward=0.88 buffer=100000'
last_line='update=719 step=184064 sps=61 mean_reward=-1.3228'
last_line='update=496 step=126976 sps=57 mean_reward=-1.3960'
last_line='step=187000 eps=0.645 ep_reward=0.88 buffer=100000'
last_line='update=720 step=184320 sps=61 mean_reward=-1.2772'
last_line='update=496 step=126976 sps=57 mean_reward=-1.3960'
last_line='step=187000 eps=0.645 ep_reward=0.88 buffer=100000'
last_line='update=720 step=184320 sps=61 mean_reward=-1.2772'
last_line='update=496 step=126976 sps=57 mean_reward=-1.3960'
last_line='step=188000 eps=0.643 ep_reward=-0.18 buffer=100000'
last_line='update=720 step=184320 sps=61 mean_reward=-1.2772'
last_line='update=497 step=127232 sps=57 mean_reward=-1.3616'
last_line='step=188000 eps=0.643 ep_reward=-0.18 buffer=100000'
last_line='update=721 step=184576 sps=61 mean_reward=-1.4332'
last_line='update=497 step=127232 sps=57 mean_reward=-1.3616'
last_line='step=188000 eps=0.643 ep_reward=-0.18 buffer=100000'
last_line='update=721 step=184576 sps=61 mean_reward=-1.4332'
last_line='update=498 step=127488 sps=57 mean_reward=-1.3157'
last_line='step=188000 eps=0.643 ep_reward=-0.18 buffer=100000'
last_line='update=722 step=184832 sps=61 mean_reward=-1.4141'
last_line='update=498 step=127488 sps=57 mean_reward=-1.3157'
last_line='step=188000 eps=0.643 ep_reward=-0.18 buffer=100000'
last_line='update=722 step=184832 sps=61 mean_reward=-1.4141'
last_line='update=499 step=127744 sps=57 mean_reward=-1.4427'
last_line='step=188000 eps=0.643 ep_reward=-0.18 buffer=100000'
last_line='update=722 step=184832 sps=61 mean_reward=-1.4141'
last_line='update=499 step=127744 sps=57 mean_reward=-1.4427'
last_line='step=189000 eps=0.641 ep_reward=0.44 buffer=100000'
last_line='update=723 step=185088 sps=61 mean_reward=-1.4757'
last_line='update=499 step=127744 sps=57 mean_reward=-1.4427'
last_line='step=189000 eps=0.641 ep_reward=0.44 buffer=100000'
last_line='update=723 step=185088 sps=61 mean_reward=-1.4757'
last_line='update=500 step=128000 sps=57 mean_reward=-1.3667'
last_line='step=189000 eps=0.641 ep_reward=0.44 buffer=100000'
last_line='update=724 step=185344 sps=61 mean_reward=-1.4586'
last_line='update=500 step=128000 sps=57 mean_reward=-1.3667'
last_line='step=189000 eps=0.641 ep_reward=0.44 buffer=100000'
last_line='update=724 step=185344 sps=61 mean_reward=-1.4586'
last_line='update=501 step=128256 sps=57 mean_reward=-1.3261'
last_line='step=189000 eps=0.641 ep_reward=0.44 buffer=100000'
last_line='update=725 step=185600 sps=61 mean_reward=-1.3519'
last_line='update=501 step=128256 sps=57 mean_reward=-1.3261'
last_line='step=190000 eps=0.639 ep_reward=-10.03 buffer=100000'
last_line='update=725 step=185600 sps=61 mean_reward=-1.3519'
last_line='update=502 step=128512 sps=57 mean_reward=-1.4511'
last_line='step=190000 eps=0.639 ep_reward=-10.03 buffer=100000'
last_line='update=725 step=185600 sps=61 mean_reward=-1.3519'
last_line='update=502 step=128512 sps=57 mean_reward=-1.4511'
last_line='step=190000 eps=0.639 ep_reward=-10.03 buffer=100000'
last_line='update=726 step=185856 sps=61 mean_reward=-1.4311'
last_line='update=503 step=128768 sps=57 mean_reward=-1.2635'
last_line='step=190000 eps=0.639 ep_reward=-10.03 buffer=100000'
last_line='update=726 step=185856 sps=61 mean_reward=-1.4311'
last_line='update=503 step=128768 sps=57 mean_reward=-1.2635'
last_line='step=190000 eps=0.639 ep_reward=-10.03 buffer=100000'
last_line='update=727 step=186112 sps=61 mean_reward=-1.3468'
last_line='update=504 step=129024 sps=57 mean_reward=-1.3237'
last_line='step=190000 eps=0.639 ep_reward=-10.03 buffer=100000'
last_line='update=727 step=186112 sps=61 mean_reward=-1.3468'
last_line='update=504 step=129024 sps=57 mean_reward=-1.3237'
last_line='step=191000 eps=0.637 ep_reward=0.45 buffer=100000'
last_line='update=728 step=186368 sps=61 mean_reward=-1.4291'
last_line='update=505 step=129280 sps=57 mean_reward=-1.3843'
last_line='step=191000 eps=0.637 ep_reward=0.45 buffer=100000'
last_line='update=728 step=186368 sps=61 mean_reward=-1.4291'
last_line='update=505 step=129280 sps=57 mean_reward=-1.3843'
last_line='step=191000 eps=0.637 ep_reward=0.45 buffer=100000'
last_line='update=728 step=186368 sps=61 mean_reward=-1.4291'
last_line='update=505 step=129280 sps=57 mean_reward=-1.3843'
last_line='step=191000 eps=0.637 ep_reward=0.45 buffer=100000'
last_line='update=729 step=186624 sps=61 mean_reward=-1.4248'
last_line='update=506 step=129536 sps=57 mean_reward=-1.4550'
last_line='step=191000 eps=0.637 ep_reward=0.45 buffer=100000'
last_line='update=729 step=186624 sps=61 mean_reward=-1.4248'
last_line='update=506 step=129536 sps=57 mean_reward=-1.4550'
last_line='step=192000 eps=0.635 ep_reward=-0.07 buffer=100000'
last_line='update=730 step=186880 sps=61 mean_reward=-1.4023'
last_line='update=507 step=129792 sps=57 mean_reward=-1.2853'
last_line='step=192000 eps=0.635 ep_reward=-0.07 buffer=100000'
last_line='update=730 step=186880 sps=61 mean_reward=-1.4023'
last_line='update=507 step=129792 sps=57 mean_reward=-1.2853'
last_line='step=192000 eps=0.635 ep_reward=-0.07 buffer=100000'
last_line='update=731 step=187136 sps=61 mean_reward=-1.2763'
last_line='update=508 step=130048 sps=57 mean_reward=-1.4050'
last_line='step=192000 eps=0.635 ep_reward=-0.07 buffer=100000'
last_line='update=731 step=187136 sps=61 mean_reward=-1.2763'
last_line='update=508 step=130048 sps=57 mean_reward=-1.4050'
last_line='step=192000 eps=0.635 ep_reward=-0.07 buffer=100000'
last_line='update=731 step=187136 sps=61 mean_reward=-1.2763'
last_line='update=509 step=130304 sps=57 mean_reward=-1.4472'
last_line='step=192000 eps=0.635 ep_reward=-0.07 buffer=100000'
last_line='update=732 step=187392 sps=61 mean_reward=-1.2541'
last_line='update=509 step=130304 sps=57 mean_reward=-1.4472'
[2026-08-05 11:34:06 UTC] ✓ Model 'comm_cir' completed.
[2026-08-05 11:34:06 UTC] -> Launching background evaluation for comm_cir (stage 1) ...
last_line='step=193000 eps=0.633 ep_reward=-0.01 buffer=100000'
last_line='update=509 step=130304 sps=57 mean_reward=-1.4472'
last_line='step=193000 eps=0.633 ep_reward=-0.01 buffer=100000'
last_line='update=510 step=130560 sps=57 mean_reward=-1.4029'
last_line='step=193000 eps=0.633 ep_reward=-0.01 buffer=100000'
last_line='update=511 step=130816 sps=57 mean_reward=-1.3464'
last_line='step=193000 eps=0.633 ep_reward=-0.01 buffer=100000'
last_line='update=511 step=130816 sps=57 mean_reward=-1.3464'
last_line='step=194000 eps=0.631 ep_reward=-0.04 buffer=100000'
last_line='update=512 step=131072 sps=57 mean_reward=-1.3011'
last_line='step=194000 eps=0.631 ep_reward=-0.04 buffer=100000'
last_line='update=512 step=131072 sps=57 mean_reward=-1.3011'
last_line='step=194000 eps=0.631 ep_reward=-0.04 buffer=100000'
last_line='update=512 step=131072 sps=57 mean_reward=-1.3011'
last_line='step=194000 eps=0.631 ep_reward=-0.04 buffer=100000'
last_line='update=513 step=131328 sps=57 mean_reward=-1.3586'
last_line='step=194000 eps=0.631 ep_reward=-0.04 buffer=100000'
last_line='update=513 step=131328 sps=57 mean_reward=-1.3586'
last_line='step=195000 eps=0.630 ep_reward=-0.05 buffer=100000'
last_line='update=514 step=131584 sps=57 mean_reward=-1.4302'
last_line='step=195000 eps=0.630 ep_reward=-0.05 buffer=100000'
last_line='update=514 step=131584 sps=57 mean_reward=-1.4302'
last_line='step=195000 eps=0.630 ep_reward=-0.05 buffer=100000'
last_line='update=515 step=131840 sps=57 mean_reward=-1.3970'
last_line='step=195000 eps=0.630 ep_reward=-0.05 buffer=100000'
last_line='update=516 step=132096 sps=57 mean_reward=-1.4324'
last_line='step=195000 eps=0.630 ep_reward=-0.05 buffer=100000'
last_line='update=516 step=132096 sps=57 mean_reward=-1.4324'
last_line='step=195000 eps=0.630 ep_reward=-0.05 buffer=100000'
last_line='update=517 step=132352 sps=57 mean_reward=-1.4889'
last_line='step=196000 eps=0.628 ep_reward=-0.01 buffer=100000'
last_line='update=517 step=132352 sps=57 mean_reward=-1.4889'
last_line='step=196000 eps=0.628 ep_reward=-0.01 buffer=100000'
last_line='update=518 step=132608 sps=57 mean_reward=-1.5208'
last_line='step=196000 eps=0.628 ep_reward=-0.01 buffer=100000'
last_line='update=518 step=132608 sps=57 mean_reward=-1.5208'
last_line='step=196000 eps=0.628 ep_reward=-0.01 buffer=100000'
last_line='update=519 step=132864 sps=57 mean_reward=-1.2600'
last_line='step=196000 eps=0.628 ep_reward=-0.01 buffer=100000'
last_line='update=519 step=132864 sps=57 mean_reward=-1.2600'
last_line='step=197000 eps=0.626 ep_reward=-0.01 buffer=100000'
last_line='update=520 step=133120 sps=57 mean_reward=-1.3018'
last_line='step=197000 eps=0.626 ep_reward=-0.01 buffer=100000'
last_line='update=520 step=133120 sps=57 mean_reward=-1.3018'
last_line='step=197000 eps=0.626 ep_reward=-0.01 buffer=100000'
last_line='update=521 step=133376 sps=57 mean_reward=-1.4704'
last_line='step=197000 eps=0.626 ep_reward=-0.01 buffer=100000'
last_line='update=521 step=133376 sps=57 mean_reward=-1.4704'
last_line='step=197000 eps=0.626 ep_reward=-0.01 buffer=100000'
last_line='update=522 step=133632 sps=57 mean_reward=-1.2993'
last_line='step=198000 eps=0.624 ep_reward=-0.02 buffer=100000'
last_line='update=522 step=133632 sps=57 mean_reward=-1.2993'
last_line='step=198000 eps=0.624 ep_reward=-0.02 buffer=100000'
last_line='update=523 step=133888 sps=57 mean_reward=-1.2837'
last_line='step=198000 eps=0.624 ep_reward=-0.02 buffer=100000'
last_line='update=524 step=134144 sps=57 mean_reward=-1.5297'
last_line='step=198000 eps=0.624 ep_reward=-0.02 buffer=100000'
last_line='update=524 step=134144 sps=57 mean_reward=-1.5297'
last_line='step=198000 eps=0.624 ep_reward=-0.02 buffer=100000'
last_line='update=525 step=134400 sps=57 mean_reward=-1.3697'
last_line='step=199000 eps=0.622 ep_reward=0.60 buffer=100000'
last_line='update=525 step=134400 sps=57 mean_reward=-1.3697'
last_line='step=199000 eps=0.622 ep_reward=0.60 buffer=100000'
last_line='update=526 step=134656 sps=57 mean_reward=-1.4053'
last_line='step=199000 eps=0.622 ep_reward=0.60 buffer=100000'
last_line='update=526 step=134656 sps=57 mean_reward=-1.4053'
last_line='step=199000 eps=0.622 ep_reward=0.60 buffer=100000'
last_line='update=527 step=134912 sps=57 mean_reward=-1.3949'
last_line='step=199000 eps=0.622 ep_reward=0.60 buffer=100000'
last_line='update=527 step=134912 sps=57 mean_reward=-1.3949'
last_line='step=200000 eps=0.620 ep_reward=-0.03 buffer=100000'
last_line='update=528 step=135168 sps=57 mean_reward=-1.4087'
last_line='step=200000 eps=0.620 ep_reward=-0.03 buffer=100000'
last_line='update=528 step=135168 sps=57 mean_reward=-1.4087'
last_line='step=200000 eps=0.620 ep_reward=-0.03 buffer=100000'
last_line='update=528 step=135168 sps=57 mean_reward=-1.4087'
last_line='step=200000 eps=0.620 ep_reward=-0.03 buffer=100000'
last_line='update=529 step=135424 sps=57 mean_reward=-1.3576'
last_line='step=200000 eps=0.620 ep_reward=-0.03 buffer=100000'
last_line='update=529 step=135424 sps=57 mean_reward=-1.3576'
last_line='step=200000 eps=0.620 ep_reward=-0.03 buffer=100000'
last_line='update=530 step=135680 sps=57 mean_reward=-1.4824'
last_line='step=200000 eps=0.620 ep_reward=-0.03 buffer=100000'
last_line='update=530 step=135680 sps=57 mean_reward=-1.4824'
last_line='step=200000 eps=0.620 ep_reward=-0.03 buffer=100000'
last_line='update=531 step=135936 sps=57 mean_reward=-1.4628'
last_line='step=200000 eps=0.620 ep_reward=-0.03 buffer=100000'
last_line='update=532 step=136192 sps=57 mean_reward=-1.4742'
last_line='step=201000 eps=0.618 ep_reward=-0.03 buffer=100000'
last_line='update=532 step=136192 sps=57 mean_reward=-1.4742'
last_line='step=201000 eps=0.618 ep_reward=-0.03 buffer=100000'
last_line='update=533 step=136448 sps=57 mean_reward=-1.3956'
last_line='step=201000 eps=0.618 ep_reward=-0.03 buffer=100000'
last_line='update=533 step=136448 sps=57 mean_reward=-1.3956'
last_line='step=201000 eps=0.618 ep_reward=-0.03 buffer=100000'
last_line='update=534 step=136704 sps=57 mean_reward=-1.3157'
last_line='step=201000 eps=0.618 ep_reward=-0.03 buffer=100000'
last_line='update=534 step=136704 sps=57 mean_reward=-1.3157'
last_line='step=202000 eps=0.616 ep_reward=1.85 buffer=100000'
last_line='update=535 step=136960 sps=57 mean_reward=-1.3378'
last_line='step=202000 eps=0.616 ep_reward=1.85 buffer=100000'
last_line='update=535 step=136960 sps=57 mean_reward=-1.3378'
last_line='step=202000 eps=0.616 ep_reward=1.85 buffer=100000'
last_line='update=536 step=137216 sps=57 mean_reward=-1.3604'
last_line='step=202000 eps=0.616 ep_reward=1.85 buffer=100000'
last_line='update=536 step=137216 sps=57 mean_reward=-1.3604'
last_line='step=202000 eps=0.616 ep_reward=1.85 buffer=100000'
last_line='update=537 step=137472 sps=57 mean_reward=-1.3943'
last_line='step=203000 eps=0.614 ep_reward=-0.01 buffer=100000'
last_line='update=537 step=137472 sps=57 mean_reward=-1.3943'
last_line='step=203000 eps=0.614 ep_reward=-0.01 buffer=100000'
last_line='update=538 step=137728 sps=57 mean_reward=-1.4580'
last_line='step=203000 eps=0.614 ep_reward=-0.01 buffer=100000'
last_line='update=538 step=137728 sps=57 mean_reward=-1.4580'
last_line='step=203000 eps=0.614 ep_reward=-0.01 buffer=100000'
last_line='update=539 step=137984 sps=57 mean_reward=-1.3158'
last_line='step=203000 eps=0.614 ep_reward=-0.01 buffer=100000'
last_line='update=539 step=137984 sps=57 mean_reward=-1.3158'
last_line='step=204000 eps=0.612 ep_reward=0.12 buffer=100000'
last_line='update=540 step=138240 sps=57 mean_reward=-1.2602'
last_line='step=204000 eps=0.612 ep_reward=0.12 buffer=100000'
last_line='update=540 step=138240 sps=57 mean_reward=-1.2602'
last_line='step=204000 eps=0.612 ep_reward=0.12 buffer=100000'
last_line='update=541 step=138496 sps=57 mean_reward=-1.4619'
last_line='step=204000 eps=0.612 ep_reward=0.12 buffer=100000'
last_line='update=541 step=138496 sps=57 mean_reward=-1.4619'
last_line='step=205000 eps=0.611 ep_reward=-0.03 buffer=100000'
last_line='update=542 step=138752 sps=57 mean_reward=-1.4358'
last_line='step=205000 eps=0.611 ep_reward=-0.03 buffer=100000'
last_line='update=543 step=139008 sps=57 mean_reward=-1.2733'
last_line='step=205000 eps=0.611 ep_reward=-0.03 buffer=100000'
last_line='update=543 step=139008 sps=57 mean_reward=-1.2733'
last_line='step=205000 eps=0.611 ep_reward=-0.03 buffer=100000'
last_line='update=544 step=139264 sps=57 mean_reward=-1.4150'
last_line='step=205000 eps=0.611 ep_reward=-0.03 buffer=100000'
last_line='update=544 step=139264 sps=57 mean_reward=-1.4150'
last_line='step=205000 eps=0.611 ep_reward=-0.03 buffer=100000'
last_line='update=545 step=139520 sps=57 mean_reward=-1.5739'
last_line='step=206000 eps=0.609 ep_reward=0.02 buffer=100000'
last_line='update=545 step=139520 sps=57 mean_reward=-1.5739'
last_line='step=206000 eps=0.609 ep_reward=0.02 buffer=100000'
last_line='update=546 step=139776 sps=57 mean_reward=-1.3780'
last_line='step=206000 eps=0.609 ep_reward=0.02 buffer=100000'
last_line='update=546 step=139776 sps=57 mean_reward=-1.3780'
last_line='step=206000 eps=0.609 ep_reward=0.02 buffer=100000'
last_line='update=547 step=140032 sps=57 mean_reward=-1.3502'
last_line='step=206000 eps=0.609 ep_reward=0.02 buffer=100000'
last_line='update=547 step=140032 sps=57 mean_reward=-1.3502'
last_line='step=207000 eps=0.607 ep_reward=-0.02 buffer=100000'
last_line='update=548 step=140288 sps=57 mean_reward=-1.4635'
last_line='step=207000 eps=0.607 ep_reward=-0.02 buffer=100000'
last_line='update=548 step=140288 sps=57 mean_reward=-1.4635'
last_line='step=207000 eps=0.607 ep_reward=-0.02 buffer=100000'
last_line='update=549 step=140544 sps=57 mean_reward=-1.3734'
last_line='step=207000 eps=0.607 ep_reward=-0.02 buffer=100000'
last_line='update=549 step=140544 sps=57 mean_reward=-1.3734'
last_line='step=207000 eps=0.607 ep_reward=-0.02 buffer=100000'
last_line='update=550 step=140800 sps=57 mean_reward=-1.1335'
last_line='step=208000 eps=0.605 ep_reward=-0.03 buffer=100000'
last_line='update=551 step=141056 sps=57 mean_reward=-1.1320'
last_line='step=208000 eps=0.605 ep_reward=-0.03 buffer=100000'
last_line='update=551 step=141056 sps=57 mean_reward=-1.1320'
last_line='step=208000 eps=0.605 ep_reward=-0.03 buffer=100000'
last_line='update=552 step=141312 sps=57 mean_reward=-1.2975'
last_line='step=208000 eps=0.605 ep_reward=-0.03 buffer=100000'
last_line='update=552 step=141312 sps=57 mean_reward=-1.2975'
last_line='step=208000 eps=0.605 ep_reward=-0.03 buffer=100000'
last_line='update=553 step=141568 sps=57 mean_reward=-1.4373'
last_line='step=209000 eps=0.603 ep_reward=-0.10 buffer=100000'
last_line='update=553 step=141568 sps=57 mean_reward=-1.4373'
last_line='step=209000 eps=0.603 ep_reward=-0.10 buffer=100000'
last_line='update=554 step=141824 sps=57 mean_reward=-1.3911'
last_line='step=209000 eps=0.603 ep_reward=-0.10 buffer=100000'
last_line='update=554 step=141824 sps=57 mean_reward=-1.3911'
last_line='step=209000 eps=0.603 ep_reward=-0.10 buffer=100000'
last_line='update=555 step=142080 sps=57 mean_reward=-1.4759'
last_line='step=209000 eps=0.603 ep_reward=-0.10 buffer=100000'
last_line='update=555 step=142080 sps=57 mean_reward=-1.4759'
last_line='step=210000 eps=0.601 ep_reward=-10.03 buffer=100000'
last_line='update=556 step=142336 sps=57 mean_reward=-1.4107'
last_line='step=210000 eps=0.601 ep_reward=-10.03 buffer=100000'
last_line='update=556 step=142336 sps=57 mean_reward=-1.4107'
last_line='step=210000 eps=0.601 ep_reward=-10.03 buffer=100000'
last_line='update=557 step=142592 sps=57 mean_reward=-1.3385'
last_line='step=210000 eps=0.601 ep_reward=-10.03 buffer=100000'
last_line='update=557 step=142592 sps=57 mean_reward=-1.3385'
last_line='step=210000 eps=0.601 ep_reward=-10.03 buffer=100000'
last_line='update=558 step=142848 sps=57 mean_reward=-1.4206'
last_line='step=211000 eps=0.599 ep_reward=-9.54 buffer=100000'
last_line='update=558 step=142848 sps=57 mean_reward=-1.4206'
last_line='step=211000 eps=0.599 ep_reward=-9.54 buffer=100000'
last_line='update=559 step=143104 sps=57 mean_reward=-1.3824'
last_line='step=211000 eps=0.599 ep_reward=-9.54 buffer=100000'
last_line='update=559 step=143104 sps=57 mean_reward=-1.3824'
last_line='step=211000 eps=0.599 ep_reward=-9.54 buffer=100000'
last_line='update=560 step=143360 sps=57 mean_reward=-1.4196'
last_line='step=211000 eps=0.599 ep_reward=-9.54 buffer=100000'
last_line='update=560 step=143360 sps=57 mean_reward=-1.4196'
last_line='step=212000 eps=0.597 ep_reward=0.45 buffer=100000'
last_line='update=561 step=143616 sps=57 mean_reward=-1.3599'
last_line='step=212000 eps=0.597 ep_reward=0.45 buffer=100000'
last_line='update=561 step=143616 sps=57 mean_reward=-1.3599'
last_line='step=212000 eps=0.597 ep_reward=0.45 buffer=100000'
last_line='update=562 step=143872 sps=57 mean_reward=-1.4159'
last_line='step=212000 eps=0.597 ep_reward=0.45 buffer=100000'
last_line='update=562 step=143872 sps=57 mean_reward=-1.4159'
last_line='step=212000 eps=0.597 ep_reward=0.45 buffer=100000'
last_line='update=563 step=144128 sps=57 mean_reward=-1.3456'
last_line='step=213000 eps=0.595 ep_reward=-9.90 buffer=100000'
last_line='update=563 step=144128 sps=57 mean_reward=-1.3456'
last_line='step=213000 eps=0.595 ep_reward=-9.90 buffer=100000'
last_line='update=564 step=144384 sps=57 mean_reward=-1.4108'
last_line='step=213000 eps=0.595 ep_reward=-9.90 buffer=100000'
last_line='update=564 step=144384 sps=57 mean_reward=-1.4108'
last_line='step=213000 eps=0.595 ep_reward=-9.90 buffer=100000'
last_line='update=565 step=144640 sps=57 mean_reward=-1.4241'
last_line='step=213000 eps=0.595 ep_reward=-9.90 buffer=100000'
last_line='update=566 step=144896 sps=57 mean_reward=-1.3137'
last_line='step=214000 eps=0.593 ep_reward=-0.03 buffer=100000'
last_line='update=566 step=144896 sps=57 mean_reward=-1.3137'
last_line='step=214000 eps=0.593 ep_reward=-0.03 buffer=100000'
last_line='update=567 step=145152 sps=57 mean_reward=-1.4410'
last_line='step=214000 eps=0.593 ep_reward=-0.03 buffer=100000'
last_line='update=567 step=145152 sps=57 mean_reward=-1.4410'
last_line='step=214000 eps=0.593 ep_reward=-0.03 buffer=100000'
last_line='update=568 step=145408 sps=57 mean_reward=-1.3207'
last_line='step=214000 eps=0.593 ep_reward=-0.03 buffer=100000'
last_line='update=568 step=145408 sps=57 mean_reward=-1.3207'
last_line='step=215000 eps=0.592 ep_reward=0.49 buffer=100000'
last_line='update=569 step=145664 sps=57 mean_reward=-1.2822'
last_line='step=215000 eps=0.592 ep_reward=0.49 buffer=100000'
last_line='update=569 step=145664 sps=57 mean_reward=-1.2822'
last_line='step=215000 eps=0.592 ep_reward=0.49 buffer=100000'
last_line='update=570 step=145920 sps=57 mean_reward=-1.2350'
last_line='step=215000 eps=0.592 ep_reward=0.49 buffer=100000'
last_line='update=571 step=146176 sps=57 mean_reward=-1.2133'
last_line='step=215000 eps=0.592 ep_reward=0.49 buffer=100000'
last_line='update=571 step=146176 sps=57 mean_reward=-1.2133'
last_line='step=216000 eps=0.590 ep_reward=1.15 buffer=100000'
last_line='update=572 step=146432 sps=57 mean_reward=-1.4110'
last_line='step=216000 eps=0.590 ep_reward=1.15 buffer=100000'
last_line='update=572 step=146432 sps=57 mean_reward=-1.4110'
last_line='step=216000 eps=0.590 ep_reward=1.15 buffer=100000'
last_line='update=573 step=146688 sps=57 mean_reward=-1.2878'
last_line='step=216000 eps=0.590 ep_reward=1.15 buffer=100000'
last_line='update=573 step=146688 sps=57 mean_reward=-1.2878'
last_line='step=216000 eps=0.590 ep_reward=1.15 buffer=100000'
last_line='update=574 step=146944 sps=57 mean_reward=-1.3847'
last_line='step=217000 eps=0.588 ep_reward=-0.03 buffer=100000'
last_line='update=575 step=147200 sps=57 mean_reward=-1.4242'
last_line='step=217000 eps=0.588 ep_reward=-0.03 buffer=100000'
last_line='update=575 step=147200 sps=57 mean_reward=-1.4242'
last_line='step=217000 eps=0.588 ep_reward=-0.03 buffer=100000'
last_line='update=576 step=147456 sps=57 mean_reward=-1.2797'
last_line='step=217000 eps=0.588 ep_reward=-0.03 buffer=100000'
last_line='update=576 step=147456 sps=57 mean_reward=-1.2797'
last_line='step=217000 eps=0.588 ep_reward=-0.03 buffer=100000'
last_line='update=577 step=147712 sps=57 mean_reward=-1.4680'
last_line='step=218000 eps=0.586 ep_reward=-0.02 buffer=100000'
last_line='update=577 step=147712 sps=57 mean_reward=-1.4680'
last_line='step=218000 eps=0.586 ep_reward=-0.02 buffer=100000'
last_line='update=578 step=147968 sps=58 mean_reward=-1.3945'
last_line='step=218000 eps=0.586 ep_reward=-0.02 buffer=100000'
last_line='update=578 step=147968 sps=58 mean_reward=-1.3945'
last_line='step=218000 eps=0.586 ep_reward=-0.02 buffer=100000'
last_line='update=579 step=148224 sps=58 mean_reward=-1.4625'
last_line='step=218000 eps=0.586 ep_reward=-0.02 buffer=100000'
last_line='update=579 step=148224 sps=58 mean_reward=-1.4625'
last_line='step=219000 eps=0.584 ep_reward=-9.92 buffer=100000'
last_line='update=580 step=148480 sps=58 mean_reward=-1.2752'
last_line='step=219000 eps=0.584 ep_reward=-9.92 buffer=100000'
last_line='update=581 step=148736 sps=58 mean_reward=-1.5025'
last_line='step=219000 eps=0.584 ep_reward=-9.92 buffer=100000'
last_line='update=581 step=148736 sps=58 mean_reward=-1.5025'
last_line='step=219000 eps=0.584 ep_reward=-9.92 buffer=100000'
last_line='update=582 step=148992 sps=58 mean_reward=-1.4049'
last_line='step=219000 eps=0.584 ep_reward=-9.92 buffer=100000'
last_line='update=582 step=148992 sps=58 mean_reward=-1.4049'
last_line='step=220000 eps=0.582 ep_reward=0.46 buffer=100000'
last_line='update=583 step=149248 sps=58 mean_reward=-1.2363'
last_line='step=220000 eps=0.582 ep_reward=0.46 buffer=100000'
last_line='update=583 step=149248 sps=58 mean_reward=-1.2363'
last_line='step=220000 eps=0.582 ep_reward=0.46 buffer=100000'
last_line='update=584 step=149504 sps=58 mean_reward=-1.2886'
last_line='step=220000 eps=0.582 ep_reward=0.46 buffer=100000'
last_line='update=584 step=149504 sps=58 mean_reward=-1.2886'
last_line='step=220000 eps=0.582 ep_reward=0.46 buffer=100000'
last_line='update=585 step=149760 sps=58 mean_reward=-1.2782'
last_line='step=220000 eps=0.582 ep_reward=0.46 buffer=100000'
last_line='update=586 step=150016 sps=58 mean_reward=-1.2900'
last_line='step=221000 eps=0.580 ep_reward=0.90 buffer=100000'
last_line='update=586 step=150016 sps=58 mean_reward=-1.2900'
last_line='step=221000 eps=0.580 ep_reward=0.90 buffer=100000'
last_line='update=587 step=150272 sps=58 mean_reward=-1.2248'
last_line='step=221000 eps=0.580 ep_reward=0.90 buffer=100000'
last_line='update=587 step=150272 sps=58 mean_reward=-1.2248'
last_line='step=221000 eps=0.580 ep_reward=0.90 buffer=100000'
last_line='update=588 step=150528 sps=58 mean_reward=-1.3925'
last_line='step=221000 eps=0.580 ep_reward=0.90 buffer=100000'
last_line='update=588 step=150528 sps=58 mean_reward=-1.3925'
last_line='step=222000 eps=0.578 ep_reward=-0.01 buffer=100000'
last_line='update=589 step=150784 sps=58 mean_reward=-1.4761'
last_line='step=222000 eps=0.578 ep_reward=-0.01 buffer=100000'
last_line='update=589 step=150784 sps=58 mean_reward=-1.4761'
last_line='step=222000 eps=0.578 ep_reward=-0.01 buffer=100000'
last_line='update=590 step=151040 sps=58 mean_reward=-1.3726'
last_line='step=222000 eps=0.578 ep_reward=-0.01 buffer=100000'
last_line='update=590 step=151040 sps=58 mean_reward=-1.3726'
last_line='step=222000 eps=0.578 ep_reward=-0.01 buffer=100000'
last_line='update=591 step=151296 sps=58 mean_reward=-1.4504'
last_line='step=223000 eps=0.576 ep_reward=-0.01 buffer=100000'
last_line='update=592 step=151552 sps=58 mean_reward=-1.4136'
last_line='step=223000 eps=0.576 ep_reward=-0.01 buffer=100000'
last_line='update=592 step=151552 sps=58 mean_reward=-1.4136'
last_line='step=223000 eps=0.576 ep_reward=-0.01 buffer=100000'
last_line='update=593 step=151808 sps=58 mean_reward=-1.3125'
last_line='step=223000 eps=0.576 ep_reward=-0.01 buffer=100000'
last_line='update=593 step=151808 sps=58 mean_reward=-1.3125'
last_line='step=224000 eps=0.574 ep_reward=0.37 buffer=100000'
last_line='update=594 step=152064 sps=58 mean_reward=-1.3399'
last_line='step=224000 eps=0.574 ep_reward=0.37 buffer=100000'
last_line='update=594 step=152064 sps=58 mean_reward=-1.3399'
last_line='step=224000 eps=0.574 ep_reward=0.37 buffer=100000'
last_line='update=595 step=152320 sps=58 mean_reward=-1.3698'
last_line='step=224000 eps=0.574 ep_reward=0.37 buffer=100000'
last_line='update=595 step=152320 sps=58 mean_reward=-1.3698'
last_line='step=224000 eps=0.574 ep_reward=0.37 buffer=100000'
last_line='update=596 step=152576 sps=58 mean_reward=-1.4775'
last_line='step=225000 eps=0.573 ep_reward=0.25 buffer=100000'
last_line='update=596 step=152576 sps=58 mean_reward=-1.4775'
last_line='step=225000 eps=0.573 ep_reward=0.25 buffer=100000'
last_line='update=597 step=152832 sps=58 mean_reward=-1.4333'
last_line='step=225000 eps=0.573 ep_reward=0.25 buffer=100000'
last_line='update=598 step=153088 sps=58 mean_reward=-1.4365'
last_line='step=225000 eps=0.573 ep_reward=0.25 buffer=100000'
last_line='update=598 step=153088 sps=58 mean_reward=-1.4365'
last_line='step=225000 eps=0.573 ep_reward=0.25 buffer=100000'
last_line='update=599 step=153344 sps=58 mean_reward=-1.2660'
last_line='step=225000 eps=0.573 ep_reward=0.25 buffer=100000'
last_line='update=599 step=153344 sps=58 mean_reward=-1.2660'
last_line='step=226000 eps=0.571 ep_reward=-0.03 buffer=100000'
last_line='update=600 step=153600 sps=58 mean_reward=-1.3185'
last_line='step=226000 eps=0.571 ep_reward=-0.03 buffer=100000'
last_line='update=600 step=153600 sps=58 mean_reward=-1.3185'
last_line='step=226000 eps=0.571 ep_reward=-0.03 buffer=100000'
last_line='update=601 step=153856 sps=58 mean_reward=-1.3886'
last_line='step=226000 eps=0.571 ep_reward=-0.03 buffer=100000'
last_line='update=601 step=153856 sps=58 mean_reward=-1.3886'
last_line='step=226000 eps=0.571 ep_reward=-0.03 buffer=100000'
last_line='update=602 step=154112 sps=58 mean_reward=-1.4168'
last_line='step=227000 eps=0.569 ep_reward=0.02 buffer=100000'
last_line='update=603 step=154368 sps=58 mean_reward=-1.4136'
last_line='step=227000 eps=0.569 ep_reward=0.02 buffer=100000'
last_line='update=603 step=154368 sps=58 mean_reward=-1.4136'
last_line='step=227000 eps=0.569 ep_reward=0.02 buffer=100000'
last_line='update=604 step=154624 sps=58 mean_reward=-1.3859'
last_line='step=227000 eps=0.569 ep_reward=0.02 buffer=100000'
last_line='update=604 step=154624 sps=58 mean_reward=-1.3859'
last_line='step=227000 eps=0.569 ep_reward=0.02 buffer=100000'
last_line='update=605 step=154880 sps=58 mean_reward=-1.4180'
last_line='step=228000 eps=0.567 ep_reward=-0.04 buffer=100000'
last_line='update=605 step=154880 sps=58 mean_reward=-1.4180'
last_line='step=228000 eps=0.567 ep_reward=-0.04 buffer=100000'
last_line='update=606 step=155136 sps=58 mean_reward=-1.4491'
last_line='step=228000 eps=0.567 ep_reward=-0.04 buffer=100000'
last_line='update=606 step=155136 sps=58 mean_reward=-1.4491'
last_line='step=228000 eps=0.567 ep_reward=-0.04 buffer=100000'
last_line='update=607 step=155392 sps=58 mean_reward=-1.3651'
last_line='step=228000 eps=0.567 ep_reward=-0.04 buffer=100000'
last_line='update=608 step=155648 sps=58 mean_reward=-1.3770'
last_line='step=229000 eps=0.565 ep_reward=-0.03 buffer=100000'
last_line='update=608 step=155648 sps=58 mean_reward=-1.3770'
last_line='step=229000 eps=0.565 ep_reward=-0.03 buffer=100000'
last_line='update=608 step=155648 sps=58 mean_reward=-1.3770'
last_line='step=229000 eps=0.565 ep_reward=-0.03 buffer=100000'
last_line='update=609 step=155904 sps=58 mean_reward=-1.4330'
last_line='step=229000 eps=0.565 ep_reward=-0.03 buffer=100000'
last_line='update=610 step=156160 sps=58 mean_reward=-1.4661'
last_line='step=229000 eps=0.565 ep_reward=-0.03 buffer=100000'
last_line='update=610 step=156160 sps=58 mean_reward=-1.4661'
last_line='step=230000 eps=0.563 ep_reward=0.43 buffer=100000'
last_line='update=611 step=156416 sps=58 mean_reward=-1.3403'
last_line='step=230000 eps=0.563 ep_reward=0.43 buffer=100000'
last_line='update=611 step=156416 sps=58 mean_reward=-1.3403'
last_line='step=230000 eps=0.563 ep_reward=0.43 buffer=100000'
last_line='update=612 step=156672 sps=58 mean_reward=-1.4366'
last_line='step=230000 eps=0.563 ep_reward=0.43 buffer=100000'
last_line='update=612 step=156672 sps=58 mean_reward=-1.4366'
last_line='step=230000 eps=0.563 ep_reward=0.43 buffer=100000'
last_line='update=613 step=156928 sps=58 mean_reward=-1.4085'
last_line='step=230000 eps=0.563 ep_reward=0.43 buffer=100000'
last_line='update=613 step=156928 sps=58 mean_reward=-1.4085'
last_line='step=231000 eps=0.561 ep_reward=-10.04 buffer=100000'
last_line='update=614 step=157184 sps=58 mean_reward=-1.3685'
last_line='step=231000 eps=0.561 ep_reward=-10.04 buffer=100000'
last_line='update=615 step=157440 sps=58 mean_reward=-1.2111'
last_line='step=231000 eps=0.561 ep_reward=-10.04 buffer=100000'
last_line='update=615 step=157440 sps=58 mean_reward=-1.2111'
last_line='step=231000 eps=0.561 ep_reward=-10.04 buffer=100000'
last_line='update=616 step=157696 sps=58 mean_reward=-1.4552'
last_line='step=231000 eps=0.561 ep_reward=-10.04 buffer=100000'
last_line='update=616 step=157696 sps=58 mean_reward=-1.4552'
last_line='step=232000 eps=0.559 ep_reward=-0.04 buffer=100000'
last_line='update=617 step=157952 sps=58 mean_reward=-1.3851'
last_line='step=232000 eps=0.559 ep_reward=-0.04 buffer=100000'
last_line='update=617 step=157952 sps=58 mean_reward=-1.3851'
last_line='step=232000 eps=0.559 ep_reward=-0.04 buffer=100000'
last_line='update=618 step=158208 sps=58 mean_reward=-1.3850'
last_line='step=232000 eps=0.559 ep_reward=-0.04 buffer=100000'
last_line='update=618 step=158208 sps=58 mean_reward=-1.3850'
last_line='step=232000 eps=0.559 ep_reward=-0.04 buffer=100000'
last_line='update=619 step=158464 sps=58 mean_reward=-1.3078'
last_line='step=233000 eps=0.557 ep_reward=0.25 buffer=100000'
last_line='update=619 step=158464 sps=58 mean_reward=-1.3078'
last_line='step=233000 eps=0.557 ep_reward=0.25 buffer=100000'
last_line='update=620 step=158720 sps=58 mean_reward=-1.4478'
last_line='step=233000 eps=0.557 ep_reward=0.25 buffer=100000'
last_line='update=621 step=158976 sps=58 mean_reward=-1.3799'
last_line='step=233000 eps=0.557 ep_reward=0.25 buffer=100000'
last_line='update=621 step=158976 sps=58 mean_reward=-1.3799'
last_line='step=233000 eps=0.557 ep_reward=0.25 buffer=100000'
last_line='update=622 step=159232 sps=58 mean_reward=-1.3604'
last_line='step=234000 eps=0.555 ep_reward=-9.12 buffer=100000'
last_line='update=622 step=159232 sps=58 mean_reward=-1.3604'
last_line='step=234000 eps=0.555 ep_reward=-9.12 buffer=100000'
last_line='update=623 step=159488 sps=58 mean_reward=-1.3757'
last_line='step=234000 eps=0.555 ep_reward=-9.12 buffer=100000'
last_line='update=623 step=159488 sps=58 mean_reward=-1.3757'
last_line='step=234000 eps=0.555 ep_reward=-9.12 buffer=100000'
last_line='update=624 step=159744 sps=58 mean_reward=-1.1728'
last_line='step=235000 eps=0.554 ep_reward=0.59 buffer=100000'
last_line='update=624 step=159744 sps=58 mean_reward=-1.1728'
last_line='step=235000 eps=0.554 ep_reward=0.59 buffer=100000'
last_line='update=625 step=160000 sps=58 mean_reward=-1.4266'
last_line='step=235000 eps=0.554 ep_reward=0.59 buffer=100000'
last_line='update=625 step=160000 sps=58 mean_reward=-1.4266'
last_line='step=235000 eps=0.554 ep_reward=0.59 buffer=100000'
last_line='update=626 step=160256 sps=58 mean_reward=-1.3592'
last_line='step=235000 eps=0.554 ep_reward=0.59 buffer=100000'
last_line='update=627 step=160512 sps=58 mean_reward=-1.3768'
last_line='step=235000 eps=0.554 ep_reward=0.59 buffer=100000'
last_line='update=627 step=160512 sps=58 mean_reward=-1.3768'
last_line='step=236000 eps=0.552 ep_reward=-0.02 buffer=100000'
last_line='update=628 step=160768 sps=58 mean_reward=-1.1265'
last_line='step=236000 eps=0.552 ep_reward=-0.02 buffer=100000'
last_line='update=628 step=160768 sps=58 mean_reward=-1.1265'
last_line='step=236000 eps=0.552 ep_reward=-0.02 buffer=100000'
last_line='update=629 step=161024 sps=58 mean_reward=-1.2180'
last_line='step=236000 eps=0.552 ep_reward=-0.02 buffer=100000'
last_line='update=629 step=161024 sps=58 mean_reward=-1.2180'
last_line='step=236000 eps=0.552 ep_reward=-0.02 buffer=100000'
last_line='update=630 step=161280 sps=58 mean_reward=-1.4713'
last_line='step=237000 eps=0.550 ep_reward=-0.02 buffer=100000'
last_line='update=630 step=161280 sps=58 mean_reward=-1.4713'
last_line='step=237000 eps=0.550 ep_reward=-0.02 buffer=100000'
last_line='update=631 step=161536 sps=58 mean_reward=-1.3195'
last_line='step=237000 eps=0.550 ep_reward=-0.02 buffer=100000'
last_line='update=631 step=161536 sps=58 mean_reward=-1.3195'
last_line='step=237000 eps=0.550 ep_reward=-0.02 buffer=100000'
last_line='update=632 step=161792 sps=58 mean_reward=-1.3029'
last_line='step=237000 eps=0.550 ep_reward=-0.02 buffer=100000'
last_line='update=632 step=161792 sps=58 mean_reward=-1.3029'
last_line='step=238000 eps=0.548 ep_reward=-0.02 buffer=100000'
last_line='update=633 step=162048 sps=58 mean_reward=-1.2833'
last_line='step=238000 eps=0.548 ep_reward=-0.02 buffer=100000'
last_line='update=633 step=162048 sps=58 mean_reward=-1.2833'
last_line='step=238000 eps=0.548 ep_reward=-0.02 buffer=100000'
last_line='update=634 step=162304 sps=58 mean_reward=-1.4293'
last_line='step=238000 eps=0.548 ep_reward=-0.02 buffer=100000'
last_line='update=634 step=162304 sps=58 mean_reward=-1.4293'
last_line='step=238000 eps=0.548 ep_reward=-0.02 buffer=100000'
last_line='update=635 step=162560 sps=58 mean_reward=-1.3507'
last_line='step=239000 eps=0.546 ep_reward=-0.03 buffer=100000'
last_line='update=636 step=162816 sps=58 mean_reward=-1.4024'
last_line='step=239000 eps=0.546 ep_reward=-0.03 buffer=100000'
last_line='update=636 step=162816 sps=58 mean_reward=-1.4024'
last_line='step=239000 eps=0.546 ep_reward=-0.03 buffer=100000'
last_line='update=637 step=163072 sps=58 mean_reward=-1.4536'
last_line='step=239000 eps=0.546 ep_reward=-0.03 buffer=100000'
last_line='update=637 step=163072 sps=58 mean_reward=-1.4536'
last_line='step=239000 eps=0.546 ep_reward=-0.03 buffer=100000'
last_line='update=638 step=163328 sps=58 mean_reward=-1.4878'
last_line='step=240000 eps=0.544 ep_reward=0.87 buffer=100000'
last_line='update=638 step=163328 sps=58 mean_reward=-1.4878'
last_line='step=240000 eps=0.544 ep_reward=0.87 buffer=100000'
last_line='update=639 step=163584 sps=58 mean_reward=-1.3527'
last_line='step=240000 eps=0.544 ep_reward=0.87 buffer=100000'
last_line='update=639 step=163584 sps=58 mean_reward=-1.3527'
last_line='step=240000 eps=0.544 ep_reward=0.87 buffer=100000'
last_line='update=640 step=163840 sps=58 mean_reward=-1.2314'
last_line='step=240000 eps=0.544 ep_reward=0.87 buffer=100000'
last_line='update=640 step=163840 sps=58 mean_reward=-1.2314'
last_line='step=240000 eps=0.544 ep_reward=0.87 buffer=100000'
last_line='update=641 step=164096 sps=58 mean_reward=-1.3051'
last_line='step=241000 eps=0.542 ep_reward=-10.03 buffer=100000'
last_line='update=641 step=164096 sps=58 mean_reward=-1.3051'
last_line='step=241000 eps=0.542 ep_reward=-10.03 buffer=100000'
last_line='update=642 step=164352 sps=58 mean_reward=-1.3886'
last_line='step=241000 eps=0.542 ep_reward=-10.03 buffer=100000'
last_line='update=642 step=164352 sps=58 mean_reward=-1.3886'
last_line='step=241000 eps=0.542 ep_reward=-10.03 buffer=100000'
last_line='update=643 step=164608 sps=58 mean_reward=-1.4157'
last_line='step=241000 eps=0.542 ep_reward=-10.03 buffer=100000'
last_line='update=643 step=164608 sps=58 mean_reward=-1.4157'
last_line='step=242000 eps=0.540 ep_reward=-0.01 buffer=100000'
last_line='update=644 step=164864 sps=58 mean_reward=-1.3704'
last_line='step=242000 eps=0.540 ep_reward=-0.01 buffer=100000'
last_line='update=645 step=165120 sps=58 mean_reward=-1.1688'
last_line='step=242000 eps=0.540 ep_reward=-0.01 buffer=100000'
last_line='update=645 step=165120 sps=58 mean_reward=-1.1688'
last_line='step=242000 eps=0.540 ep_reward=-0.01 buffer=100000'
last_line='update=646 step=165376 sps=58 mean_reward=-1.3951'
last_line='step=243000 eps=0.538 ep_reward=0.48 buffer=100000'
last_line='update=646 step=165376 sps=58 mean_reward=-1.3951'
last_line='step=243000 eps=0.538 ep_reward=0.48 buffer=100000'
last_line='update=647 step=165632 sps=58 mean_reward=-1.4713'
last_line='step=243000 eps=0.538 ep_reward=0.48 buffer=100000'
last_line='update=647 step=165632 sps=58 mean_reward=-1.4713'
last_line='step=243000 eps=0.538 ep_reward=0.48 buffer=100000'
last_line='update=648 step=165888 sps=58 mean_reward=-1.3883'
last_line='step=243000 eps=0.538 ep_reward=0.48 buffer=100000'
last_line='update=649 step=166144 sps=58 mean_reward=-1.4385'
last_line='step=244000 eps=0.536 ep_reward=0.42 buffer=100000'
last_line='update=649 step=166144 sps=58 mean_reward=-1.4385'
last_line='step=244000 eps=0.536 ep_reward=0.42 buffer=100000'
last_line='update=650 step=166400 sps=59 mean_reward=-1.3227'
last_line='step=244000 eps=0.536 ep_reward=0.42 buffer=100000'
last_line='update=650 step=166400 sps=59 mean_reward=-1.3227'
last_line='step=244000 eps=0.536 ep_reward=0.42 buffer=100000'
last_line='update=651 step=166656 sps=59 mean_reward=-1.3921'
last_line='step=244000 eps=0.536 ep_reward=0.42 buffer=100000'
last_line='update=651 step=166656 sps=59 mean_reward=-1.3921'
last_line='step=245000 eps=0.535 ep_reward=-0.38 buffer=100000'
last_line='update=652 step=166912 sps=59 mean_reward=-1.4234'
last_line='step=245000 eps=0.535 ep_reward=-0.38 buffer=100000'
last_line='update=653 step=167168 sps=59 mean_reward=-1.3041'
last_line='step=245000 eps=0.535 ep_reward=-0.38 buffer=100000'
last_line='update=653 step=167168 sps=59 mean_reward=-1.3041'
last_line='step=245000 eps=0.535 ep_reward=-0.38 buffer=100000'
last_line='update=654 step=167424 sps=59 mean_reward=-1.2907'
last_line='step=245000 eps=0.535 ep_reward=-0.38 buffer=100000'
last_line='update=654 step=167424 sps=59 mean_reward=-1.2907'
last_line='step=245000 eps=0.535 ep_reward=-0.38 buffer=100000'
last_line='update=655 step=167680 sps=59 mean_reward=-1.3137'
last_line='step=246000 eps=0.533 ep_reward=-0.03 buffer=100000'
last_line='update=655 step=167680 sps=59 mean_reward=-1.3137'
last_line='step=246000 eps=0.533 ep_reward=-0.03 buffer=100000'
last_line='update=656 step=167936 sps=59 mean_reward=-1.3148'
last_line='step=246000 eps=0.533 ep_reward=-0.03 buffer=100000'
last_line='update=656 step=167936 sps=59 mean_reward=-1.3148'
last_line='step=246000 eps=0.533 ep_reward=-0.03 buffer=100000'
last_line='update=657 step=168192 sps=59 mean_reward=-1.4144'
last_line='step=246000 eps=0.533 ep_reward=-0.03 buffer=100000'
last_line='update=657 step=168192 sps=59 mean_reward=-1.4144'
last_line='step=247000 eps=0.531 ep_reward=0.71 buffer=100000'
last_line='update=658 step=168448 sps=59 mean_reward=-1.4148'
last_line='step=247000 eps=0.531 ep_reward=0.71 buffer=100000'
last_line='update=659 step=168704 sps=59 mean_reward=-1.4400'
last_line='step=247000 eps=0.531 ep_reward=0.71 buffer=100000'
last_line='update=659 step=168704 sps=59 mean_reward=-1.4400'
last_line='step=247000 eps=0.531 ep_reward=0.71 buffer=100000'
last_line='update=660 step=168960 sps=59 mean_reward=-1.4514'
last_line='step=247000 eps=0.531 ep_reward=0.71 buffer=100000'
last_line='update=660 step=168960 sps=59 mean_reward=-1.4514'
last_line='step=248000 eps=0.529 ep_reward=0.08 buffer=100000'
last_line='update=661 step=169216 sps=59 mean_reward=-1.3905'
last_line='step=248000 eps=0.529 ep_reward=0.08 buffer=100000'
last_line='update=661 step=169216 sps=59 mean_reward=-1.3905'
last_line='step=248000 eps=0.529 ep_reward=0.08 buffer=100000'
last_line='update=662 step=169472 sps=59 mean_reward=-1.2603'
last_line='step=248000 eps=0.529 ep_reward=0.08 buffer=100000'
last_line='update=663 step=169728 sps=59 mean_reward=-1.3786'
last_line='step=248000 eps=0.529 ep_reward=0.08 buffer=100000'
last_line='update=663 step=169728 sps=59 mean_reward=-1.3786'
last_line='step=249000 eps=0.527 ep_reward=0.07 buffer=100000'
last_line='update=664 step=169984 sps=59 mean_reward=-1.2998'
last_line='step=249000 eps=0.527 ep_reward=0.07 buffer=100000'
last_line='update=664 step=169984 sps=59 mean_reward=-1.2998'
last_line='step=249000 eps=0.527 ep_reward=0.07 buffer=100000'
last_line='update=665 step=170240 sps=59 mean_reward=-1.4010'
last_line='step=249000 eps=0.527 ep_reward=0.07 buffer=100000'
last_line='update=665 step=170240 sps=59 mean_reward=-1.4010'
last_line='step=249000 eps=0.527 ep_reward=0.07 buffer=100000'
last_line='update=666 step=170496 sps=59 mean_reward=-1.4221'
last_line='step=250000 eps=0.525 ep_reward=0.90 buffer=100000'
last_line='update=666 step=170496 sps=59 mean_reward=-1.4221'
last_line='step=250000 eps=0.525 ep_reward=0.90 buffer=100000'
last_line='update=667 step=170752 sps=59 mean_reward=-1.4288'
last_line='step=250000 eps=0.525 ep_reward=0.90 buffer=100000'
last_line='update=667 step=170752 sps=59 mean_reward=-1.4288'
last_line='step=250000 eps=0.525 ep_reward=0.90 buffer=100000'
last_line='update=668 step=171008 sps=59 mean_reward=-1.3736'
last_line='step=250000 eps=0.525 ep_reward=0.90 buffer=100000'
last_line='update=668 step=171008 sps=59 mean_reward=-1.3736'
last_line='step=250000 eps=0.525 ep_reward=0.90 buffer=100000'
last_line='update=669 step=171264 sps=59 mean_reward=-1.2279'
last_line='step=250000 eps=0.525 ep_reward=0.90 buffer=100000'
last_line='update=669 step=171264 sps=59 mean_reward=-1.2279'
last_line='step=250000 eps=0.525 ep_reward=0.90 buffer=100000'
last_line='update=670 step=171520 sps=59 mean_reward=-1.3872'
last_line='step=250000 eps=0.525 ep_reward=0.90 buffer=100000'
last_line='update=670 step=171520 sps=59 mean_reward=-1.3872'
last_line='step=251000 eps=0.523 ep_reward=-0.04 buffer=100000'
last_line='update=671 step=171776 sps=59 mean_reward=-1.3760'
last_line='step=251000 eps=0.523 ep_reward=-0.04 buffer=100000'
last_line='update=672 step=172032 sps=59 mean_reward=-1.1216'
last_line='step=251000 eps=0.523 ep_reward=-0.04 buffer=100000'
last_line='update=672 step=172032 sps=59 mean_reward=-1.1216'
last_line='step=251000 eps=0.523 ep_reward=-0.04 buffer=100000'
last_line='update=672 step=172032 sps=59 mean_reward=-1.1216'
last_line='step=251000 eps=0.523 ep_reward=-0.04 buffer=100000'
last_line='update=673 step=172288 sps=59 mean_reward=-1.3650'
last_line='step=252000 eps=0.521 ep_reward=-0.01 buffer=100000'
last_line='update=673 step=172288 sps=59 mean_reward=-1.3650'
last_line='step=252000 eps=0.521 ep_reward=-0.01 buffer=100000'
last_line='update=674 step=172544 sps=59 mean_reward=-1.3385'
last_line='step=252000 eps=0.521 ep_reward=-0.01 buffer=100000'
last_line='update=675 step=172800 sps=59 mean_reward=-1.1973'
last_line='step=252000 eps=0.521 ep_reward=-0.01 buffer=100000'
last_line='update=675 step=172800 sps=59 mean_reward=-1.1973'
last_line='step=252000 eps=0.521 ep_reward=-0.01 buffer=100000'
last_line='update=676 step=173056 sps=59 mean_reward=-1.2071'
last_line='step=253000 eps=0.519 ep_reward=0.45 buffer=100000'
last_line='update=676 step=173056 sps=59 mean_reward=-1.2071'
last_line='step=253000 eps=0.519 ep_reward=0.45 buffer=100000'
last_line='update=677 step=173312 sps=59 mean_reward=-1.4433'
last_line='step=253000 eps=0.519 ep_reward=0.45 buffer=100000'
last_line='update=677 step=173312 sps=59 mean_reward=-1.4433'
last_line='step=253000 eps=0.519 ep_reward=0.45 buffer=100000'
last_line='update=678 step=173568 sps=59 mean_reward=-1.3016'
last_line='step=253000 eps=0.519 ep_reward=0.45 buffer=100000'
last_line='update=679 step=173824 sps=59 mean_reward=-1.5051'
last_line='step=254000 eps=0.517 ep_reward=-0.02 buffer=100000'
last_line='update=679 step=173824 sps=59 mean_reward=-1.5051'
last_line='step=254000 eps=0.517 ep_reward=-0.02 buffer=100000'
last_line='update=680 step=174080 sps=59 mean_reward=-1.2738'
last_line='step=254000 eps=0.517 ep_reward=-0.02 buffer=100000'
last_line='update=680 step=174080 sps=59 mean_reward=-1.2738'
last_line='step=254000 eps=0.517 ep_reward=-0.02 buffer=100000'
last_line='update=681 step=174336 sps=59 mean_reward=-1.3694'
last_line='step=255000 eps=0.516 ep_reward=-0.02 buffer=100000'
last_line='update=681 step=174336 sps=59 mean_reward=-1.3694'
last_line='step=255000 eps=0.516 ep_reward=-0.02 buffer=100000'
last_line='update=682 step=174592 sps=59 mean_reward=-1.3285'
last_line='step=255000 eps=0.516 ep_reward=-0.02 buffer=100000'
last_line='update=682 step=174592 sps=59 mean_reward=-1.3285'
last_line='step=255000 eps=0.516 ep_reward=-0.02 buffer=100000'
last_line='update=683 step=174848 sps=59 mean_reward=-1.3250'
last_line='step=255000 eps=0.516 ep_reward=-0.02 buffer=100000'
last_line='update=684 step=175104 sps=59 mean_reward=-1.4157'
last_line='step=255000 eps=0.516 ep_reward=-0.02 buffer=100000'
last_line='update=684 step=175104 sps=59 mean_reward=-1.4157'
last_line='step=256000 eps=0.514 ep_reward=-0.03 buffer=100000'
last_line='update=685 step=175360 sps=59 mean_reward=-1.4355'
last_line='step=256000 eps=0.514 ep_reward=-0.03 buffer=100000'
last_line='update=685 step=175360 sps=59 mean_reward=-1.4355'
last_line='step=256000 eps=0.514 ep_reward=-0.03 buffer=100000'
last_line='update=686 step=175616 sps=59 mean_reward=-1.3680'
last_line='step=256000 eps=0.514 ep_reward=-0.03 buffer=100000'
last_line='update=686 step=175616 sps=59 mean_reward=-1.3680'
last_line='step=256000 eps=0.514 ep_reward=-0.03 buffer=100000'
last_line='update=687 step=175872 sps=59 mean_reward=-1.3956'
last_line='step=257000 eps=0.512 ep_reward=0.12 buffer=100000'
last_line='update=687 step=175872 sps=59 mean_reward=-1.3956'
last_line='step=257000 eps=0.512 ep_reward=0.12 buffer=100000'
last_line='update=688 step=176128 sps=59 mean_reward=-1.4507'
last_line='step=257000 eps=0.512 ep_reward=0.12 buffer=100000'
last_line='update=688 step=176128 sps=59 mean_reward=-1.4507'
last_line='step=257000 eps=0.512 ep_reward=0.12 buffer=100000'
last_line='update=689 step=176384 sps=59 mean_reward=-1.4268'
last_line='step=257000 eps=0.512 ep_reward=0.12 buffer=100000'
last_line='update=689 step=176384 sps=59 mean_reward=-1.4268'
last_line='step=258000 eps=0.510 ep_reward=-0.04 buffer=100000'
last_line='update=690 step=176640 sps=59 mean_reward=-1.4221'
last_line='step=258000 eps=0.510 ep_reward=-0.04 buffer=100000'
last_line='update=690 step=176640 sps=59 mean_reward=-1.4221'
last_line='step=258000 eps=0.510 ep_reward=-0.04 buffer=100000'
last_line='update=691 step=176896 sps=59 mean_reward=-1.4162'
last_line='step=258000 eps=0.510 ep_reward=-0.04 buffer=100000'
last_line='update=691 step=176896 sps=59 mean_reward=-1.4162'
last_line='step=258000 eps=0.510 ep_reward=-0.04 buffer=100000'
last_line='update=692 step=177152 sps=59 mean_reward=-1.4410'
last_line='step=259000 eps=0.508 ep_reward=-0.02 buffer=100000'
last_line='update=692 step=177152 sps=59 mean_reward=-1.4410'
last_line='step=259000 eps=0.508 ep_reward=-0.02 buffer=100000'
last_line='update=693 step=177408 sps=59 mean_reward=-1.1964'
last_line='step=259000 eps=0.508 ep_reward=-0.02 buffer=100000'
last_line='update=693 step=177408 sps=59 mean_reward=-1.1964'
last_line='step=259000 eps=0.508 ep_reward=-0.02 buffer=100000'
last_line='update=694 step=177664 sps=59 mean_reward=-1.3698'
last_line='step=259000 eps=0.508 ep_reward=-0.02 buffer=100000'
last_line='update=694 step=177664 sps=59 mean_reward=-1.3698'
last_line='step=260000 eps=0.506 ep_reward=-0.03 buffer=100000'
last_line='update=695 step=177920 sps=59 mean_reward=-1.3473'
last_line='step=260000 eps=0.506 ep_reward=-0.03 buffer=100000'
last_line='update=695 step=177920 sps=59 mean_reward=-1.3473'
last_line='step=260000 eps=0.506 ep_reward=-0.03 buffer=100000'
last_line='update=696 step=178176 sps=59 mean_reward=-1.4267'
last_line='step=260000 eps=0.506 ep_reward=-0.03 buffer=100000'
last_line='update=696 step=178176 sps=59 mean_reward=-1.4267'
last_line='step=260000 eps=0.506 ep_reward=-0.03 buffer=100000'
last_line='update=697 step=178432 sps=59 mean_reward=-1.3521'
last_line='step=261000 eps=0.504 ep_reward=-9.91 buffer=100000'
last_line='update=697 step=178432 sps=59 mean_reward=-1.3521'
last_line='step=261000 eps=0.504 ep_reward=-9.91 buffer=100000'
last_line='update=698 step=178688 sps=59 mean_reward=-1.4632'
last_line='step=261000 eps=0.504 ep_reward=-9.91 buffer=100000'
last_line='update=698 step=178688 sps=59 mean_reward=-1.4632'
last_line='step=261000 eps=0.504 ep_reward=-9.91 buffer=100000'
last_line='update=699 step=178944 sps=59 mean_reward=-1.4444'
last_line='step=261000 eps=0.504 ep_reward=-9.91 buffer=100000'
last_line='update=699 step=178944 sps=59 mean_reward=-1.4444'
last_line='step=262000 eps=0.502 ep_reward=0.50 buffer=100000'
last_line='update=700 step=179200 sps=59 mean_reward=-1.2957'
last_line='step=262000 eps=0.502 ep_reward=0.50 buffer=100000'
last_line='update=700 step=179200 sps=59 mean_reward=-1.2957'
last_line='step=262000 eps=0.502 ep_reward=0.50 buffer=100000'
last_line='update=701 step=179456 sps=59 mean_reward=-1.3768'
last_line='step=262000 eps=0.502 ep_reward=0.50 buffer=100000'
last_line='update=701 step=179456 sps=59 mean_reward=-1.3768'
last_line='step=262000 eps=0.502 ep_reward=0.50 buffer=100000'
last_line='update=702 step=179712 sps=59 mean_reward=-1.4312'
last_line='step=263000 eps=0.500 ep_reward=-0.05 buffer=100000'
last_line='update=703 step=179968 sps=59 mean_reward=-1.2907'
last_line='step=263000 eps=0.500 ep_reward=-0.05 buffer=100000'
last_line='update=703 step=179968 sps=59 mean_reward=-1.2907'
last_line='step=263000 eps=0.500 ep_reward=-0.05 buffer=100000'
last_line='update=704 step=180224 sps=59 mean_reward=-1.3697'
last_line='step=263000 eps=0.500 ep_reward=-0.05 buffer=100000'
last_line='update=704 step=180224 sps=59 mean_reward=-1.3697'
last_line='step=263000 eps=0.500 ep_reward=-0.05 buffer=100000'
last_line='update=704 step=180224 sps=59 mean_reward=-1.3697'
last_line='step=264000 eps=0.498 ep_reward=-0.01 buffer=100000'
last_line='update=705 step=180480 sps=59 mean_reward=-1.1729'
last_line='step=264000 eps=0.498 ep_reward=-0.01 buffer=100000'
last_line='update=705 step=180480 sps=59 mean_reward=-1.1729'
last_line='step=264000 eps=0.498 ep_reward=-0.01 buffer=100000'
last_line='update=706 step=180736 sps=59 mean_reward=-1.3028'
last_line='step=264000 eps=0.498 ep_reward=-0.01 buffer=100000'
last_line='update=707 step=180992 sps=59 mean_reward=-1.4107'
last_line='step=264000 eps=0.498 ep_reward=-0.01 buffer=100000'
last_line='update=707 step=180992 sps=59 mean_reward=-1.4107'
last_line='step=265000 eps=0.497 ep_reward=-9.96 buffer=100000'
last_line='update=708 step=181248 sps=59 mean_reward=-1.3266'
last_line='step=265000 eps=0.497 ep_reward=-9.96 buffer=100000'
last_line='update=708 step=181248 sps=59 mean_reward=-1.3266'
last_line='step=265000 eps=0.497 ep_reward=-9.96 buffer=100000'
last_line='update=709 step=181504 sps=59 mean_reward=-1.2776'
last_line='step=265000 eps=0.497 ep_reward=-9.96 buffer=100000'
last_line='update=709 step=181504 sps=59 mean_reward=-1.2776'
last_line='step=265000 eps=0.497 ep_reward=-9.96 buffer=100000'
last_line='update=710 step=181760 sps=59 mean_reward=-1.4289'
last_line='step=265000 eps=0.497 ep_reward=-9.96 buffer=100000'
last_line='update=710 step=181760 sps=59 mean_reward=-1.4289'
last_line='step=266000 eps=0.495 ep_reward=-0.06 buffer=100000'
last_line='update=711 step=182016 sps=59 mean_reward=-1.2237'
last_line='step=266000 eps=0.495 ep_reward=-0.06 buffer=100000'
last_line='update=711 step=182016 sps=59 mean_reward=-1.2237'
last_line='step=266000 eps=0.495 ep_reward=-0.06 buffer=100000'
last_line='update=712 step=182272 sps=59 mean_reward=-1.3327'
last_line='step=266000 eps=0.495 ep_reward=-0.06 buffer=100000'
last_line='update=713 step=182528 sps=59 mean_reward=-1.3071'
last_line='step=266000 eps=0.495 ep_reward=-0.06 buffer=100000'
last_line='update=713 step=182528 sps=59 mean_reward=-1.3071'
last_line='step=267000 eps=0.493 ep_reward=0.11 buffer=100000'
last_line='update=714 step=182784 sps=59 mean_reward=-1.3572'
last_line='step=267000 eps=0.493 ep_reward=0.11 buffer=100000'
last_line='update=714 step=182784 sps=59 mean_reward=-1.3572'
last_line='step=267000 eps=0.493 ep_reward=0.11 buffer=100000'
last_line='update=715 step=183040 sps=59 mean_reward=-1.3416'
last_line='step=267000 eps=0.493 ep_reward=0.11 buffer=100000'
last_line='update=715 step=183040 sps=59 mean_reward=-1.3416'
last_line='step=267000 eps=0.493 ep_reward=0.11 buffer=100000'
last_line='update=716 step=183296 sps=59 mean_reward=-1.3214'
last_line='step=268000 eps=0.491 ep_reward=-0.05 buffer=100000'
last_line='update=716 step=183296 sps=59 mean_reward=-1.3214'
last_line='step=268000 eps=0.491 ep_reward=-0.05 buffer=100000'
last_line='update=717 step=183552 sps=59 mean_reward=-1.2570'
last_line='step=268000 eps=0.491 ep_reward=-0.05 buffer=100000'
last_line='update=717 step=183552 sps=59 mean_reward=-1.2570'
last_line='step=268000 eps=0.491 ep_reward=-0.05 buffer=100000'
last_line='update=718 step=183808 sps=59 mean_reward=-1.3938'
last_line='step=268000 eps=0.491 ep_reward=-0.05 buffer=100000'
last_line='update=719 step=184064 sps=59 mean_reward=-1.3780'
last_line='step=269000 eps=0.489 ep_reward=-0.05 buffer=100000'
last_line='update=719 step=184064 sps=59 mean_reward=-1.3780'
last_line='step=269000 eps=0.489 ep_reward=-0.05 buffer=100000'
last_line='update=720 step=184320 sps=59 mean_reward=-1.3599'
last_line='step=269000 eps=0.489 ep_reward=-0.05 buffer=100000'
last_line='update=720 step=184320 sps=59 mean_reward=-1.3599'
last_line='step=269000 eps=0.489 ep_reward=-0.05 buffer=100000'
last_line='update=721 step=184576 sps=59 mean_reward=-1.3493'
last_line='step=269000 eps=0.489 ep_reward=-0.05 buffer=100000'
last_line='update=721 step=184576 sps=59 mean_reward=-1.3493'
last_line='step=270000 eps=0.487 ep_reward=-0.03 buffer=100000'
last_line='update=722 step=184832 sps=59 mean_reward=-1.1195'
last_line='step=270000 eps=0.487 ep_reward=-0.03 buffer=100000'
last_line='update=722 step=184832 sps=59 mean_reward=-1.1195'
last_line='step=270000 eps=0.487 ep_reward=-0.03 buffer=100000'
last_line='update=723 step=185088 sps=59 mean_reward=-1.3293'
last_line='step=270000 eps=0.487 ep_reward=-0.03 buffer=100000'
last_line='update=724 step=185344 sps=59 mean_reward=-1.2955'
last_line='step=270000 eps=0.487 ep_reward=-0.03 buffer=100000'
last_line='update=724 step=185344 sps=59 mean_reward=-1.2955'
last_line='step=271000 eps=0.485 ep_reward=-0.01 buffer=100000'
last_line='update=725 step=185600 sps=59 mean_reward=-1.2796'
last_line='step=271000 eps=0.485 ep_reward=-0.01 buffer=100000'
last_line='update=725 step=185600 sps=59 mean_reward=-1.2796'
last_line='step=271000 eps=0.485 ep_reward=-0.01 buffer=100000'
last_line='update=726 step=185856 sps=59 mean_reward=-1.2788'
last_line='step=271000 eps=0.485 ep_reward=-0.01 buffer=100000'
last_line='update=726 step=185856 sps=59 mean_reward=-1.2788'
last_line='step=271000 eps=0.485 ep_reward=-0.01 buffer=100000'
last_line='update=727 step=186112 sps=59 mean_reward=-1.3274'
last_line='step=272000 eps=0.483 ep_reward=-0.20 buffer=100000'
last_line='update=727 step=186112 sps=59 mean_reward=-1.3274'
last_line='step=272000 eps=0.483 ep_reward=-0.20 buffer=100000'
last_line='update=728 step=186368 sps=59 mean_reward=-1.2186'
last_line='step=272000 eps=0.483 ep_reward=-0.20 buffer=100000'
last_line='update=729 step=186624 sps=59 mean_reward=-1.3682'
last_line='step=272000 eps=0.483 ep_reward=-0.20 buffer=100000'
last_line='update=729 step=186624 sps=59 mean_reward=-1.3682'
last_line='step=272000 eps=0.483 ep_reward=-0.20 buffer=100000'
last_line='update=730 step=186880 sps=59 mean_reward=-1.3491'
last_line='step=273000 eps=0.481 ep_reward=-0.06 buffer=100000'
last_line='update=730 step=186880 sps=59 mean_reward=-1.3491'
last_line='step=273000 eps=0.481 ep_reward=-0.06 buffer=100000'
last_line='update=731 step=187136 sps=59 mean_reward=-1.2177'
last_line='step=273000 eps=0.481 ep_reward=-0.06 buffer=100000'
last_line='update=731 step=187136 sps=59 mean_reward=-1.2177'
[2026-08-05 11:48:10 UTC] ✓ Model 'comm_cir_car' completed.
[2026-08-05 11:48:10 UTC] -> Launching background evaluation for comm_cir_car (stage 1) ...
last_line='step=273000 eps=0.481 ep_reward=-0.06 buffer=100000'
last_line='step=273000 eps=0.481 ep_reward=-0.06 buffer=100000'
last_line='step=274000 eps=0.479 ep_reward=-0.04 buffer=100000'
last_line='step=274000 eps=0.479 ep_reward=-0.04 buffer=100000'
last_line='step=274000 eps=0.479 ep_reward=-0.04 buffer=100000'
last_line='step=274000 eps=0.479 ep_reward=-0.04 buffer=100000'
last_line='step=275000 eps=0.478 ep_reward=-9.94 buffer=100000'
last_line='step=275000 eps=0.478 ep_reward=-9.94 buffer=100000'
last_line='step=275000 eps=0.478 ep_reward=-9.94 buffer=100000'
last_line='step=275000 eps=0.478 ep_reward=-9.94 buffer=100000'
last_line='step=276000 eps=0.476 ep_reward=-0.01 buffer=100000'
last_line='step=276000 eps=0.476 ep_reward=-0.01 buffer=100000'
last_line='step=276000 eps=0.476 ep_reward=-0.01 buffer=100000'
last_line='step=276000 eps=0.476 ep_reward=-0.01 buffer=100000'
last_line='step=277000 eps=0.474 ep_reward=-0.18 buffer=100000'
last_line='step=277000 eps=0.474 ep_reward=-0.18 buffer=100000'
last_line='step=277000 eps=0.474 ep_reward=-0.18 buffer=100000'
last_line='step=278000 eps=0.472 ep_reward=0.08 buffer=100000'
last_line='step=278000 eps=0.472 ep_reward=0.08 buffer=100000'
last_line='step=278000 eps=0.472 ep_reward=0.08 buffer=100000'
last_line='step=278000 eps=0.472 ep_reward=0.08 buffer=100000'
last_line='step=279000 eps=0.470 ep_reward=0.21 buffer=100000'
last_line='step=279000 eps=0.470 ep_reward=0.21 buffer=100000'
last_line='step=279000 eps=0.470 ep_reward=0.21 buffer=100000'
last_line='step=279000 eps=0.470 ep_reward=0.21 buffer=100000'
last_line='step=280000 eps=0.468 ep_reward=-0.03 buffer=100000'
last_line='step=280000 eps=0.468 ep_reward=-0.03 buffer=100000'
last_line='step=280000 eps=0.468 ep_reward=-0.03 buffer=100000'
last_line='step=280000 eps=0.468 ep_reward=-0.03 buffer=100000'
last_line='step=281000 eps=0.466 ep_reward=-0.04 buffer=100000'
last_line='step=281000 eps=0.466 ep_reward=-0.04 buffer=100000'
last_line='step=281000 eps=0.466 ep_reward=-0.04 buffer=100000'
last_line='step=281000 eps=0.466 ep_reward=-0.04 buffer=100000'
last_line='step=282000 eps=0.464 ep_reward=-0.01 buffer=100000'
last_line='step=282000 eps=0.464 ep_reward=-0.01 buffer=100000'
last_line='step=282000 eps=0.464 ep_reward=-0.01 buffer=100000'
last_line='step=283000 eps=0.462 ep_reward=-0.12 buffer=100000'
last_line='step=283000 eps=0.462 ep_reward=-0.12 buffer=100000'
last_line='step=283000 eps=0.462 ep_reward=-0.12 buffer=100000'
last_line='step=283000 eps=0.462 ep_reward=-0.12 buffer=100000'
last_line='step=284000 eps=0.460 ep_reward=-0.01 buffer=100000'
last_line='step=284000 eps=0.460 ep_reward=-0.01 buffer=100000'
last_line='step=284000 eps=0.460 ep_reward=-0.01 buffer=100000'
last_line='step=285000 eps=0.459 ep_reward=0.10 buffer=100000'
last_line='step=285000 eps=0.459 ep_reward=0.10 buffer=100000'
last_line='step=285000 eps=0.459 ep_reward=0.10 buffer=100000'
last_line='step=285000 eps=0.459 ep_reward=0.10 buffer=100000'
last_line='step=285000 eps=0.459 ep_reward=0.10 buffer=100000'
last_line='step=286000 eps=0.457 ep_reward=-0.11 buffer=100000'
last_line='step=286000 eps=0.457 ep_reward=-0.11 buffer=100000'
last_line='step=286000 eps=0.457 ep_reward=-0.11 buffer=100000'
last_line='step=287000 eps=0.455 ep_reward=-0.06 buffer=100000'
last_line='step=287000 eps=0.455 ep_reward=-0.06 buffer=100000'
last_line='step=287000 eps=0.455 ep_reward=-0.06 buffer=100000'
last_line='step=287000 eps=0.455 ep_reward=-0.06 buffer=100000'
last_line='step=288000 eps=0.453 ep_reward=0.47 buffer=100000'
last_line='step=288000 eps=0.453 ep_reward=0.47 buffer=100000'
last_line='step=288000 eps=0.453 ep_reward=0.47 buffer=100000'
last_line='step=289000 eps=0.451 ep_reward=0.46 buffer=100000'
last_line='step=289000 eps=0.451 ep_reward=0.46 buffer=100000'
last_line='step=289000 eps=0.451 ep_reward=0.46 buffer=100000'
last_line='step=289000 eps=0.451 ep_reward=0.46 buffer=100000'
last_line='step=290000 eps=0.449 ep_reward=-9.92 buffer=100000'
last_line='step=290000 eps=0.449 ep_reward=-9.92 buffer=100000'
last_line='step=290000 eps=0.449 ep_reward=-9.92 buffer=100000'
last_line='step=290000 eps=0.449 ep_reward=-9.92 buffer=100000'
last_line='step=291000 eps=0.447 ep_reward=0.47 buffer=100000'
last_line='step=291000 eps=0.447 ep_reward=0.47 buffer=100000'
last_line='step=291000 eps=0.447 ep_reward=0.47 buffer=100000'
last_line='step=291000 eps=0.447 ep_reward=0.47 buffer=100000'
last_line='step=292000 eps=0.445 ep_reward=-0.05 buffer=100000'
last_line='step=292000 eps=0.445 ep_reward=-0.05 buffer=100000'
last_line='step=292000 eps=0.445 ep_reward=-0.05 buffer=100000'
last_line='step=293000 eps=0.443 ep_reward=-9.90 buffer=100000'
last_line='step=293000 eps=0.443 ep_reward=-9.90 buffer=100000'
last_line='step=293000 eps=0.443 ep_reward=-9.90 buffer=100000'
last_line='step=293000 eps=0.443 ep_reward=-9.90 buffer=100000'
last_line='step=294000 eps=0.441 ep_reward=-0.13 buffer=100000'
last_line='step=294000 eps=0.441 ep_reward=-0.13 buffer=100000'
last_line='step=294000 eps=0.441 ep_reward=-0.13 buffer=100000'
last_line='step=294000 eps=0.441 ep_reward=-0.13 buffer=100000'
last_line='step=295000 eps=0.440 ep_reward=-0.02 buffer=100000'
last_line='step=295000 eps=0.440 ep_reward=-0.02 buffer=100000'
last_line='step=295000 eps=0.440 ep_reward=-0.02 buffer=100000'
last_line='step=295000 eps=0.440 ep_reward=-0.02 buffer=100000'
last_line='step=296000 eps=0.438 ep_reward=0.10 buffer=100000'
last_line='step=296000 eps=0.438 ep_reward=0.10 buffer=100000'
last_line='step=296000 eps=0.438 ep_reward=0.10 buffer=100000'
last_line='step=297000 eps=0.436 ep_reward=-10.00 buffer=100000'
last_line='step=297000 eps=0.436 ep_reward=-10.00 buffer=100000'
last_line='step=297000 eps=0.436 ep_reward=-10.00 buffer=100000'
last_line='step=297000 eps=0.436 ep_reward=-10.00 buffer=100000'
last_line='step=298000 eps=0.434 ep_reward=-0.01 buffer=100000'
last_line='step=298000 eps=0.434 ep_reward=-0.01 buffer=100000'
last_line='step=298000 eps=0.434 ep_reward=-0.01 buffer=100000'
last_line='step=298000 eps=0.434 ep_reward=-0.01 buffer=100000'
last_line='step=299000 eps=0.432 ep_reward=-0.02 buffer=100000'
last_line='step=299000 eps=0.432 ep_reward=-0.02 buffer=100000'
last_line='step=299000 eps=0.432 ep_reward=-0.02 buffer=100000'
last_line='step=300000 eps=0.430 ep_reward=-0.02 buffer=100000'
last_line='step=300000 eps=0.430 ep_reward=-0.02 buffer=100000'
last_line='step=300000 eps=0.430 ep_reward=-0.02 buffer=100000'
last_line='step=300000 eps=0.430 ep_reward=-0.02 buffer=100000'
last_line='step=300000 eps=0.430 ep_reward=-0.02 buffer=100000'
last_line='step=300000 eps=0.430 ep_reward=-0.02 buffer=100000'
last_line='step=301000 eps=0.428 ep_reward=-0.03 buffer=100000'
last_line='step=301000 eps=0.428 ep_reward=-0.03 buffer=100000'
last_line='step=301000 eps=0.428 ep_reward=-0.03 buffer=100000'
last_line='step=301000 eps=0.428 ep_reward=-0.03 buffer=100000'
last_line='step=302000 eps=0.426 ep_reward=0.93 buffer=100000'
last_line='step=302000 eps=0.426 ep_reward=0.93 buffer=100000'
last_line='step=302000 eps=0.426 ep_reward=0.93 buffer=100000'
last_line='step=302000 eps=0.426 ep_reward=0.93 buffer=100000'
last_line='step=303000 eps=0.424 ep_reward=-10.03 buffer=100000'
last_line='step=303000 eps=0.424 ep_reward=-10.03 buffer=100000'
last_line='step=303000 eps=0.424 ep_reward=-10.03 buffer=100000'
last_line='step=304000 eps=0.422 ep_reward=-0.11 buffer=100000'
last_line='step=304000 eps=0.422 ep_reward=-0.11 buffer=100000'
last_line='step=304000 eps=0.422 ep_reward=-0.11 buffer=100000'
last_line='step=304000 eps=0.422 ep_reward=-0.11 buffer=100000'
last_line='step=305000 eps=0.421 ep_reward=-0.01 buffer=100000'
last_line='step=305000 eps=0.421 ep_reward=-0.01 buffer=100000'
last_line='step=305000 eps=0.421 ep_reward=-0.01 buffer=100000'
last_line='step=305000 eps=0.421 ep_reward=-0.01 buffer=100000'
last_line='step=306000 eps=0.419 ep_reward=-0.01 buffer=100000'
last_line='step=306000 eps=0.419 ep_reward=-0.01 buffer=100000'
last_line='step=306000 eps=0.419 ep_reward=-0.01 buffer=100000'
last_line='step=306000 eps=0.419 ep_reward=-0.01 buffer=100000'
last_line='step=307000 eps=0.417 ep_reward=0.55 buffer=100000'
last_line='step=307000 eps=0.417 ep_reward=0.55 buffer=100000'
last_line='step=307000 eps=0.417 ep_reward=0.55 buffer=100000'
last_line='step=308000 eps=0.415 ep_reward=-0.03 buffer=100000'
last_line='step=308000 eps=0.415 ep_reward=-0.03 buffer=100000'
last_line='step=308000 eps=0.415 ep_reward=-0.03 buffer=100000'
last_line='step=308000 eps=0.415 ep_reward=-0.03 buffer=100000'
last_line='step=309000 eps=0.413 ep_reward=0.34 buffer=100000'
last_line='step=309000 eps=0.413 ep_reward=0.34 buffer=100000'
last_line='step=309000 eps=0.413 ep_reward=0.34 buffer=100000'
last_line='step=309000 eps=0.413 ep_reward=0.34 buffer=100000'
last_line='step=310000 eps=0.411 ep_reward=-0.05 buffer=100000'
last_line='step=310000 eps=0.411 ep_reward=-0.05 buffer=100000'
last_line='step=310000 eps=0.411 ep_reward=-0.05 buffer=100000'
last_line='step=310000 eps=0.411 ep_reward=-0.05 buffer=100000'
last_line='step=311000 eps=0.409 ep_reward=-0.06 buffer=100000'
last_line='step=311000 eps=0.409 ep_reward=-0.06 buffer=100000'
last_line='step=311000 eps=0.409 ep_reward=-0.06 buffer=100000'
last_line='step=312000 eps=0.407 ep_reward=0.08 buffer=100000'
last_line='step=312000 eps=0.407 ep_reward=0.08 buffer=100000'
last_line='step=312000 eps=0.407 ep_reward=0.08 buffer=100000'
last_line='step=312000 eps=0.407 ep_reward=0.08 buffer=100000'
last_line='step=313000 eps=0.405 ep_reward=-0.02 buffer=100000'
last_line='step=313000 eps=0.405 ep_reward=-0.02 buffer=100000'
last_line='step=313000 eps=0.405 ep_reward=-0.02 buffer=100000'
last_line='step=313000 eps=0.405 ep_reward=-0.02 buffer=100000'
last_line='step=314000 eps=0.403 ep_reward=-0.03 buffer=100000'
last_line='step=314000 eps=0.403 ep_reward=-0.03 buffer=100000'
last_line='step=314000 eps=0.403 ep_reward=-0.03 buffer=100000'
last_line='step=315000 eps=0.402 ep_reward=0.40 buffer=100000'
last_line='step=315000 eps=0.402 ep_reward=0.40 buffer=100000'
last_line='step=315000 eps=0.402 ep_reward=0.40 buffer=100000'
last_line='step=315000 eps=0.402 ep_reward=0.40 buffer=100000'
last_line='step=316000 eps=0.400 ep_reward=-0.01 buffer=100000'
last_line='step=316000 eps=0.400 ep_reward=-0.01 buffer=100000'
last_line='step=316000 eps=0.400 ep_reward=-0.01 buffer=100000'
last_line='step=316000 eps=0.400 ep_reward=-0.01 buffer=100000'
last_line='step=317000 eps=0.398 ep_reward=-10.06 buffer=100000'
last_line='step=317000 eps=0.398 ep_reward=-10.06 buffer=100000'
last_line='step=317000 eps=0.398 ep_reward=-10.06 buffer=100000'
last_line='step=318000 eps=0.396 ep_reward=-0.02 buffer=100000'
last_line='step=318000 eps=0.396 ep_reward=-0.02 buffer=100000'
last_line='step=318000 eps=0.396 ep_reward=-0.02 buffer=100000'
last_line='step=318000 eps=0.396 ep_reward=-0.02 buffer=100000'
last_line='step=319000 eps=0.394 ep_reward=-0.03 buffer=100000'
last_line='step=319000 eps=0.394 ep_reward=-0.03 buffer=100000'
last_line='step=319000 eps=0.394 ep_reward=-0.03 buffer=100000'
last_line='step=319000 eps=0.394 ep_reward=-0.03 buffer=100000'
last_line='step=320000 eps=0.392 ep_reward=-0.01 buffer=100000'
last_line='step=320000 eps=0.392 ep_reward=-0.01 buffer=100000'
last_line='step=320000 eps=0.392 ep_reward=-0.01 buffer=100000'
last_line='step=320000 eps=0.392 ep_reward=-0.01 buffer=100000'
last_line='step=321000 eps=0.390 ep_reward=-0.06 buffer=100000'
last_line='step=321000 eps=0.390 ep_reward=-0.06 buffer=100000'
last_line='step=321000 eps=0.390 ep_reward=-0.06 buffer=100000'
last_line='step=322000 eps=0.388 ep_reward=-0.05 buffer=100000'
last_line='step=322000 eps=0.388 ep_reward=-0.05 buffer=100000'
last_line='step=322000 eps=0.388 ep_reward=-0.05 buffer=100000'
last_line='step=322000 eps=0.388 ep_reward=-0.05 buffer=100000'
last_line='step=323000 eps=0.386 ep_reward=0.44 buffer=100000'
last_line='step=323000 eps=0.386 ep_reward=0.44 buffer=100000'
last_line='step=323000 eps=0.386 ep_reward=0.44 buffer=100000'
last_line='step=323000 eps=0.386 ep_reward=0.44 buffer=100000'
last_line='step=324000 eps=0.384 ep_reward=-0.02 buffer=100000'
last_line='step=324000 eps=0.384 ep_reward=-0.02 buffer=100000'
last_line='step=324000 eps=0.384 ep_reward=-0.02 buffer=100000'
last_line='step=325000 eps=0.383 ep_reward=-0.01 buffer=100000'
last_line='step=325000 eps=0.383 ep_reward=-0.01 buffer=100000'
last_line='step=325000 eps=0.383 ep_reward=-0.01 buffer=100000'
last_line='step=325000 eps=0.383 ep_reward=-0.01 buffer=100000'
last_line='step=326000 eps=0.381 ep_reward=-0.04 buffer=100000'
last_line='step=326000 eps=0.381 ep_reward=-0.04 buffer=100000'
last_line='step=326000 eps=0.381 ep_reward=-0.04 buffer=100000'
last_line='step=326000 eps=0.381 ep_reward=-0.04 buffer=100000'
last_line='step=327000 eps=0.379 ep_reward=-0.03 buffer=100000'
last_line='step=327000 eps=0.379 ep_reward=-0.03 buffer=100000'
last_line='step=327000 eps=0.379 ep_reward=-0.03 buffer=100000'
last_line='step=328000 eps=0.377 ep_reward=-0.07 buffer=100000'
last_line='step=328000 eps=0.377 ep_reward=-0.07 buffer=100000'
last_line='step=328000 eps=0.377 ep_reward=-0.07 buffer=100000'
last_line='step=328000 eps=0.377 ep_reward=-0.07 buffer=100000'
last_line='step=329000 eps=0.375 ep_reward=-0.04 buffer=100000'
last_line='step=329000 eps=0.375 ep_reward=-0.04 buffer=100000'
last_line='step=329000 eps=0.375 ep_reward=-0.04 buffer=100000'
last_line='step=329000 eps=0.375 ep_reward=-0.04 buffer=100000'
last_line='step=330000 eps=0.373 ep_reward=-0.05 buffer=100000'
last_line='step=330000 eps=0.373 ep_reward=-0.05 buffer=100000'
last_line='step=330000 eps=0.373 ep_reward=-0.05 buffer=100000'
last_line='step=330000 eps=0.373 ep_reward=-0.05 buffer=100000'
last_line='step=331000 eps=0.371 ep_reward=0.06 buffer=100000'
last_line='step=331000 eps=0.371 ep_reward=0.06 buffer=100000'
last_line='step=331000 eps=0.371 ep_reward=0.06 buffer=100000'
last_line='step=332000 eps=0.369 ep_reward=-10.03 buffer=100000'
last_line='step=332000 eps=0.369 ep_reward=-10.03 buffer=100000'
last_line='step=332000 eps=0.369 ep_reward=-10.03 buffer=100000'
last_line='step=332000 eps=0.369 ep_reward=-10.03 buffer=100000'
last_line='step=333000 eps=0.367 ep_reward=-0.04 buffer=100000'
last_line='step=333000 eps=0.367 ep_reward=-0.04 buffer=100000'
last_line='step=333000 eps=0.367 ep_reward=-0.04 buffer=100000'
last_line='step=333000 eps=0.367 ep_reward=-0.04 buffer=100000'
last_line='step=334000 eps=0.365 ep_reward=-0.01 buffer=100000'
last_line='step=334000 eps=0.365 ep_reward=-0.01 buffer=100000'
last_line='step=334000 eps=0.365 ep_reward=-0.01 buffer=100000'
last_line='step=335000 eps=0.364 ep_reward=-0.02 buffer=100000'
last_line='step=335000 eps=0.364 ep_reward=-0.02 buffer=100000'
last_line='step=335000 eps=0.364 ep_reward=-0.02 buffer=100000'
last_line='step=335000 eps=0.364 ep_reward=-0.02 buffer=100000'
last_line='step=336000 eps=0.362 ep_reward=-0.03 buffer=100000'
last_line='step=336000 eps=0.362 ep_reward=-0.03 buffer=100000'
last_line='step=336000 eps=0.362 ep_reward=-0.03 buffer=100000'
last_line='step=336000 eps=0.362 ep_reward=-0.03 buffer=100000'
last_line='step=337000 eps=0.360 ep_reward=-0.02 buffer=100000'
last_line='step=337000 eps=0.360 ep_reward=-0.02 buffer=100000'
last_line='step=337000 eps=0.360 ep_reward=-0.02 buffer=100000'
last_line='step=338000 eps=0.358 ep_reward=-0.03 buffer=100000'
last_line='step=338000 eps=0.358 ep_reward=-0.03 buffer=100000'
last_line='step=338000 eps=0.358 ep_reward=-0.03 buffer=100000'
last_line='step=338000 eps=0.358 ep_reward=-0.03 buffer=100000'
last_line='step=339000 eps=0.356 ep_reward=-0.04 buffer=100000'
last_line='step=339000 eps=0.356 ep_reward=-0.04 buffer=100000'
last_line='step=339000 eps=0.356 ep_reward=-0.04 buffer=100000'
last_line='step=339000 eps=0.356 ep_reward=-0.04 buffer=100000'
last_line='step=340000 eps=0.354 ep_reward=0.12 buffer=100000'
last_line='step=340000 eps=0.354 ep_reward=0.12 buffer=100000'
last_line='step=340000 eps=0.354 ep_reward=0.12 buffer=100000'
last_line='step=340000 eps=0.354 ep_reward=0.12 buffer=100000'
last_line='step=341000 eps=0.352 ep_reward=-0.06 buffer=100000'
last_line='step=341000 eps=0.352 ep_reward=-0.06 buffer=100000'
last_line='step=341000 eps=0.352 ep_reward=-0.06 buffer=100000'
last_line='step=342000 eps=0.350 ep_reward=-0.12 buffer=100000'
last_line='step=342000 eps=0.350 ep_reward=-0.12 buffer=100000'
last_line='step=342000 eps=0.350 ep_reward=-0.12 buffer=100000'
last_line='step=342000 eps=0.350 ep_reward=-0.12 buffer=100000'
last_line='step=343000 eps=0.348 ep_reward=-10.04 buffer=100000'
last_line='step=343000 eps=0.348 ep_reward=-10.04 buffer=100000'
last_line='step=343000 eps=0.348 ep_reward=-10.04 buffer=100000'
last_line='step=343000 eps=0.348 ep_reward=-10.04 buffer=100000'
last_line='step=344000 eps=0.346 ep_reward=-9.91 buffer=100000'
last_line='step=344000 eps=0.346 ep_reward=-9.91 buffer=100000'
last_line='step=344000 eps=0.346 ep_reward=-9.91 buffer=100000'
last_line='step=345000 eps=0.345 ep_reward=-10.02 buffer=100000'
last_line='step=345000 eps=0.345 ep_reward=-10.02 buffer=100000'
last_line='step=345000 eps=0.345 ep_reward=-10.02 buffer=100000'
last_line='step=345000 eps=0.345 ep_reward=-10.02 buffer=100000'
last_line='step=346000 eps=0.343 ep_reward=-0.03 buffer=100000'
last_line='step=346000 eps=0.343 ep_reward=-0.03 buffer=100000'
last_line='step=346000 eps=0.343 ep_reward=-0.03 buffer=100000'
last_line='step=346000 eps=0.343 ep_reward=-0.03 buffer=100000'
last_line='step=347000 eps=0.341 ep_reward=-10.04 buffer=100000'
last_line='step=347000 eps=0.341 ep_reward=-10.04 buffer=100000'
last_line='step=347000 eps=0.341 ep_reward=-10.04 buffer=100000'
last_line='step=348000 eps=0.339 ep_reward=-0.07 buffer=100000'
last_line='step=348000 eps=0.339 ep_reward=-0.07 buffer=100000'
last_line='step=348000 eps=0.339 ep_reward=-0.07 buffer=100000'
last_line='step=348000 eps=0.339 ep_reward=-0.07 buffer=100000'
last_line='step=349000 eps=0.337 ep_reward=0.57 buffer=100000'
last_line='step=349000 eps=0.337 ep_reward=0.57 buffer=100000'
last_line='step=349000 eps=0.337 ep_reward=0.57 buffer=100000'
last_line='step=349000 eps=0.337 ep_reward=0.57 buffer=100000'
last_line='step=350000 eps=0.335 ep_reward=-0.01 buffer=100000'
last_line='step=350000 eps=0.335 ep_reward=-0.01 buffer=100000'
last_line='step=350000 eps=0.335 ep_reward=-0.01 buffer=100000'
last_line='step=350000 eps=0.335 ep_reward=-0.01 buffer=100000'
last_line='step=350000 eps=0.335 ep_reward=-0.01 buffer=100000'
last_line='step=350000 eps=0.335 ep_reward=-0.01 buffer=100000'
last_line='step=351000 eps=0.333 ep_reward=0.01 buffer=100000'
last_line='step=351000 eps=0.333 ep_reward=0.01 buffer=100000'
last_line='step=351000 eps=0.333 ep_reward=0.01 buffer=100000'
last_line='step=352000 eps=0.331 ep_reward=-0.03 buffer=100000'
last_line='step=352000 eps=0.331 ep_reward=-0.03 buffer=100000'
last_line='step=352000 eps=0.331 ep_reward=-0.03 buffer=100000'
last_line='step=352000 eps=0.331 ep_reward=-0.03 buffer=100000'
last_line='step=353000 eps=0.329 ep_reward=-0.04 buffer=100000'
last_line='step=353000 eps=0.329 ep_reward=-0.04 buffer=100000'
last_line='step=353000 eps=0.329 ep_reward=-0.04 buffer=100000'
last_line='step=354000 eps=0.327 ep_reward=-0.03 buffer=100000'
last_line='step=354000 eps=0.327 ep_reward=-0.03 buffer=100000'
last_line='step=354000 eps=0.327 ep_reward=-0.03 buffer=100000'
last_line='step=354000 eps=0.327 ep_reward=-0.03 buffer=100000'
last_line='step=355000 eps=0.326 ep_reward=-9.27 buffer=100000'
last_line='step=355000 eps=0.326 ep_reward=-9.27 buffer=100000'
last_line='step=355000 eps=0.326 ep_reward=-9.27 buffer=100000'
last_line='step=355000 eps=0.326 ep_reward=-9.27 buffer=100000'
last_line='step=356000 eps=0.324 ep_reward=0.21 buffer=100000'
last_line='step=356000 eps=0.324 ep_reward=0.21 buffer=100000'
last_line='step=356000 eps=0.324 ep_reward=0.21 buffer=100000'
last_line='step=357000 eps=0.322 ep_reward=-0.01 buffer=100000'
last_line='step=357000 eps=0.322 ep_reward=-0.01 buffer=100000'
last_line='step=357000 eps=0.322 ep_reward=-0.01 buffer=100000'
last_line='step=357000 eps=0.322 ep_reward=-0.01 buffer=100000'
last_line='step=358000 eps=0.320 ep_reward=-0.02 buffer=100000'
last_line='step=358000 eps=0.320 ep_reward=-0.02 buffer=100000'
last_line='step=358000 eps=0.320 ep_reward=-0.02 buffer=100000'
last_line='step=359000 eps=0.318 ep_reward=-0.02 buffer=100000'
last_line='step=359000 eps=0.318 ep_reward=-0.02 buffer=100000'
last_line='step=359000 eps=0.318 ep_reward=-0.02 buffer=100000'
last_line='step=359000 eps=0.318 ep_reward=-0.02 buffer=100000'
last_line='step=360000 eps=0.316 ep_reward=-0.04 buffer=100000'
last_line='step=360000 eps=0.316 ep_reward=-0.04 buffer=100000'
last_line='step=360000 eps=0.316 ep_reward=-0.04 buffer=100000'
last_line='step=360000 eps=0.316 ep_reward=-0.04 buffer=100000'
last_line='step=361000 eps=0.314 ep_reward=-0.03 buffer=100000'
last_line='step=361000 eps=0.314 ep_reward=-0.03 buffer=100000'
last_line='step=361000 eps=0.314 ep_reward=-0.03 buffer=100000'
last_line='step=361000 eps=0.314 ep_reward=-0.03 buffer=100000'
last_line='step=362000 eps=0.312 ep_reward=-0.34 buffer=100000'
last_line='step=362000 eps=0.312 ep_reward=-0.34 buffer=100000'
last_line='step=362000 eps=0.312 ep_reward=-0.34 buffer=100000'
last_line='step=363000 eps=0.310 ep_reward=-0.07 buffer=100000'
last_line='step=363000 eps=0.310 ep_reward=-0.07 buffer=100000'
last_line='step=363000 eps=0.310 ep_reward=-0.07 buffer=100000'
last_line='step=363000 eps=0.310 ep_reward=-0.07 buffer=100000'
last_line='step=364000 eps=0.308 ep_reward=-10.03 buffer=100000'
last_line='step=364000 eps=0.308 ep_reward=-10.03 buffer=100000'
last_line='step=364000 eps=0.308 ep_reward=-10.03 buffer=100000'
last_line='step=365000 eps=0.307 ep_reward=-0.01 buffer=100000'
last_line='step=365000 eps=0.307 ep_reward=-0.01 buffer=100000'
last_line='step=365000 eps=0.307 ep_reward=-0.01 buffer=100000'
last_line='step=365000 eps=0.307 ep_reward=-0.01 buffer=100000'
last_line='step=366000 eps=0.305 ep_reward=-10.03 buffer=100000'
last_line='step=366000 eps=0.305 ep_reward=-10.03 buffer=100000'
last_line='step=366000 eps=0.305 ep_reward=-10.03 buffer=100000'
last_line='step=366000 eps=0.305 ep_reward=-10.03 buffer=100000'
last_line='step=367000 eps=0.303 ep_reward=-10.03 buffer=100000'
last_line='step=367000 eps=0.303 ep_reward=-10.03 buffer=100000'
last_line='step=367000 eps=0.303 ep_reward=-10.03 buffer=100000'
last_line='step=368000 eps=0.301 ep_reward=0.24 buffer=100000'
last_line='step=368000 eps=0.301 ep_reward=0.24 buffer=100000'
last_line='step=368000 eps=0.301 ep_reward=0.24 buffer=100000'
last_line='step=368000 eps=0.301 ep_reward=0.24 buffer=100000'
last_line='step=369000 eps=0.299 ep_reward=-0.02 buffer=100000'
last_line='step=369000 eps=0.299 ep_reward=-0.02 buffer=100000'
last_line='step=369000 eps=0.299 ep_reward=-0.02 buffer=100000'
last_line='step=369000 eps=0.299 ep_reward=-0.02 buffer=100000'
last_line='step=370000 eps=0.297 ep_reward=-0.01 buffer=100000'
last_line='step=370000 eps=0.297 ep_reward=-0.01 buffer=100000'
last_line='step=370000 eps=0.297 ep_reward=-0.01 buffer=100000'
last_line='step=370000 eps=0.297 ep_reward=-0.01 buffer=100000'
last_line='step=371000 eps=0.295 ep_reward=-0.07 buffer=100000'
last_line='step=371000 eps=0.295 ep_reward=-0.07 buffer=100000'
last_line='step=371000 eps=0.295 ep_reward=-0.07 buffer=100000'
last_line='step=372000 eps=0.293 ep_reward=-10.03 buffer=100000'
last_line='step=372000 eps=0.293 ep_reward=-10.03 buffer=100000'
last_line='step=372000 eps=0.293 ep_reward=-10.03 buffer=100000'
last_line='step=372000 eps=0.293 ep_reward=-10.03 buffer=100000'
last_line='step=373000 eps=0.291 ep_reward=0.34 buffer=100000'
last_line='step=373000 eps=0.291 ep_reward=0.34 buffer=100000'
last_line='step=373000 eps=0.291 ep_reward=0.34 buffer=100000'
last_line='step=374000 eps=0.289 ep_reward=-0.10 buffer=100000'
last_line='step=374000 eps=0.289 ep_reward=-0.10 buffer=100000'
last_line='step=374000 eps=0.289 ep_reward=-0.10 buffer=100000'
last_line='step=374000 eps=0.289 ep_reward=-0.10 buffer=100000'
last_line='step=375000 eps=0.288 ep_reward=-0.21 buffer=100000'
last_line='step=375000 eps=0.288 ep_reward=-0.21 buffer=100000'
last_line='step=375000 eps=0.288 ep_reward=-0.21 buffer=100000'
last_line='step=375000 eps=0.288 ep_reward=-0.21 buffer=100000'
last_line='step=376000 eps=0.286 ep_reward=0.06 buffer=100000'
last_line='step=376000 eps=0.286 ep_reward=0.06 buffer=100000'
last_line='step=376000 eps=0.286 ep_reward=0.06 buffer=100000'
last_line='step=376000 eps=0.286 ep_reward=0.06 buffer=100000'
last_line='step=377000 eps=0.284 ep_reward=0.07 buffer=100000'
last_line='step=377000 eps=0.284 ep_reward=0.07 buffer=100000'
last_line='step=377000 eps=0.284 ep_reward=0.07 buffer=100000'
last_line='step=378000 eps=0.282 ep_reward=-0.01 buffer=100000'
last_line='step=378000 eps=0.282 ep_reward=-0.01 buffer=100000'
last_line='step=378000 eps=0.282 ep_reward=-0.01 buffer=100000'
last_line='step=378000 eps=0.282 ep_reward=-0.01 buffer=100000'
last_line='step=379000 eps=0.280 ep_reward=-10.03 buffer=100000'
last_line='step=379000 eps=0.280 ep_reward=-10.03 buffer=100000'
last_line='step=379000 eps=0.280 ep_reward=-10.03 buffer=100000'
last_line='step=379000 eps=0.280 ep_reward=-10.03 buffer=100000'
last_line='step=380000 eps=0.278 ep_reward=-0.05 buffer=100000'
last_line='step=380000 eps=0.278 ep_reward=-0.05 buffer=100000'
last_line='step=380000 eps=0.278 ep_reward=-0.05 buffer=100000'
last_line='step=380000 eps=0.278 ep_reward=-0.05 buffer=100000'
last_line='step=381000 eps=0.276 ep_reward=-0.22 buffer=100000'
last_line='step=381000 eps=0.276 ep_reward=-0.22 buffer=100000'
last_line='step=381000 eps=0.276 ep_reward=-0.22 buffer=100000'
last_line='step=382000 eps=0.274 ep_reward=-0.25 buffer=100000'
last_line='step=382000 eps=0.274 ep_reward=-0.25 buffer=100000'
last_line='step=382000 eps=0.274 ep_reward=-0.25 buffer=100000'
last_line='step=382000 eps=0.274 ep_reward=-0.25 buffer=100000'
last_line='step=383000 eps=0.272 ep_reward=-0.01 buffer=100000'
last_line='step=383000 eps=0.272 ep_reward=-0.01 buffer=100000'
last_line='step=383000 eps=0.272 ep_reward=-0.01 buffer=100000'
last_line='step=384000 eps=0.270 ep_reward=-0.01 buffer=100000'
last_line='step=384000 eps=0.270 ep_reward=-0.01 buffer=100000'
last_line='step=384000 eps=0.270 ep_reward=-0.01 buffer=100000'
last_line='step=384000 eps=0.270 ep_reward=-0.01 buffer=100000'
last_line='step=385000 eps=0.269 ep_reward=0.50 buffer=100000'
last_line='step=385000 eps=0.269 ep_reward=0.50 buffer=100000'
last_line='step=385000 eps=0.269 ep_reward=0.50 buffer=100000'
last_line='step=385000 eps=0.269 ep_reward=0.50 buffer=100000'
last_line='step=386000 eps=0.267 ep_reward=-10.03 buffer=100000'
last_line='step=386000 eps=0.267 ep_reward=-10.03 buffer=100000'
last_line='step=386000 eps=0.267 ep_reward=-10.03 buffer=100000'
last_line='step=386000 eps=0.267 ep_reward=-10.03 buffer=100000'
last_line='step=387000 eps=0.265 ep_reward=-0.04 buffer=100000'
last_line='step=387000 eps=0.265 ep_reward=-0.04 buffer=100000'
last_line='step=387000 eps=0.265 ep_reward=-0.04 buffer=100000'
last_line='step=388000 eps=0.263 ep_reward=-0.02 buffer=100000'
last_line='step=388000 eps=0.263 ep_reward=-0.02 buffer=100000'
last_line='step=388000 eps=0.263 ep_reward=-0.02 buffer=100000'
last_line='step=388000 eps=0.263 ep_reward=-0.02 buffer=100000'
last_line='step=389000 eps=0.261 ep_reward=-0.11 buffer=100000'
last_line='step=389000 eps=0.261 ep_reward=-0.11 buffer=100000'
last_line='step=389000 eps=0.261 ep_reward=-0.11 buffer=100000'
last_line='step=389000 eps=0.261 ep_reward=-0.11 buffer=100000'
last_line='step=390000 eps=0.259 ep_reward=0.48 buffer=100000'
last_line='step=390000 eps=0.259 ep_reward=0.48 buffer=100000'
last_line='step=390000 eps=0.259 ep_reward=0.48 buffer=100000'
last_line='step=390000 eps=0.259 ep_reward=0.48 buffer=100000'
last_line='step=391000 eps=0.257 ep_reward=-0.02 buffer=100000'
last_line='step=391000 eps=0.257 ep_reward=-0.02 buffer=100000'
last_line='step=391000 eps=0.257 ep_reward=-0.02 buffer=100000'
last_line='step=392000 eps=0.255 ep_reward=-0.48 buffer=100000'
last_line='step=392000 eps=0.255 ep_reward=-0.48 buffer=100000'
last_line='step=392000 eps=0.255 ep_reward=-0.48 buffer=100000'
last_line='step=392000 eps=0.255 ep_reward=-0.48 buffer=100000'
last_line='step=393000 eps=0.253 ep_reward=0.11 buffer=100000'
last_line='step=393000 eps=0.253 ep_reward=0.11 buffer=100000'
last_line='step=393000 eps=0.253 ep_reward=0.11 buffer=100000'
last_line='step=393000 eps=0.253 ep_reward=0.11 buffer=100000'
last_line='step=394000 eps=0.251 ep_reward=-10.08 buffer=100000'
last_line='step=394000 eps=0.251 ep_reward=-10.08 buffer=100000'
last_line='step=394000 eps=0.251 ep_reward=-10.08 buffer=100000'
last_line='step=395000 eps=0.250 ep_reward=0.49 buffer=100000'
last_line='step=395000 eps=0.250 ep_reward=0.49 buffer=100000'
last_line='step=395000 eps=0.250 ep_reward=0.49 buffer=100000'
last_line='step=395000 eps=0.250 ep_reward=0.49 buffer=100000'
last_line='step=396000 eps=0.248 ep_reward=-0.01 buffer=100000'
last_line='step=396000 eps=0.248 ep_reward=-0.01 buffer=100000'
last_line='step=396000 eps=0.248 ep_reward=-0.01 buffer=100000'
last_line='step=396000 eps=0.248 ep_reward=-0.01 buffer=100000'
last_line='step=397000 eps=0.246 ep_reward=-0.01 buffer=100000'
last_line='step=397000 eps=0.246 ep_reward=-0.01 buffer=100000'
last_line='step=397000 eps=0.246 ep_reward=-0.01 buffer=100000'
last_line='step=398000 eps=0.244 ep_reward=-10.03 buffer=100000'
last_line='step=398000 eps=0.244 ep_reward=-10.03 buffer=100000'
last_line='step=398000 eps=0.244 ep_reward=-10.03 buffer=100000'
last_line='step=398000 eps=0.244 ep_reward=-10.03 buffer=100000'
last_line='step=399000 eps=0.242 ep_reward=-0.02 buffer=100000'
last_line='step=399000 eps=0.242 ep_reward=-0.02 buffer=100000'
last_line='step=399000 eps=0.242 ep_reward=-0.02 buffer=100000'
last_line='step=399000 eps=0.242 ep_reward=-0.02 buffer=100000'
last_line='step=400000 eps=0.240 ep_reward=-0.01 buffer=100000'
last_line='step=400000 eps=0.240 ep_reward=-0.01 buffer=100000'
last_line='step=400000 eps=0.240 ep_reward=-0.01 buffer=100000'
last_line='step=400000 eps=0.240 ep_reward=-0.01 buffer=100000'
last_line='step=400000 eps=0.240 ep_reward=-0.01 buffer=100000'
last_line='step=400000 eps=0.240 ep_reward=-0.01 buffer=100000'
last_line='step=401000 eps=0.238 ep_reward=-0.05 buffer=100000'
last_line='step=401000 eps=0.238 ep_reward=-0.05 buffer=100000'
last_line='step=401000 eps=0.238 ep_reward=-0.05 buffer=100000'
last_line='step=402000 eps=0.236 ep_reward=0.03 buffer=100000'
last_line='step=402000 eps=0.236 ep_reward=0.03 buffer=100000'
last_line='step=402000 eps=0.236 ep_reward=0.03 buffer=100000'
last_line='step=402000 eps=0.236 ep_reward=0.03 buffer=100000'
last_line='step=403000 eps=0.234 ep_reward=-10.05 buffer=100000'
last_line='step=403000 eps=0.234 ep_reward=-10.05 buffer=100000'
last_line='step=403000 eps=0.234 ep_reward=-10.05 buffer=100000'
last_line='step=404000 eps=0.232 ep_reward=-0.03 buffer=100000'
last_line='step=404000 eps=0.232 ep_reward=-0.03 buffer=100000'
last_line='step=404000 eps=0.232 ep_reward=-0.03 buffer=100000'
last_line='step=404000 eps=0.232 ep_reward=-0.03 buffer=100000'
last_line='step=405000 eps=0.231 ep_reward=-10.05 buffer=100000'
last_line='step=405000 eps=0.231 ep_reward=-10.05 buffer=100000'
last_line='step=405000 eps=0.231 ep_reward=-10.05 buffer=100000'
last_line='step=405000 eps=0.231 ep_reward=-10.05 buffer=100000'
last_line='step=406000 eps=0.229 ep_reward=-0.01 buffer=100000'
last_line='step=406000 eps=0.229 ep_reward=-0.01 buffer=100000'
last_line='step=406000 eps=0.229 ep_reward=-0.01 buffer=100000'
last_line='step=406000 eps=0.229 ep_reward=-0.01 buffer=100000'
last_line='step=407000 eps=0.227 ep_reward=0.11 buffer=100000'
last_line='step=407000 eps=0.227 ep_reward=0.11 buffer=100000'
last_line='step=407000 eps=0.227 ep_reward=0.11 buffer=100000'
last_line='step=408000 eps=0.225 ep_reward=-9.83 buffer=100000'
last_line='step=408000 eps=0.225 ep_reward=-9.83 buffer=100000'
last_line='step=408000 eps=0.225 ep_reward=-9.83 buffer=100000'
last_line='step=408000 eps=0.225 ep_reward=-9.83 buffer=100000'
last_line='step=409000 eps=0.223 ep_reward=0.46 buffer=100000'
last_line='step=409000 eps=0.223 ep_reward=0.46 buffer=100000'
last_line='step=409000 eps=0.223 ep_reward=0.46 buffer=100000'
last_line='step=410000 eps=0.221 ep_reward=-0.65 buffer=100000'
last_line='step=410000 eps=0.221 ep_reward=-0.65 buffer=100000'
last_line='step=410000 eps=0.221 ep_reward=-0.65 buffer=100000'
last_line='step=410000 eps=0.221 ep_reward=-0.65 buffer=100000'
last_line='step=411000 eps=0.219 ep_reward=0.08 buffer=100000'
last_line='step=411000 eps=0.219 ep_reward=0.08 buffer=100000'
last_line='step=411000 eps=0.219 ep_reward=0.08 buffer=100000'
last_line='step=411000 eps=0.219 ep_reward=0.08 buffer=100000'
last_line='step=412000 eps=0.217 ep_reward=-10.06 buffer=100000'
last_line='step=412000 eps=0.217 ep_reward=-10.06 buffer=100000'
last_line='step=412000 eps=0.217 ep_reward=-10.06 buffer=100000'
last_line='step=412000 eps=0.217 ep_reward=-10.06 buffer=100000'
last_line='step=413000 eps=0.215 ep_reward=-0.08 buffer=100000'
last_line='step=413000 eps=0.215 ep_reward=-0.08 buffer=100000'
last_line='step=413000 eps=0.215 ep_reward=-0.08 buffer=100000'
last_line='step=414000 eps=0.213 ep_reward=-0.01 buffer=100000'
last_line='step=414000 eps=0.213 ep_reward=-0.01 buffer=100000'
last_line='step=414000 eps=0.213 ep_reward=-0.01 buffer=100000'
last_line='step=414000 eps=0.213 ep_reward=-0.01 buffer=100000'
last_line='step=415000 eps=0.212 ep_reward=0.17 buffer=100000'
last_line='step=415000 eps=0.212 ep_reward=0.17 buffer=100000'
last_line='step=415000 eps=0.212 ep_reward=0.17 buffer=100000'
last_line='step=415000 eps=0.212 ep_reward=0.17 buffer=100000'
last_line='step=416000 eps=0.210 ep_reward=0.05 buffer=100000'
last_line='step=416000 eps=0.210 ep_reward=0.05 buffer=100000'
last_line='step=416000 eps=0.210 ep_reward=0.05 buffer=100000'
last_line='step=416000 eps=0.210 ep_reward=0.05 buffer=100000'
last_line='step=417000 eps=0.208 ep_reward=0.41 buffer=100000'
last_line='step=417000 eps=0.208 ep_reward=0.41 buffer=100000'
last_line='step=417000 eps=0.208 ep_reward=0.41 buffer=100000'
last_line='step=418000 eps=0.206 ep_reward=-0.40 buffer=100000'
last_line='step=418000 eps=0.206 ep_reward=-0.40 buffer=100000'
last_line='step=418000 eps=0.206 ep_reward=-0.40 buffer=100000'
last_line='step=418000 eps=0.206 ep_reward=-0.40 buffer=100000'
last_line='step=419000 eps=0.204 ep_reward=0.05 buffer=100000'
last_line='step=419000 eps=0.204 ep_reward=0.05 buffer=100000'
last_line='step=419000 eps=0.204 ep_reward=0.05 buffer=100000'
last_line='step=420000 eps=0.202 ep_reward=0.07 buffer=100000'
last_line='step=420000 eps=0.202 ep_reward=0.07 buffer=100000'
last_line='step=420000 eps=0.202 ep_reward=0.07 buffer=100000'
last_line='step=420000 eps=0.202 ep_reward=0.07 buffer=100000'
last_line='step=421000 eps=0.200 ep_reward=-0.01 buffer=100000'
last_line='step=421000 eps=0.200 ep_reward=-0.01 buffer=100000'
last_line='step=421000 eps=0.200 ep_reward=-0.01 buffer=100000'
last_line='step=421000 eps=0.200 ep_reward=-0.01 buffer=100000'
last_line='step=422000 eps=0.198 ep_reward=-0.04 buffer=100000'
last_line='step=422000 eps=0.198 ep_reward=-0.04 buffer=100000'
last_line='step=422000 eps=0.198 ep_reward=-0.04 buffer=100000'
last_line='step=422000 eps=0.198 ep_reward=-0.04 buffer=100000'
last_line='step=423000 eps=0.196 ep_reward=-0.02 buffer=100000'
last_line='step=423000 eps=0.196 ep_reward=-0.02 buffer=100000'
last_line='step=423000 eps=0.196 ep_reward=-0.02 buffer=100000'
last_line='step=424000 eps=0.194 ep_reward=-0.02 buffer=100000'
last_line='step=424000 eps=0.194 ep_reward=-0.02 buffer=100000'
last_line='step=424000 eps=0.194 ep_reward=-0.02 buffer=100000'
last_line='step=424000 eps=0.194 ep_reward=-0.02 buffer=100000'
last_line='step=425000 eps=0.193 ep_reward=-0.03 buffer=100000'
last_line='step=425000 eps=0.193 ep_reward=-0.03 buffer=100000'
last_line='step=425000 eps=0.193 ep_reward=-0.03 buffer=100000'
last_line='step=425000 eps=0.193 ep_reward=-0.03 buffer=100000'
last_line='step=426000 eps=0.191 ep_reward=-0.04 buffer=100000'
last_line='step=426000 eps=0.191 ep_reward=-0.04 buffer=100000'
last_line='step=426000 eps=0.191 ep_reward=-0.04 buffer=100000'
last_line='step=426000 eps=0.191 ep_reward=-0.04 buffer=100000'
last_line='step=427000 eps=0.189 ep_reward=-0.01 buffer=100000'
last_line='step=427000 eps=0.189 ep_reward=-0.01 buffer=100000'
last_line='step=427000 eps=0.189 ep_reward=-0.01 buffer=100000'
last_line='step=428000 eps=0.187 ep_reward=-0.13 buffer=100000'
last_line='step=428000 eps=0.187 ep_reward=-0.13 buffer=100000'
last_line='step=428000 eps=0.187 ep_reward=-0.13 buffer=100000'
last_line='step=428000 eps=0.187 ep_reward=-0.13 buffer=100000'
last_line='step=429000 eps=0.185 ep_reward=0.11 buffer=100000'
last_line='step=429000 eps=0.185 ep_reward=0.11 buffer=100000'
last_line='step=429000 eps=0.185 ep_reward=0.11 buffer=100000'
last_line='step=430000 eps=0.183 ep_reward=-0.03 buffer=100000'
last_line='step=430000 eps=0.183 ep_reward=-0.03 buffer=100000'
last_line='step=430000 eps=0.183 ep_reward=-0.03 buffer=100000'
last_line='step=430000 eps=0.183 ep_reward=-0.03 buffer=100000'
last_line='step=431000 eps=0.181 ep_reward=0.08 buffer=100000'
last_line='step=431000 eps=0.181 ep_reward=0.08 buffer=100000'
last_line='step=431000 eps=0.181 ep_reward=0.08 buffer=100000'
last_line='step=431000 eps=0.181 ep_reward=0.08 buffer=100000'
last_line='step=432000 eps=0.179 ep_reward=-0.07 buffer=100000'
last_line='step=432000 eps=0.179 ep_reward=-0.07 buffer=100000'
last_line='step=432000 eps=0.179 ep_reward=-0.07 buffer=100000'
last_line='step=432000 eps=0.179 ep_reward=-0.07 buffer=100000'
last_line='step=433000 eps=0.177 ep_reward=-0.05 buffer=100000'
last_line='step=433000 eps=0.177 ep_reward=-0.05 buffer=100000'
last_line='step=433000 eps=0.177 ep_reward=-0.05 buffer=100000'
last_line='step=433000 eps=0.177 ep_reward=-0.05 buffer=100000'
last_line='step=434000 eps=0.175 ep_reward=-0.04 buffer=100000'
last_line='step=434000 eps=0.175 ep_reward=-0.04 buffer=100000'
last_line='step=434000 eps=0.175 ep_reward=-0.04 buffer=100000'
last_line='step=435000 eps=0.174 ep_reward=-0.03 buffer=100000'
last_line='step=435000 eps=0.174 ep_reward=-0.03 buffer=100000'
last_line='step=435000 eps=0.174 ep_reward=-0.03 buffer=100000'
last_line='step=435000 eps=0.174 ep_reward=-0.03 buffer=100000'
last_line='step=436000 eps=0.172 ep_reward=-0.01 buffer=100000'
last_line='step=436000 eps=0.172 ep_reward=-0.01 buffer=100000'
last_line='step=436000 eps=0.172 ep_reward=-0.01 buffer=100000'
last_line='step=436000 eps=0.172 ep_reward=-0.01 buffer=100000'
last_line='step=437000 eps=0.170 ep_reward=-0.03 buffer=100000'
last_line='step=437000 eps=0.170 ep_reward=-0.03 buffer=100000'
last_line='step=437000 eps=0.170 ep_reward=-0.03 buffer=100000'
last_line='step=437000 eps=0.170 ep_reward=-0.03 buffer=100000'
last_line='step=438000 eps=0.168 ep_reward=-0.02 buffer=100000'
last_line='step=438000 eps=0.168 ep_reward=-0.02 buffer=100000'
last_line='step=438000 eps=0.168 ep_reward=-0.02 buffer=100000'
last_line='step=439000 eps=0.166 ep_reward=-0.03 buffer=100000'
last_line='step=439000 eps=0.166 ep_reward=-0.03 buffer=100000'
last_line='step=439000 eps=0.166 ep_reward=-0.03 buffer=100000'
last_line='step=439000 eps=0.166 ep_reward=-0.03 buffer=100000'
last_line='step=440000 eps=0.164 ep_reward=-0.08 buffer=100000'
last_line='step=440000 eps=0.164 ep_reward=-0.08 buffer=100000'
last_line='step=440000 eps=0.164 ep_reward=-0.08 buffer=100000'
last_line='step=440000 eps=0.164 ep_reward=-0.08 buffer=100000'
last_line='step=441000 eps=0.162 ep_reward=-0.13 buffer=100000'
last_line='step=441000 eps=0.162 ep_reward=-0.13 buffer=100000'
last_line='step=441000 eps=0.162 ep_reward=-0.13 buffer=100000'
last_line='step=442000 eps=0.160 ep_reward=-0.14 buffer=100000'
last_line='step=442000 eps=0.160 ep_reward=-0.14 buffer=100000'
last_line='step=442000 eps=0.160 ep_reward=-0.14 buffer=100000'
last_line='step=442000 eps=0.160 ep_reward=-0.14 buffer=100000'
last_line='step=443000 eps=0.158 ep_reward=-0.21 buffer=100000'
last_line='step=443000 eps=0.158 ep_reward=-0.21 buffer=100000'
last_line='step=443000 eps=0.158 ep_reward=-0.21 buffer=100000'
last_line='step=443000 eps=0.158 ep_reward=-0.21 buffer=100000'
last_line='step=444000 eps=0.156 ep_reward=-0.08 buffer=100000'
last_line='step=444000 eps=0.156 ep_reward=-0.08 buffer=100000'
last_line='step=444000 eps=0.156 ep_reward=-0.08 buffer=100000'
last_line='step=445000 eps=0.155 ep_reward=0.29 buffer=100000'
last_line='step=445000 eps=0.155 ep_reward=0.29 buffer=100000'
last_line='step=445000 eps=0.155 ep_reward=0.29 buffer=100000'
last_line='step=445000 eps=0.155 ep_reward=0.29 buffer=100000'
last_line='step=446000 eps=0.153 ep_reward=-0.05 buffer=100000'
last_line='step=446000 eps=0.153 ep_reward=-0.05 buffer=100000'
last_line='step=446000 eps=0.153 ep_reward=-0.05 buffer=100000'
last_line='step=446000 eps=0.153 ep_reward=-0.05 buffer=100000'
last_line='step=447000 eps=0.151 ep_reward=-0.17 buffer=100000'
last_line='step=447000 eps=0.151 ep_reward=-0.17 buffer=100000'
last_line='step=447000 eps=0.151 ep_reward=-0.17 buffer=100000'
last_line='step=447000 eps=0.151 ep_reward=-0.17 buffer=100000'
last_line='step=448000 eps=0.149 ep_reward=-0.07 buffer=100000'
last_line='step=448000 eps=0.149 ep_reward=-0.07 buffer=100000'
last_line='step=448000 eps=0.149 ep_reward=-0.07 buffer=100000'
last_line='step=449000 eps=0.147 ep_reward=-0.81 buffer=100000'
last_line='step=449000 eps=0.147 ep_reward=-0.81 buffer=100000'
last_line='step=449000 eps=0.147 ep_reward=-0.81 buffer=100000'
last_line='step=449000 eps=0.147 ep_reward=-0.81 buffer=100000'
last_line='step=450000 eps=0.145 ep_reward=-10.01 buffer=100000'
last_line='step=450000 eps=0.145 ep_reward=-10.01 buffer=100000'
last_line='step=450000 eps=0.145 ep_reward=-10.01 buffer=100000'
last_line='step=450000 eps=0.145 ep_reward=-10.01 buffer=100000'
last_line='step=450000 eps=0.145 ep_reward=-10.01 buffer=100000'
last_line='step=450000 eps=0.145 ep_reward=-10.01 buffer=100000'
last_line='step=451000 eps=0.143 ep_reward=-0.05 buffer=100000'
last_line='step=451000 eps=0.143 ep_reward=-0.05 buffer=100000'
last_line='step=451000 eps=0.143 ep_reward=-0.05 buffer=100000'
last_line='step=451000 eps=0.143 ep_reward=-0.05 buffer=100000'
last_line='step=452000 eps=0.141 ep_reward=-0.05 buffer=100000'
last_line='step=452000 eps=0.141 ep_reward=-0.05 buffer=100000'
last_line='step=452000 eps=0.141 ep_reward=-0.05 buffer=100000'
last_line='step=453000 eps=0.139 ep_reward=0.02 buffer=100000'
last_line='step=453000 eps=0.139 ep_reward=0.02 buffer=100000'
last_line='step=453000 eps=0.139 ep_reward=0.02 buffer=100000'
last_line='step=453000 eps=0.139 ep_reward=0.02 buffer=100000'
last_line='step=454000 eps=0.137 ep_reward=-0.04 buffer=100000'
last_line='step=454000 eps=0.137 ep_reward=-0.04 buffer=100000'
last_line='step=454000 eps=0.137 ep_reward=-0.04 buffer=100000'
last_line='step=455000 eps=0.136 ep_reward=-0.03 buffer=100000'
last_line='step=455000 eps=0.136 ep_reward=-0.03 buffer=100000'
last_line='step=455000 eps=0.136 ep_reward=-0.03 buffer=100000'
last_line='step=455000 eps=0.136 ep_reward=-0.03 buffer=100000'
last_line='step=456000 eps=0.134 ep_reward=-0.54 buffer=100000'
last_line='step=456000 eps=0.134 ep_reward=-0.54 buffer=100000'
last_line='step=456000 eps=0.134 ep_reward=-0.54 buffer=100000'
last_line='step=456000 eps=0.134 ep_reward=-0.54 buffer=100000'
last_line='step=457000 eps=0.132 ep_reward=-0.01 buffer=100000'
last_line='step=457000 eps=0.132 ep_reward=-0.01 buffer=100000'
last_line='step=457000 eps=0.132 ep_reward=-0.01 buffer=100000'
last_line='step=458000 eps=0.130 ep_reward=-0.09 buffer=100000'
last_line='step=458000 eps=0.130 ep_reward=-0.09 buffer=100000'
last_line='step=458000 eps=0.130 ep_reward=-0.09 buffer=100000'
last_line='step=458000 eps=0.130 ep_reward=-0.09 buffer=100000'
last_line='step=459000 eps=0.128 ep_reward=-0.08 buffer=100000'
last_line='step=459000 eps=0.128 ep_reward=-0.08 buffer=100000'
last_line='step=459000 eps=0.128 ep_reward=-0.08 buffer=100000'
last_line='step=459000 eps=0.128 ep_reward=-0.08 buffer=100000'
last_line='step=460000 eps=0.126 ep_reward=-10.03 buffer=100000'
last_line='step=460000 eps=0.126 ep_reward=-10.03 buffer=100000'
last_line='step=460000 eps=0.126 ep_reward=-10.03 buffer=100000'
last_line='step=460000 eps=0.126 ep_reward=-10.03 buffer=100000'
last_line='step=461000 eps=0.124 ep_reward=-0.02 buffer=100000'
last_line='step=461000 eps=0.124 ep_reward=-0.02 buffer=100000'
last_line='step=461000 eps=0.124 ep_reward=-0.02 buffer=100000'
last_line='step=462000 eps=0.122 ep_reward=-0.05 buffer=100000'
last_line='step=462000 eps=0.122 ep_reward=-0.05 buffer=100000'
last_line='step=462000 eps=0.122 ep_reward=-0.05 buffer=100000'
last_line='step=462000 eps=0.122 ep_reward=-0.05 buffer=100000'
last_line='step=463000 eps=0.120 ep_reward=-0.12 buffer=100000'
last_line='step=463000 eps=0.120 ep_reward=-0.12 buffer=100000'
last_line='step=463000 eps=0.120 ep_reward=-0.12 buffer=100000'
last_line='step=464000 eps=0.118 ep_reward=-0.13 buffer=100000'
last_line='step=464000 eps=0.118 ep_reward=-0.13 buffer=100000'
last_line='step=464000 eps=0.118 ep_reward=-0.13 buffer=100000'
last_line='step=464000 eps=0.118 ep_reward=-0.13 buffer=100000'
last_line='step=465000 eps=0.117 ep_reward=-0.02 buffer=100000'
last_line='step=465000 eps=0.117 ep_reward=-0.02 buffer=100000'
last_line='step=465000 eps=0.117 ep_reward=-0.02 buffer=100000'
last_line='step=465000 eps=0.117 ep_reward=-0.02 buffer=100000'
last_line='step=466000 eps=0.115 ep_reward=0.11 buffer=100000'
last_line='step=466000 eps=0.115 ep_reward=0.11 buffer=100000'
last_line='step=466000 eps=0.115 ep_reward=0.11 buffer=100000'
last_line='step=466000 eps=0.115 ep_reward=0.11 buffer=100000'
last_line='step=467000 eps=0.113 ep_reward=-0.01 buffer=100000'
last_line='step=467000 eps=0.113 ep_reward=-0.01 buffer=100000'
last_line='step=467000 eps=0.113 ep_reward=-0.01 buffer=100000'
last_line='step=468000 eps=0.111 ep_reward=-0.15 buffer=100000'
last_line='step=468000 eps=0.111 ep_reward=-0.15 buffer=100000'
last_line='step=468000 eps=0.111 ep_reward=-0.15 buffer=100000'
last_line='step=468000 eps=0.111 ep_reward=-0.15 buffer=100000'
last_line='step=469000 eps=0.109 ep_reward=-0.09 buffer=100000'
last_line='step=469000 eps=0.109 ep_reward=-0.09 buffer=100000'
last_line='step=469000 eps=0.109 ep_reward=-0.09 buffer=100000'
last_line='step=470000 eps=0.107 ep_reward=-0.13 buffer=100000'
last_line='step=470000 eps=0.107 ep_reward=-0.13 buffer=100000'
last_line='step=470000 eps=0.107 ep_reward=-0.13 buffer=100000'
last_line='step=470000 eps=0.107 ep_reward=-0.13 buffer=100000'
last_line='step=471000 eps=0.105 ep_reward=-0.09 buffer=100000'
last_line='step=471000 eps=0.105 ep_reward=-0.09 buffer=100000'
last_line='step=471000 eps=0.105 ep_reward=-0.09 buffer=100000'
last_line='step=471000 eps=0.105 ep_reward=-0.09 buffer=100000'
last_line='step=472000 eps=0.103 ep_reward=-0.32 buffer=100000'
last_line='step=472000 eps=0.103 ep_reward=-0.32 buffer=100000'
last_line='step=472000 eps=0.103 ep_reward=-0.32 buffer=100000'
last_line='step=472000 eps=0.103 ep_reward=-0.32 buffer=100000'
last_line='step=473000 eps=0.101 ep_reward=-0.12 buffer=100000'
last_line='step=473000 eps=0.101 ep_reward=-0.12 buffer=100000'
last_line='step=473000 eps=0.101 ep_reward=-0.12 buffer=100000'
last_line='step=474000 eps=0.099 ep_reward=-0.19 buffer=100000'
last_line='step=474000 eps=0.099 ep_reward=-0.19 buffer=100000'
last_line='step=474000 eps=0.099 ep_reward=-0.19 buffer=100000'
last_line='step=474000 eps=0.099 ep_reward=-0.19 buffer=100000'
last_line='step=475000 eps=0.098 ep_reward=-0.08 buffer=100000'
last_line='step=475000 eps=0.098 ep_reward=-0.08 buffer=100000'
last_line='step=475000 eps=0.098 ep_reward=-0.08 buffer=100000'
last_line='step=476000 eps=0.096 ep_reward=-0.05 buffer=100000'
last_line='step=476000 eps=0.096 ep_reward=-0.05 buffer=100000'
last_line='step=476000 eps=0.096 ep_reward=-0.05 buffer=100000'
last_line='step=476000 eps=0.096 ep_reward=-0.05 buffer=100000'
last_line='step=477000 eps=0.094 ep_reward=-0.17 buffer=100000'
last_line='step=477000 eps=0.094 ep_reward=-0.17 buffer=100000'
last_line='step=477000 eps=0.094 ep_reward=-0.17 buffer=100000'
last_line='step=477000 eps=0.094 ep_reward=-0.17 buffer=100000'
last_line='step=478000 eps=0.092 ep_reward=-0.07 buffer=100000'
last_line='step=478000 eps=0.092 ep_reward=-0.07 buffer=100000'
last_line='step=478000 eps=0.092 ep_reward=-0.07 buffer=100000'
last_line='step=479000 eps=0.090 ep_reward=-0.04 buffer=100000'
last_line='step=479000 eps=0.090 ep_reward=-0.04 buffer=100000'
last_line='step=479000 eps=0.090 ep_reward=-0.04 buffer=100000'
last_line='step=479000 eps=0.090 ep_reward=-0.04 buffer=100000'
last_line='step=480000 eps=0.088 ep_reward=-0.03 buffer=100000'
last_line='step=480000 eps=0.088 ep_reward=-0.03 buffer=100000'
last_line='step=480000 eps=0.088 ep_reward=-0.03 buffer=100000'
last_line='step=480000 eps=0.088 ep_reward=-0.03 buffer=100000'
last_line='step=481000 eps=0.086 ep_reward=-0.14 buffer=100000'
last_line='step=481000 eps=0.086 ep_reward=-0.14 buffer=100000'
last_line='step=481000 eps=0.086 ep_reward=-0.14 buffer=100000'
last_line='step=482000 eps=0.084 ep_reward=-0.16 buffer=100000'
last_line='step=482000 eps=0.084 ep_reward=-0.16 buffer=100000'
last_line='step=482000 eps=0.084 ep_reward=-0.16 buffer=100000'
last_line='step=482000 eps=0.084 ep_reward=-0.16 buffer=100000'
last_line='step=483000 eps=0.082 ep_reward=-0.17 buffer=100000'
last_line='step=483000 eps=0.082 ep_reward=-0.17 buffer=100000'
last_line='step=483000 eps=0.082 ep_reward=-0.17 buffer=100000'
last_line='step=484000 eps=0.080 ep_reward=-0.14 buffer=100000'
last_line='step=484000 eps=0.080 ep_reward=-0.14 buffer=100000'
last_line='step=484000 eps=0.080 ep_reward=-0.14 buffer=100000'
last_line='step=484000 eps=0.080 ep_reward=-0.14 buffer=100000'
last_line='step=485000 eps=0.079 ep_reward=-0.58 buffer=100000'
last_line='step=485000 eps=0.079 ep_reward=-0.58 buffer=100000'
last_line='step=485000 eps=0.079 ep_reward=-0.58 buffer=100000'
last_line='step=485000 eps=0.079 ep_reward=-0.58 buffer=100000'
last_line='step=486000 eps=0.077 ep_reward=-0.05 buffer=100000'
last_line='step=486000 eps=0.077 ep_reward=-0.05 buffer=100000'
last_line='step=486000 eps=0.077 ep_reward=-0.05 buffer=100000'
last_line='step=486000 eps=0.077 ep_reward=-0.05 buffer=100000'
last_line='step=487000 eps=0.075 ep_reward=-0.15 buffer=100000'
last_line='step=487000 eps=0.075 ep_reward=-0.15 buffer=100000'
last_line='step=487000 eps=0.075 ep_reward=-0.15 buffer=100000'
last_line='step=488000 eps=0.073 ep_reward=-0.07 buffer=100000'
last_line='step=488000 eps=0.073 ep_reward=-0.07 buffer=100000'
last_line='step=488000 eps=0.073 ep_reward=-0.07 buffer=100000'
last_line='step=488000 eps=0.073 ep_reward=-0.07 buffer=100000'
last_line='step=489000 eps=0.071 ep_reward=-0.11 buffer=100000'
last_line='step=489000 eps=0.071 ep_reward=-0.11 buffer=100000'
last_line='step=489000 eps=0.071 ep_reward=-0.11 buffer=100000'
last_line='step=490000 eps=0.069 ep_reward=-0.03 buffer=100000'
last_line='step=490000 eps=0.069 ep_reward=-0.03 buffer=100000'
last_line='step=490000 eps=0.069 ep_reward=-0.03 buffer=100000'
last_line='step=490000 eps=0.069 ep_reward=-0.03 buffer=100000'
last_line='step=491000 eps=0.067 ep_reward=-0.14 buffer=100000'
last_line='step=491000 eps=0.067 ep_reward=-0.14 buffer=100000'
last_line='step=491000 eps=0.067 ep_reward=-0.14 buffer=100000'
last_line='step=491000 eps=0.067 ep_reward=-0.14 buffer=100000'
last_line='step=492000 eps=0.065 ep_reward=-0.42 buffer=100000'
last_line='step=492000 eps=0.065 ep_reward=-0.42 buffer=100000'
last_line='step=492000 eps=0.065 ep_reward=-0.42 buffer=100000'
last_line='step=492000 eps=0.065 ep_reward=-0.42 buffer=100000'
last_line='step=493000 eps=0.063 ep_reward=0.22 buffer=100000'
last_line='step=493000 eps=0.063 ep_reward=0.22 buffer=100000'
last_line='step=493000 eps=0.063 ep_reward=0.22 buffer=100000'
last_line='step=494000 eps=0.061 ep_reward=-0.01 buffer=100000'
last_line='step=494000 eps=0.061 ep_reward=-0.01 buffer=100000'
last_line='step=494000 eps=0.061 ep_reward=-0.01 buffer=100000'
last_line='step=494000 eps=0.061 ep_reward=-0.01 buffer=100000'
last_line='step=495000 eps=0.060 ep_reward=-0.02 buffer=100000'
last_line='step=495000 eps=0.060 ep_reward=-0.02 buffer=100000'
last_line='step=495000 eps=0.060 ep_reward=-0.02 buffer=100000'
last_line='step=495000 eps=0.060 ep_reward=-0.02 buffer=100000'
last_line='step=496000 eps=0.058 ep_reward=0.37 buffer=100000'
last_line='step=496000 eps=0.058 ep_reward=0.37 buffer=100000'
last_line='step=496000 eps=0.058 ep_reward=0.37 buffer=100000'
last_line='step=497000 eps=0.056 ep_reward=-0.22 buffer=100000'
last_line='step=497000 eps=0.056 ep_reward=-0.22 buffer=100000'
last_line='step=497000 eps=0.056 ep_reward=-0.22 buffer=100000'
last_line='step=497000 eps=0.056 ep_reward=-0.22 buffer=100000'
last_line='step=498000 eps=0.054 ep_reward=-0.47 buffer=100000'
last_line='step=498000 eps=0.054 ep_reward=-0.47 buffer=100000'
last_line='step=498000 eps=0.054 ep_reward=-0.47 buffer=100000'
last_line='step=498000 eps=0.054 ep_reward=-0.47 buffer=100000'
last_line='step=499000 eps=0.052 ep_reward=-0.14 buffer=100000'
last_line='step=499000 eps=0.052 ep_reward=-0.14 buffer=100000'
last_line='step=499000 eps=0.052 ep_reward=-0.14 buffer=100000'
last_line='step=500000 eps=0.050 ep_reward=-0.01 buffer=100000'
last_line='step=500000 eps=0.050 ep_reward=-0.01 buffer=100000'
last_line='step=500000 eps=0.050 ep_reward=-0.01 buffer=100000'
last_line='step=500000 eps=0.050 ep_reward=-0.01 buffer=100000'
last_line='step=500000 eps=0.050 ep_reward=-0.01 buffer=100000'
last_line='step=500000 eps=0.050 ep_reward=-0.01 buffer=100000'
last_line='step=501000 eps=0.050 ep_reward=-0.45 buffer=100000'
last_line='step=501000 eps=0.050 ep_reward=-0.45 buffer=100000'
last_line='step=501000 eps=0.050 ep_reward=-0.45 buffer=100000'
last_line='step=501000 eps=0.050 ep_reward=-0.45 buffer=100000'
last_line='step=502000 eps=0.050 ep_reward=-0.24 buffer=100000'
last_line='step=502000 eps=0.050 ep_reward=-0.24 buffer=100000'
last_line='step=502000 eps=0.050 ep_reward=-0.24 buffer=100000'
last_line='step=503000 eps=0.050 ep_reward=-0.64 buffer=100000'
last_line='step=503000 eps=0.050 ep_reward=-0.64 buffer=100000'
last_line='step=503000 eps=0.050 ep_reward=-0.64 buffer=100000'
last_line='step=503000 eps=0.050 ep_reward=-0.64 buffer=100000'
last_line='step=504000 eps=0.050 ep_reward=-0.09 buffer=100000'
last_line='step=504000 eps=0.050 ep_reward=-0.09 buffer=100000'
last_line='step=504000 eps=0.050 ep_reward=-0.09 buffer=100000'
last_line='step=505000 eps=0.050 ep_reward=0.03 buffer=100000'
last_line='step=505000 eps=0.050 ep_reward=0.03 buffer=100000'
last_line='step=505000 eps=0.050 ep_reward=0.03 buffer=100000'
last_line='step=505000 eps=0.050 ep_reward=0.03 buffer=100000'
last_line='step=506000 eps=0.050 ep_reward=-0.35 buffer=100000'
last_line='step=506000 eps=0.050 ep_reward=-0.35 buffer=100000'
last_line='step=506000 eps=0.050 ep_reward=-0.35 buffer=100000'
last_line='step=506000 eps=0.050 ep_reward=-0.35 buffer=100000'
last_line='step=507000 eps=0.050 ep_reward=-0.02 buffer=100000'
last_line='step=507000 eps=0.050 ep_reward=-0.02 buffer=100000'
last_line='step=507000 eps=0.050 ep_reward=-0.02 buffer=100000'
last_line='step=507000 eps=0.050 ep_reward=-0.02 buffer=100000'
last_line='step=508000 eps=0.050 ep_reward=-10.03 buffer=100000'
last_line='step=508000 eps=0.050 ep_reward=-10.03 buffer=100000'
last_line='step=508000 eps=0.050 ep_reward=-10.03 buffer=100000'
last_line='step=509000 eps=0.050 ep_reward=-0.06 buffer=100000'
last_line='step=509000 eps=0.050 ep_reward=-0.06 buffer=100000'
last_line='step=509000 eps=0.050 ep_reward=-0.06 buffer=100000'
last_line='step=509000 eps=0.050 ep_reward=-0.06 buffer=100000'
last_line='step=510000 eps=0.050 ep_reward=-0.55 buffer=100000'
last_line='step=510000 eps=0.050 ep_reward=-0.55 buffer=100000'
last_line='step=510000 eps=0.050 ep_reward=-0.55 buffer=100000'
last_line='step=510000 eps=0.050 ep_reward=-0.55 buffer=100000'
last_line='step=511000 eps=0.050 ep_reward=-10.06 buffer=100000'
last_line='step=511000 eps=0.050 ep_reward=-10.06 buffer=100000'
last_line='step=511000 eps=0.050 ep_reward=-10.06 buffer=100000'
last_line='step=511000 eps=0.050 ep_reward=-10.06 buffer=100000'
last_line='step=512000 eps=0.050 ep_reward=-0.02 buffer=100000'
last_line='step=512000 eps=0.050 ep_reward=-0.02 buffer=100000'
last_line='step=512000 eps=0.050 ep_reward=-0.02 buffer=100000'
last_line='step=513000 eps=0.050 ep_reward=-0.15 buffer=100000'
last_line='step=513000 eps=0.050 ep_reward=-0.15 buffer=100000'
last_line='step=513000 eps=0.050 ep_reward=-0.15 buffer=100000'
last_line='step=513000 eps=0.050 ep_reward=-0.15 buffer=100000'
last_line='step=514000 eps=0.050 ep_reward=-10.03 buffer=100000'
last_line='step=514000 eps=0.050 ep_reward=-10.03 buffer=100000'
last_line='step=514000 eps=0.050 ep_reward=-10.03 buffer=100000'
last_line='step=515000 eps=0.050 ep_reward=-0.72 buffer=100000'
last_line='step=515000 eps=0.050 ep_reward=-0.72 buffer=100000'
last_line='step=515000 eps=0.050 ep_reward=-0.72 buffer=100000'
last_line='step=515000 eps=0.050 ep_reward=-0.72 buffer=100000'
last_line='step=516000 eps=0.050 ep_reward=-0.03 buffer=100000'
last_line='step=516000 eps=0.050 ep_reward=-0.03 buffer=100000'
last_line='step=516000 eps=0.050 ep_reward=-0.03 buffer=100000'
last_line='step=516000 eps=0.050 ep_reward=-0.03 buffer=100000'
last_line='step=517000 eps=0.050 ep_reward=-0.03 buffer=100000'
last_line='step=517000 eps=0.050 ep_reward=-0.03 buffer=100000'
last_line='step=517000 eps=0.050 ep_reward=-0.03 buffer=100000'
last_line='step=517000 eps=0.050 ep_reward=-0.03 buffer=100000'
last_line='step=518000 eps=0.050 ep_reward=-0.28 buffer=100000'
last_line='step=518000 eps=0.050 ep_reward=-0.28 buffer=100000'
last_line='step=518000 eps=0.050 ep_reward=-0.28 buffer=100000'
last_line='step=519000 eps=0.050 ep_reward=-0.03 buffer=100000'
last_line='step=519000 eps=0.050 ep_reward=-0.03 buffer=100000'
last_line='step=519000 eps=0.050 ep_reward=-0.03 buffer=100000'
last_line='step=519000 eps=0.050 ep_reward=-0.03 buffer=100000'
last_line='step=520000 eps=0.050 ep_reward=-0.95 buffer=100000'
last_line='step=520000 eps=0.050 ep_reward=-0.95 buffer=100000'
last_line='step=520000 eps=0.050 ep_reward=-0.95 buffer=100000'
last_line='step=520000 eps=0.050 ep_reward=-0.95 buffer=100000'
last_line='step=521000 eps=0.050 ep_reward=-0.02 buffer=100000'
last_line='step=521000 eps=0.050 ep_reward=-0.02 buffer=100000'
last_line='step=521000 eps=0.050 ep_reward=-0.02 buffer=100000'
last_line='step=522000 eps=0.050 ep_reward=-0.68 buffer=100000'
last_line='step=522000 eps=0.050 ep_reward=-0.68 buffer=100000'
last_line='step=522000 eps=0.050 ep_reward=-0.68 buffer=100000'
last_line='step=523000 eps=0.050 ep_reward=-0.02 buffer=100000'
last_line='step=523000 eps=0.050 ep_reward=-0.02 buffer=100000'
last_line='step=523000 eps=0.050 ep_reward=-0.02 buffer=100000'
last_line='step=523000 eps=0.050 ep_reward=-0.02 buffer=100000'
last_line='step=524000 eps=0.050 ep_reward=0.05 buffer=100000'
last_line='step=524000 eps=0.050 ep_reward=0.05 buffer=100000'
last_line='step=524000 eps=0.050 ep_reward=0.05 buffer=100000'
last_line='step=524000 eps=0.050 ep_reward=0.05 buffer=100000'
last_line='step=525000 eps=0.050 ep_reward=-0.04 buffer=100000'
last_line='step=525000 eps=0.050 ep_reward=-0.04 buffer=100000'
last_line='step=525000 eps=0.050 ep_reward=-0.04 buffer=100000'
last_line='step=525000 eps=0.050 ep_reward=-0.04 buffer=100000'
last_line='step=526000 eps=0.050 ep_reward=-0.04 buffer=100000'
last_line='step=526000 eps=0.050 ep_reward=-0.04 buffer=100000'
last_line='step=526000 eps=0.050 ep_reward=-0.04 buffer=100000'
last_line='step=527000 eps=0.050 ep_reward=-0.66 buffer=100000'
last_line='step=527000 eps=0.050 ep_reward=-0.66 buffer=100000'
last_line='step=527000 eps=0.050 ep_reward=-0.66 buffer=100000'
last_line='step=527000 eps=0.050 ep_reward=-0.66 buffer=100000'
last_line='step=528000 eps=0.050 ep_reward=-0.02 buffer=100000'
last_line='step=528000 eps=0.050 ep_reward=-0.02 buffer=100000'
last_line='step=528000 eps=0.050 ep_reward=-0.02 buffer=100000'
last_line='step=529000 eps=0.050 ep_reward=-0.10 buffer=100000'
last_line='step=529000 eps=0.050 ep_reward=-0.10 buffer=100000'
last_line='step=529000 eps=0.050 ep_reward=-0.10 buffer=100000'
last_line='step=529000 eps=0.050 ep_reward=-0.10 buffer=100000'
last_line='step=530000 eps=0.050 ep_reward=-0.02 buffer=100000'
last_line='step=530000 eps=0.050 ep_reward=-0.02 buffer=100000'
last_line='step=530000 eps=0.050 ep_reward=-0.02 buffer=100000'
last_line='step=530000 eps=0.050 ep_reward=-0.02 buffer=100000'
last_line='step=531000 eps=0.050 ep_reward=-0.33 buffer=100000'
last_line='step=531000 eps=0.050 ep_reward=-0.33 buffer=100000'
last_line='step=531000 eps=0.050 ep_reward=-0.33 buffer=100000'
last_line='step=532000 eps=0.050 ep_reward=-0.05 buffer=100000'
last_line='step=532000 eps=0.050 ep_reward=-0.05 buffer=100000'
last_line='step=532000 eps=0.050 ep_reward=-0.05 buffer=100000'
last_line='step=532000 eps=0.050 ep_reward=-0.05 buffer=100000'
last_line='step=533000 eps=0.050 ep_reward=-10.03 buffer=100000'
last_line='step=533000 eps=0.050 ep_reward=-10.03 buffer=100000'
last_line='step=533000 eps=0.050 ep_reward=-10.03 buffer=100000'
last_line='step=534000 eps=0.050 ep_reward=-0.94 buffer=100000'
last_line='step=534000 eps=0.050 ep_reward=-0.94 buffer=100000'
last_line='step=534000 eps=0.050 ep_reward=-0.94 buffer=100000'
last_line='step=534000 eps=0.050 ep_reward=-0.94 buffer=100000'
last_line='step=535000 eps=0.050 ep_reward=-0.16 buffer=100000'
last_line='step=535000 eps=0.050 ep_reward=-0.16 buffer=100000'
last_line='step=535000 eps=0.050 ep_reward=-0.16 buffer=100000'
last_line='step=535000 eps=0.050 ep_reward=-0.16 buffer=100000'
last_line='step=536000 eps=0.050 ep_reward=-0.33 buffer=100000'
last_line='step=536000 eps=0.050 ep_reward=-0.33 buffer=100000'
last_line='step=536000 eps=0.050 ep_reward=-0.33 buffer=100000'
last_line='step=537000 eps=0.050 ep_reward=-0.31 buffer=100000'
last_line='step=537000 eps=0.050 ep_reward=-0.31 buffer=100000'
last_line='step=537000 eps=0.050 ep_reward=-0.31 buffer=100000'
last_line='step=537000 eps=0.050 ep_reward=-0.31 buffer=100000'
last_line='step=538000 eps=0.050 ep_reward=-0.42 buffer=100000'
last_line='step=538000 eps=0.050 ep_reward=-0.42 buffer=100000'
last_line='step=538000 eps=0.050 ep_reward=-0.42 buffer=100000'
last_line='step=538000 eps=0.050 ep_reward=-0.42 buffer=100000'
last_line='step=539000 eps=0.050 ep_reward=-0.05 buffer=100000'
last_line='step=539000 eps=0.050 ep_reward=-0.05 buffer=100000'
last_line='step=539000 eps=0.050 ep_reward=-0.05 buffer=100000'
last_line='step=540000 eps=0.050 ep_reward=-0.57 buffer=100000'
last_line='step=540000 eps=0.050 ep_reward=-0.57 buffer=100000'
last_line='step=540000 eps=0.050 ep_reward=-0.57 buffer=100000'
last_line='step=540000 eps=0.050 ep_reward=-0.57 buffer=100000'
last_line='step=541000 eps=0.050 ep_reward=-10.03 buffer=100000'
last_line='step=541000 eps=0.050 ep_reward=-10.03 buffer=100000'
last_line='step=541000 eps=0.050 ep_reward=-10.03 buffer=100000'
last_line='step=541000 eps=0.050 ep_reward=-10.03 buffer=100000'
last_line='step=542000 eps=0.050 ep_reward=-0.48 buffer=100000'
last_line='step=542000 eps=0.050 ep_reward=-0.48 buffer=100000'
last_line='step=542000 eps=0.050 ep_reward=-0.48 buffer=100000'
last_line='step=543000 eps=0.050 ep_reward=-0.05 buffer=100000'
last_line='step=543000 eps=0.050 ep_reward=-0.05 buffer=100000'
last_line='step=543000 eps=0.050 ep_reward=-0.05 buffer=100000'
last_line='step=543000 eps=0.050 ep_reward=-0.05 buffer=100000'
last_line='step=544000 eps=0.050 ep_reward=-10.03 buffer=100000'
last_line='step=544000 eps=0.050 ep_reward=-10.03 buffer=100000'
last_line='step=544000 eps=0.050 ep_reward=-10.03 buffer=100000'
last_line='step=545000 eps=0.050 ep_reward=0.20 buffer=100000'
last_line='step=545000 eps=0.050 ep_reward=0.20 buffer=100000'
last_line='step=545000 eps=0.050 ep_reward=0.20 buffer=100000'
last_line='step=545000 eps=0.050 ep_reward=0.20 buffer=100000'
last_line='step=546000 eps=0.050 ep_reward=-0.05 buffer=100000'
last_line='step=546000 eps=0.050 ep_reward=-0.05 buffer=100000'
last_line='step=546000 eps=0.050 ep_reward=-0.05 buffer=100000'
last_line='step=546000 eps=0.050 ep_reward=-0.05 buffer=100000'
last_line='step=547000 eps=0.050 ep_reward=-0.72 buffer=100000'
last_line='step=547000 eps=0.050 ep_reward=-0.72 buffer=100000'
last_line='step=547000 eps=0.050 ep_reward=-0.72 buffer=100000'
last_line='step=548000 eps=0.050 ep_reward=-10.15 buffer=100000'
last_line='step=548000 eps=0.050 ep_reward=-10.15 buffer=100000'
last_line='step=548000 eps=0.050 ep_reward=-10.15 buffer=100000'
last_line='step=548000 eps=0.050 ep_reward=-10.15 buffer=100000'
last_line='step=549000 eps=0.050 ep_reward=-0.02 buffer=100000'
last_line='step=549000 eps=0.050 ep_reward=-0.02 buffer=100000'
last_line='step=549000 eps=0.050 ep_reward=-0.02 buffer=100000'
last_line='step=550000 eps=0.050 ep_reward=-0.04 buffer=100000'
last_line='step=550000 eps=0.050 ep_reward=-0.04 buffer=100000'
last_line='step=550000 eps=0.050 ep_reward=-0.04 buffer=100000'
last_line='step=550000 eps=0.050 ep_reward=-0.04 buffer=100000'
last_line='step=550000 eps=0.050 ep_reward=-0.04 buffer=100000'
last_line='step=550000 eps=0.050 ep_reward=-0.04 buffer=100000'
last_line='step=551000 eps=0.050 ep_reward=-0.04 buffer=100000'
last_line='step=551000 eps=0.050 ep_reward=-0.04 buffer=100000'
last_line='step=551000 eps=0.050 ep_reward=-0.04 buffer=100000'
last_line='step=551000 eps=0.050 ep_reward=-0.04 buffer=100000'
last_line='step=552000 eps=0.050 ep_reward=-0.83 buffer=100000'
last_line='step=552000 eps=0.050 ep_reward=-0.83 buffer=100000'
last_line='step=552000 eps=0.050 ep_reward=-0.83 buffer=100000'
last_line='step=553000 eps=0.050 ep_reward=-0.63 buffer=100000'
last_line='step=553000 eps=0.050 ep_reward=-0.63 buffer=100000'
last_line='step=553000 eps=0.050 ep_reward=-0.63 buffer=100000'
last_line='step=553000 eps=0.050 ep_reward=-0.63 buffer=100000'
last_line='step=554000 eps=0.050 ep_reward=-0.04 buffer=100000'
last_line='step=554000 eps=0.050 ep_reward=-0.04 buffer=100000'
last_line='step=554000 eps=0.050 ep_reward=-0.04 buffer=100000'
last_line='step=555000 eps=0.050 ep_reward=-1.07 buffer=100000'
last_line='step=555000 eps=0.050 ep_reward=-1.07 buffer=100000'
last_line='step=555000 eps=0.050 ep_reward=-1.07 buffer=100000'
last_line='step=555000 eps=0.050 ep_reward=-1.07 buffer=100000'
last_line='step=555000 eps=0.050 ep_reward=-1.07 buffer=100000'
last_line='step=556000 eps=0.050 ep_reward=-0.08 buffer=100000'
last_line='step=556000 eps=0.050 ep_reward=-0.08 buffer=100000'
last_line='step=556000 eps=0.050 ep_reward=-0.08 buffer=100000'
last_line='step=557000 eps=0.050 ep_reward=-10.06 buffer=100000'
last_line='step=557000 eps=0.050 ep_reward=-10.06 buffer=100000'
last_line='step=557000 eps=0.050 ep_reward=-10.06 buffer=100000'
last_line='step=557000 eps=0.050 ep_reward=-10.06 buffer=100000'
last_line='step=558000 eps=0.050 ep_reward=-0.05 buffer=100000'
last_line='step=558000 eps=0.050 ep_reward=-0.05 buffer=100000'
last_line='step=558000 eps=0.050 ep_reward=-0.05 buffer=100000'
last_line='step=559000 eps=0.050 ep_reward=-0.12 buffer=100000'
last_line='step=559000 eps=0.050 ep_reward=-0.12 buffer=100000'
last_line='step=559000 eps=0.050 ep_reward=-0.12 buffer=100000'
last_line='step=559000 eps=0.050 ep_reward=-0.12 buffer=100000'
last_line='step=560000 eps=0.050 ep_reward=-0.04 buffer=100000'
last_line='step=560000 eps=0.050 ep_reward=-0.04 buffer=100000'
last_line='step=560000 eps=0.050 ep_reward=-0.04 buffer=100000'
last_line='step=560000 eps=0.050 ep_reward=-0.04 buffer=100000'
last_line='step=561000 eps=0.050 ep_reward=-0.16 buffer=100000'
last_line='step=561000 eps=0.050 ep_reward=-0.16 buffer=100000'
last_line='step=561000 eps=0.050 ep_reward=-0.16 buffer=100000'
last_line='step=562000 eps=0.050 ep_reward=-10.05 buffer=100000'
last_line='step=562000 eps=0.050 ep_reward=-10.05 buffer=100000'
last_line='step=562000 eps=0.050 ep_reward=-10.05 buffer=100000'
last_line='step=562000 eps=0.050 ep_reward=-10.05 buffer=100000'
last_line='step=563000 eps=0.050 ep_reward=-0.25 buffer=100000'
last_line='step=563000 eps=0.050 ep_reward=-0.25 buffer=100000'
last_line='step=563000 eps=0.050 ep_reward=-0.25 buffer=100000'
last_line='step=564000 eps=0.050 ep_reward=-1.16 buffer=100000'
last_line='step=564000 eps=0.050 ep_reward=-1.16 buffer=100000'
last_line='step=564000 eps=0.050 ep_reward=-1.16 buffer=100000'
last_line='step=564000 eps=0.050 ep_reward=-1.16 buffer=100000'
last_line='step=565000 eps=0.050 ep_reward=-0.03 buffer=100000'
last_line='step=565000 eps=0.050 ep_reward=-0.03 buffer=100000'
last_line='step=565000 eps=0.050 ep_reward=-0.03 buffer=100000'
last_line='step=565000 eps=0.050 ep_reward=-0.03 buffer=100000'
last_line='step=566000 eps=0.050 ep_reward=-0.21 buffer=100000'
last_line='step=566000 eps=0.050 ep_reward=-0.21 buffer=100000'
last_line='step=566000 eps=0.050 ep_reward=-0.21 buffer=100000'
last_line='step=566000 eps=0.050 ep_reward=-0.21 buffer=100000'
last_line='step=567000 eps=0.050 ep_reward=-0.01 buffer=100000'
last_line='step=567000 eps=0.050 ep_reward=-0.01 buffer=100000'
last_line='step=567000 eps=0.050 ep_reward=-0.01 buffer=100000'
last_line='step=568000 eps=0.050 ep_reward=-0.01 buffer=100000'
last_line='step=568000 eps=0.050 ep_reward=-0.01 buffer=100000'
last_line='step=568000 eps=0.050 ep_reward=-0.01 buffer=100000'
last_line='step=568000 eps=0.050 ep_reward=-0.01 buffer=100000'
last_line='step=569000 eps=0.050 ep_reward=-0.01 buffer=100000'
last_line='step=569000 eps=0.050 ep_reward=-0.01 buffer=100000'
last_line='step=569000 eps=0.050 ep_reward=-0.01 buffer=100000'
last_line='step=570000 eps=0.050 ep_reward=0.32 buffer=100000'
last_line='step=570000 eps=0.050 ep_reward=0.32 buffer=100000'
last_line='step=570000 eps=0.050 ep_reward=0.32 buffer=100000'
last_line='step=570000 eps=0.050 ep_reward=0.32 buffer=100000'
last_line='step=571000 eps=0.050 ep_reward=-0.08 buffer=100000'
last_line='step=571000 eps=0.050 ep_reward=-0.08 buffer=100000'
last_line='step=571000 eps=0.050 ep_reward=-0.08 buffer=100000'
last_line='step=571000 eps=0.050 ep_reward=-0.08 buffer=100000'
last_line='step=572000 eps=0.050 ep_reward=-0.13 buffer=100000'
last_line='step=572000 eps=0.050 ep_reward=-0.13 buffer=100000'
last_line='step=572000 eps=0.050 ep_reward=-0.13 buffer=100000'
last_line='step=572000 eps=0.050 ep_reward=-0.13 buffer=100000'
last_line='step=573000 eps=0.050 ep_reward=-0.14 buffer=100000'
last_line='step=573000 eps=0.050 ep_reward=-0.14 buffer=100000'
last_line='step=573000 eps=0.050 ep_reward=-0.14 buffer=100000'
last_line='step=574000 eps=0.050 ep_reward=-10.03 buffer=100000'
last_line='step=574000 eps=0.050 ep_reward=-10.03 buffer=100000'
last_line='step=574000 eps=0.050 ep_reward=-10.03 buffer=100000'
last_line='step=574000 eps=0.050 ep_reward=-10.03 buffer=100000'
last_line='step=575000 eps=0.050 ep_reward=-0.08 buffer=100000'
last_line='step=575000 eps=0.050 ep_reward=-0.08 buffer=100000'
last_line='step=575000 eps=0.050 ep_reward=-0.08 buffer=100000'
last_line='step=575000 eps=0.050 ep_reward=-0.08 buffer=100000'
last_line='step=576000 eps=0.050 ep_reward=-0.03 buffer=100000'
last_line='step=576000 eps=0.050 ep_reward=-0.03 buffer=100000'
last_line='step=576000 eps=0.050 ep_reward=-0.03 buffer=100000'
last_line='step=577000 eps=0.050 ep_reward=-0.45 buffer=100000'
last_line='step=577000 eps=0.050 ep_reward=-0.45 buffer=100000'
last_line='step=577000 eps=0.050 ep_reward=-0.45 buffer=100000'
last_line='step=577000 eps=0.050 ep_reward=-0.45 buffer=100000'
last_line='step=578000 eps=0.050 ep_reward=-0.19 buffer=100000'
last_line='step=578000 eps=0.050 ep_reward=-0.19 buffer=100000'
last_line='step=578000 eps=0.050 ep_reward=-0.19 buffer=100000'
last_line='step=579000 eps=0.050 ep_reward=-0.44 buffer=100000'
last_line='step=579000 eps=0.050 ep_reward=-0.44 buffer=100000'
last_line='step=579000 eps=0.050 ep_reward=-0.44 buffer=100000'
last_line='step=579000 eps=0.050 ep_reward=-0.44 buffer=100000'
last_line='step=580000 eps=0.050 ep_reward=-0.01 buffer=100000'
last_line='step=580000 eps=0.050 ep_reward=-0.01 buffer=100000'
last_line='step=580000 eps=0.050 ep_reward=-0.01 buffer=100000'
last_line='step=580000 eps=0.050 ep_reward=-0.01 buffer=100000'
last_line='step=581000 eps=0.050 ep_reward=-10.05 buffer=100000'
last_line='step=581000 eps=0.050 ep_reward=-10.05 buffer=100000'
last_line='step=581000 eps=0.050 ep_reward=-10.05 buffer=100000'
last_line='step=582000 eps=0.050 ep_reward=-0.06 buffer=100000'
last_line='step=582000 eps=0.050 ep_reward=-0.06 buffer=100000'
last_line='step=582000 eps=0.050 ep_reward=-0.06 buffer=100000'
last_line='step=582000 eps=0.050 ep_reward=-0.06 buffer=100000'
last_line='step=583000 eps=0.050 ep_reward=-0.01 buffer=100000'
last_line='step=583000 eps=0.050 ep_reward=-0.01 buffer=100000'
last_line='step=583000 eps=0.050 ep_reward=-0.01 buffer=100000'
last_line='step=583000 eps=0.050 ep_reward=-0.01 buffer=100000'
last_line='step=584000 eps=0.050 ep_reward=-0.55 buffer=100000'
last_line='step=584000 eps=0.050 ep_reward=-0.55 buffer=100000'
last_line='step=584000 eps=0.050 ep_reward=-0.55 buffer=100000'
last_line='step=585000 eps=0.050 ep_reward=-0.23 buffer=100000'
last_line='step=585000 eps=0.050 ep_reward=-0.23 buffer=100000'
last_line='step=585000 eps=0.050 ep_reward=-0.23 buffer=100000'
last_line='step=585000 eps=0.050 ep_reward=-0.23 buffer=100000'
last_line='step=586000 eps=0.050 ep_reward=-0.16 buffer=100000'
last_line='step=586000 eps=0.050 ep_reward=-0.16 buffer=100000'
last_line='step=586000 eps=0.050 ep_reward=-0.16 buffer=100000'
last_line='step=586000 eps=0.050 ep_reward=-0.16 buffer=100000'
last_line='step=587000 eps=0.050 ep_reward=-0.39 buffer=100000'
last_line='step=587000 eps=0.050 ep_reward=-0.39 buffer=100000'
last_line='step=587000 eps=0.050 ep_reward=-0.39 buffer=100000'
last_line='step=588000 eps=0.050 ep_reward=-0.03 buffer=100000'
last_line='step=588000 eps=0.050 ep_reward=-0.03 buffer=100000'
last_line='step=588000 eps=0.050 ep_reward=-0.03 buffer=100000'
last_line='step=588000 eps=0.050 ep_reward=-0.03 buffer=100000'
last_line='step=589000 eps=0.050 ep_reward=-0.10 buffer=100000'
last_line='step=589000 eps=0.050 ep_reward=-0.10 buffer=100000'
last_line='step=589000 eps=0.050 ep_reward=-0.10 buffer=100000'
last_line='step=589000 eps=0.050 ep_reward=-0.10 buffer=100000'
last_line='step=590000 eps=0.050 ep_reward=-0.90 buffer=100000'
last_line='step=590000 eps=0.050 ep_reward=-0.90 buffer=100000'
last_line='step=590000 eps=0.050 ep_reward=-0.90 buffer=100000'
last_line='step=590000 eps=0.050 ep_reward=-0.90 buffer=100000'
last_line='step=591000 eps=0.050 ep_reward=-0.22 buffer=100000'
last_line='step=591000 eps=0.050 ep_reward=-0.22 buffer=100000'
last_line='step=591000 eps=0.050 ep_reward=-0.22 buffer=100000'
last_line='step=592000 eps=0.050 ep_reward=-0.40 buffer=100000'
last_line='step=592000 eps=0.050 ep_reward=-0.40 buffer=100000'
last_line='step=592000 eps=0.050 ep_reward=-0.40 buffer=100000'
last_line='step=592000 eps=0.050 ep_reward=-0.40 buffer=100000'
last_line='step=593000 eps=0.050 ep_reward=-0.03 buffer=100000'
last_line='step=593000 eps=0.050 ep_reward=-0.03 buffer=100000'
last_line='step=593000 eps=0.050 ep_reward=-0.03 buffer=100000'
last_line='step=594000 eps=0.050 ep_reward=0.03 buffer=100000'
last_line='step=594000 eps=0.050 ep_reward=0.03 buffer=100000'
last_line='step=594000 eps=0.050 ep_reward=0.03 buffer=100000'
last_line='step=594000 eps=0.050 ep_reward=0.03 buffer=100000'
last_line='step=595000 eps=0.050 ep_reward=-0.43 buffer=100000'
last_line='step=595000 eps=0.050 ep_reward=-0.43 buffer=100000'
last_line='step=595000 eps=0.050 ep_reward=-0.43 buffer=100000'
last_line='step=595000 eps=0.050 ep_reward=-0.43 buffer=100000'
last_line='step=596000 eps=0.050 ep_reward=-0.01 buffer=100000'
last_line='step=596000 eps=0.050 ep_reward=-0.01 buffer=100000'
last_line='step=596000 eps=0.050 ep_reward=-0.01 buffer=100000'
last_line='step=597000 eps=0.050 ep_reward=-10.03 buffer=100000'
last_line='step=597000 eps=0.050 ep_reward=-10.03 buffer=100000'
last_line='step=597000 eps=0.050 ep_reward=-10.03 buffer=100000'
last_line='step=597000 eps=0.050 ep_reward=-10.03 buffer=100000'
last_line='step=598000 eps=0.050 ep_reward=-10.04 buffer=100000'
last_line='step=598000 eps=0.050 ep_reward=-10.04 buffer=100000'
last_line='step=598000 eps=0.050 ep_reward=-10.04 buffer=100000'
last_line='step=598000 eps=0.050 ep_reward=-10.04 buffer=100000'
last_line='step=599000 eps=0.050 ep_reward=-0.02 buffer=100000'
last_line='step=599000 eps=0.050 ep_reward=-0.02 buffer=100000'
last_line='step=599000 eps=0.050 ep_reward=-0.02 buffer=100000'
last_line='step=600000 eps=0.050 ep_reward=-0.01 buffer=100000'
last_line='step=600000 eps=0.050 ep_reward=-0.01 buffer=100000'
last_line='step=600000 eps=0.050 ep_reward=-0.01 buffer=100000'
last_line='step=600000 eps=0.050 ep_reward=-0.01 buffer=100000'
last_line='step=600000 eps=0.050 ep_reward=-0.01 buffer=100000'
last_line='step=600000 eps=0.050 ep_reward=-0.01 buffer=100000'
last_line='step=601000 eps=0.050 ep_reward=-0.13 buffer=100000'
last_line='step=601000 eps=0.050 ep_reward=-0.13 buffer=100000'
last_line='step=601000 eps=0.050 ep_reward=-0.13 buffer=100000'
last_line='step=601000 eps=0.050 ep_reward=-0.13 buffer=100000'
last_line='step=602000 eps=0.050 ep_reward=-0.22 buffer=100000'
last_line='step=602000 eps=0.050 ep_reward=-0.22 buffer=100000'
last_line='step=602000 eps=0.050 ep_reward=-0.22 buffer=100000'
last_line='step=602000 eps=0.050 ep_reward=-0.22 buffer=100000'
last_line='step=603000 eps=0.050 ep_reward=-0.05 buffer=100000'
last_line='step=603000 eps=0.050 ep_reward=-0.05 buffer=100000'
last_line='step=603000 eps=0.050 ep_reward=-0.05 buffer=100000'
last_line='step=604000 eps=0.050 ep_reward=-0.24 buffer=100000'
last_line='step=604000 eps=0.050 ep_reward=-0.24 buffer=100000'
last_line='step=604000 eps=0.050 ep_reward=-0.24 buffer=100000'
last_line='step=605000 eps=0.050 ep_reward=-0.04 buffer=100000'
last_line='step=605000 eps=0.050 ep_reward=-0.04 buffer=100000'
last_line='step=605000 eps=0.050 ep_reward=-0.04 buffer=100000'
last_line='step=605000 eps=0.050 ep_reward=-0.04 buffer=100000'
last_line='step=606000 eps=0.050 ep_reward=-0.35 buffer=100000'
last_line='step=606000 eps=0.050 ep_reward=-0.35 buffer=100000'
last_line='step=606000 eps=0.050 ep_reward=-0.35 buffer=100000'
last_line='step=606000 eps=0.050 ep_reward=-0.35 buffer=100000'
last_line='step=607000 eps=0.050 ep_reward=-0.03 buffer=100000'
last_line='step=607000 eps=0.050 ep_reward=-0.03 buffer=100000'
last_line='step=607000 eps=0.050 ep_reward=-0.03 buffer=100000'
last_line='step=607000 eps=0.050 ep_reward=-0.03 buffer=100000'
last_line='step=608000 eps=0.050 ep_reward=-10.03 buffer=100000'
last_line='step=608000 eps=0.050 ep_reward=-10.03 buffer=100000'
last_line='step=608000 eps=0.050 ep_reward=-10.03 buffer=100000'
last_line='step=609000 eps=0.050 ep_reward=-0.10 buffer=100000'
last_line='step=609000 eps=0.050 ep_reward=-0.10 buffer=100000'
last_line='step=609000 eps=0.050 ep_reward=-0.10 buffer=100000'
last_line='step=609000 eps=0.050 ep_reward=-0.10 buffer=100000'
last_line='step=610000 eps=0.050 ep_reward=-0.03 buffer=100000'
last_line='step=610000 eps=0.050 ep_reward=-0.03 buffer=100000'
last_line='step=610000 eps=0.050 ep_reward=-0.03 buffer=100000'
last_line='step=610000 eps=0.050 ep_reward=-0.03 buffer=100000'
last_line='step=611000 eps=0.050 ep_reward=-0.04 buffer=100000'
last_line='step=611000 eps=0.050 ep_reward=-0.04 buffer=100000'
last_line='step=611000 eps=0.050 ep_reward=-0.04 buffer=100000'
last_line='step=611000 eps=0.050 ep_reward=-0.04 buffer=100000'
last_line='step=612000 eps=0.050 ep_reward=-0.72 buffer=100000'
last_line='step=612000 eps=0.050 ep_reward=-0.72 buffer=100000'
last_line='step=612000 eps=0.050 ep_reward=-0.72 buffer=100000'
last_line='step=613000 eps=0.050 ep_reward=-0.01 buffer=100000'
last_line='step=613000 eps=0.050 ep_reward=-0.01 buffer=100000'
last_line='step=613000 eps=0.050 ep_reward=-0.01 buffer=100000'
last_line='step=613000 eps=0.050 ep_reward=-0.01 buffer=100000'
last_line='step=614000 eps=0.050 ep_reward=-0.06 buffer=100000'
last_line='step=614000 eps=0.050 ep_reward=-0.06 buffer=100000'
last_line='step=614000 eps=0.050 ep_reward=-0.06 buffer=100000'
last_line='step=614000 eps=0.050 ep_reward=-0.06 buffer=100000'
last_line='step=615000 eps=0.050 ep_reward=-0.63 buffer=100000'
last_line='step=615000 eps=0.050 ep_reward=-0.63 buffer=100000'
last_line='step=615000 eps=0.050 ep_reward=-0.63 buffer=100000'
last_line='step=615000 eps=0.050 ep_reward=-0.63 buffer=100000'
last_line='step=616000 eps=0.050 ep_reward=-0.51 buffer=100000'
last_line='step=616000 eps=0.050 ep_reward=-0.51 buffer=100000'
last_line='step=616000 eps=0.050 ep_reward=-0.51 buffer=100000'
last_line='step=617000 eps=0.050 ep_reward=-0.04 buffer=100000'
last_line='step=617000 eps=0.050 ep_reward=-0.04 buffer=100000'
last_line='step=617000 eps=0.050 ep_reward=-0.04 buffer=100000'
last_line='step=617000 eps=0.050 ep_reward=-0.04 buffer=100000'
last_line='step=618000 eps=0.050 ep_reward=-0.22 buffer=100000'
last_line='step=618000 eps=0.050 ep_reward=-0.22 buffer=100000'
last_line='step=618000 eps=0.050 ep_reward=-0.22 buffer=100000'
last_line='step=618000 eps=0.050 ep_reward=-0.22 buffer=100000'
last_line='step=619000 eps=0.050 ep_reward=-0.01 buffer=100000'
last_line='step=619000 eps=0.050 ep_reward=-0.01 buffer=100000'
last_line='step=619000 eps=0.050 ep_reward=-0.01 buffer=100000'
last_line='step=620000 eps=0.050 ep_reward=-0.76 buffer=100000'
last_line='step=620000 eps=0.050 ep_reward=-0.76 buffer=100000'
last_line='step=620000 eps=0.050 ep_reward=-0.76 buffer=100000'
last_line='step=620000 eps=0.050 ep_reward=-0.76 buffer=100000'
last_line='step=621000 eps=0.050 ep_reward=-0.02 buffer=100000'
last_line='step=621000 eps=0.050 ep_reward=-0.02 buffer=100000'
last_line='step=621000 eps=0.050 ep_reward=-0.02 buffer=100000'
last_line='step=621000 eps=0.050 ep_reward=-0.02 buffer=100000'
last_line='step=622000 eps=0.050 ep_reward=-0.82 buffer=100000'
last_line='step=622000 eps=0.050 ep_reward=-0.82 buffer=100000'
last_line='step=622000 eps=0.050 ep_reward=-0.82 buffer=100000'
last_line='step=623000 eps=0.050 ep_reward=-0.05 buffer=100000'
last_line='step=623000 eps=0.050 ep_reward=-0.05 buffer=100000'
last_line='step=623000 eps=0.050 ep_reward=-0.05 buffer=100000'
last_line='step=623000 eps=0.050 ep_reward=-0.05 buffer=100000'
last_line='step=624000 eps=0.050 ep_reward=-0.47 buffer=100000'
last_line='step=624000 eps=0.050 ep_reward=-0.47 buffer=100000'
last_line='step=624000 eps=0.050 ep_reward=-0.47 buffer=100000'
last_line='step=625000 eps=0.050 ep_reward=-0.62 buffer=100000'
last_line='step=625000 eps=0.050 ep_reward=-0.62 buffer=100000'
last_line='step=625000 eps=0.050 ep_reward=-0.62 buffer=100000'
last_line='step=625000 eps=0.050 ep_reward=-0.62 buffer=100000'
last_line='step=625000 eps=0.050 ep_reward=-0.62 buffer=100000'
last_line='step=626000 eps=0.050 ep_reward=-0.04 buffer=100000'
last_line='step=626000 eps=0.050 ep_reward=-0.04 buffer=100000'
last_line='step=626000 eps=0.050 ep_reward=-0.04 buffer=100000'
last_line='step=627000 eps=0.050 ep_reward=-0.20 buffer=100000'
last_line='step=627000 eps=0.050 ep_reward=-0.20 buffer=100000'
last_line='step=627000 eps=0.050 ep_reward=-0.20 buffer=100000'
last_line='step=627000 eps=0.050 ep_reward=-0.20 buffer=100000'
last_line='step=628000 eps=0.050 ep_reward=-1.16 buffer=100000'
last_line='step=628000 eps=0.050 ep_reward=-1.16 buffer=100000'
last_line='step=628000 eps=0.050 ep_reward=-1.16 buffer=100000'
last_line='step=628000 eps=0.050 ep_reward=-1.16 buffer=100000'
last_line='step=629000 eps=0.050 ep_reward=-0.01 buffer=100000'
last_line='step=629000 eps=0.050 ep_reward=-0.01 buffer=100000'
last_line='step=629000 eps=0.050 ep_reward=-0.01 buffer=100000'
last_line='step=630000 eps=0.050 ep_reward=-0.99 buffer=100000'
last_line='step=630000 eps=0.050 ep_reward=-0.99 buffer=100000'
last_line='step=630000 eps=0.050 ep_reward=-0.99 buffer=100000'
last_line='step=630000 eps=0.050 ep_reward=-0.99 buffer=100000'
last_line='step=631000 eps=0.050 ep_reward=0.02 buffer=100000'
last_line='step=631000 eps=0.050 ep_reward=0.02 buffer=100000'
last_line='step=631000 eps=0.050 ep_reward=0.02 buffer=100000'
last_line='step=631000 eps=0.050 ep_reward=0.02 buffer=100000'
last_line='step=632000 eps=0.050 ep_reward=-0.03 buffer=100000'
last_line='step=632000 eps=0.050 ep_reward=-0.03 buffer=100000'
last_line='step=632000 eps=0.050 ep_reward=-0.03 buffer=100000'
last_line='step=633000 eps=0.050 ep_reward=-0.01 buffer=100000'
last_line='step=633000 eps=0.050 ep_reward=-0.01 buffer=100000'
last_line='step=633000 eps=0.050 ep_reward=-0.01 buffer=100000'
last_line='step=633000 eps=0.050 ep_reward=-0.01 buffer=100000'
last_line='step=634000 eps=0.050 ep_reward=-0.13 buffer=100000'
last_line='step=634000 eps=0.050 ep_reward=-0.13 buffer=100000'
last_line='step=634000 eps=0.050 ep_reward=-0.13 buffer=100000'
last_line='step=635000 eps=0.050 ep_reward=-0.12 buffer=100000'
last_line='step=635000 eps=0.050 ep_reward=-0.12 buffer=100000'
last_line='step=635000 eps=0.050 ep_reward=-0.12 buffer=100000'
last_line='step=635000 eps=0.050 ep_reward=-0.12 buffer=100000'
last_line='step=636000 eps=0.050 ep_reward=0.18 buffer=100000'
last_line='step=636000 eps=0.050 ep_reward=0.18 buffer=100000'
last_line='step=636000 eps=0.050 ep_reward=0.18 buffer=100000'
last_line='step=636000 eps=0.050 ep_reward=0.18 buffer=100000'
last_line='step=637000 eps=0.050 ep_reward=-0.16 buffer=100000'
last_line='step=637000 eps=0.050 ep_reward=-0.16 buffer=100000'
last_line='step=637000 eps=0.050 ep_reward=-0.16 buffer=100000'
last_line='step=637000 eps=0.050 ep_reward=-0.16 buffer=100000'
last_line='step=638000 eps=0.050 ep_reward=-0.84 buffer=100000'
last_line='step=638000 eps=0.050 ep_reward=-0.84 buffer=100000'
last_line='step=638000 eps=0.050 ep_reward=-0.84 buffer=100000'
last_line='step=639000 eps=0.050 ep_reward=-0.01 buffer=100000'
last_line='step=639000 eps=0.050 ep_reward=-0.01 buffer=100000'
last_line='step=639000 eps=0.050 ep_reward=-0.01 buffer=100000'
last_line='step=639000 eps=0.050 ep_reward=-0.01 buffer=100000'
last_line='step=640000 eps=0.050 ep_reward=0.44 buffer=100000'
last_line='step=640000 eps=0.050 ep_reward=0.44 buffer=100000'
last_line='step=640000 eps=0.050 ep_reward=0.44 buffer=100000'
last_line='step=640000 eps=0.050 ep_reward=0.44 buffer=100000'
last_line='step=641000 eps=0.050 ep_reward=-0.35 buffer=100000'
last_line='step=641000 eps=0.050 ep_reward=-0.35 buffer=100000'
last_line='step=641000 eps=0.050 ep_reward=-0.35 buffer=100000'
last_line='step=642000 eps=0.050 ep_reward=-0.51 buffer=100000'
last_line='step=642000 eps=0.050 ep_reward=-0.51 buffer=100000'
last_line='step=642000 eps=0.050 ep_reward=-0.51 buffer=100000'
last_line='step=642000 eps=0.050 ep_reward=-0.51 buffer=100000'
last_line='step=643000 eps=0.050 ep_reward=-0.62 buffer=100000'
last_line='step=643000 eps=0.050 ep_reward=-0.62 buffer=100000'
last_line='step=643000 eps=0.050 ep_reward=-0.62 buffer=100000'
last_line='step=643000 eps=0.050 ep_reward=-0.62 buffer=100000'
last_line='step=644000 eps=0.050 ep_reward=-0.22 buffer=100000'
last_line='step=644000 eps=0.050 ep_reward=-0.22 buffer=100000'
last_line='step=644000 eps=0.050 ep_reward=-0.22 buffer=100000'
last_line='step=645000 eps=0.050 ep_reward=-0.76 buffer=100000'
last_line='step=645000 eps=0.050 ep_reward=-0.76 buffer=100000'
last_line='step=645000 eps=0.050 ep_reward=-0.76 buffer=100000'
last_line='step=645000 eps=0.050 ep_reward=-0.76 buffer=100000'
last_line='step=646000 eps=0.050 ep_reward=-0.68 buffer=100000'
last_line='step=646000 eps=0.050 ep_reward=-0.68 buffer=100000'
last_line='step=646000 eps=0.050 ep_reward=-0.68 buffer=100000'
last_line='step=646000 eps=0.050 ep_reward=-0.68 buffer=100000'
last_line='step=647000 eps=0.050 ep_reward=-0.20 buffer=100000'
last_line='step=647000 eps=0.050 ep_reward=-0.20 buffer=100000'
last_line='step=647000 eps=0.050 ep_reward=-0.20 buffer=100000'
last_line='step=648000 eps=0.050 ep_reward=-0.32 buffer=100000'
last_line='step=648000 eps=0.050 ep_reward=-0.32 buffer=100000'
last_line='step=648000 eps=0.050 ep_reward=-0.32 buffer=100000'
last_line='step=648000 eps=0.050 ep_reward=-0.32 buffer=100000'
last_line='step=649000 eps=0.050 ep_reward=-0.30 buffer=100000'
last_line='step=649000 eps=0.050 ep_reward=-0.30 buffer=100000'
last_line='step=649000 eps=0.050 ep_reward=-0.30 buffer=100000'
last_line='step=649000 eps=0.050 ep_reward=-0.30 buffer=100000'
last_line='step=650000 eps=0.050 ep_reward=-0.03 buffer=100000'
last_line='step=650000 eps=0.050 ep_reward=-0.03 buffer=100000'
last_line='step=650000 eps=0.050 ep_reward=-0.03 buffer=100000'
last_line='step=650000 eps=0.050 ep_reward=-0.03 buffer=100000'
last_line='step=650000 eps=0.050 ep_reward=-0.03 buffer=100000'
last_line='step=650000 eps=0.050 ep_reward=-0.03 buffer=100000'
last_line='step=651000 eps=0.050 ep_reward=-0.36 buffer=100000'
last_line='step=651000 eps=0.050 ep_reward=-0.36 buffer=100000'
last_line='step=651000 eps=0.050 ep_reward=-0.36 buffer=100000'
last_line='step=652000 eps=0.050 ep_reward=-0.04 buffer=100000'
last_line='step=652000 eps=0.050 ep_reward=-0.04 buffer=100000'
last_line='step=652000 eps=0.050 ep_reward=-0.04 buffer=100000'
last_line='step=652000 eps=0.050 ep_reward=-0.04 buffer=100000'
last_line='step=653000 eps=0.050 ep_reward=-0.75 buffer=100000'
last_line='step=653000 eps=0.050 ep_reward=-0.75 buffer=100000'
last_line='step=653000 eps=0.050 ep_reward=-0.75 buffer=100000'
last_line='step=654000 eps=0.050 ep_reward=-0.11 buffer=100000'
last_line='step=654000 eps=0.050 ep_reward=-0.11 buffer=100000'
last_line='step=654000 eps=0.050 ep_reward=-0.11 buffer=100000'
last_line='step=654000 eps=0.050 ep_reward=-0.11 buffer=100000'
last_line='step=655000 eps=0.050 ep_reward=0.02 buffer=100000'
last_line='step=655000 eps=0.050 ep_reward=0.02 buffer=100000'
last_line='step=655000 eps=0.050 ep_reward=0.02 buffer=100000'
last_line='step=655000 eps=0.050 ep_reward=0.02 buffer=100000'
last_line='step=656000 eps=0.050 ep_reward=-0.02 buffer=100000'
last_line='step=656000 eps=0.050 ep_reward=-0.02 buffer=100000'
last_line='step=656000 eps=0.050 ep_reward=-0.02 buffer=100000'
last_line='step=656000 eps=0.050 ep_reward=-0.02 buffer=100000'
last_line='step=657000 eps=0.050 ep_reward=-0.06 buffer=100000'
last_line='step=657000 eps=0.050 ep_reward=-0.06 buffer=100000'
last_line='step=657000 eps=0.050 ep_reward=-0.06 buffer=100000'
last_line='step=657000 eps=0.050 ep_reward=-0.06 buffer=100000'
last_line='step=658000 eps=0.050 ep_reward=-0.14 buffer=100000'
last_line='step=658000 eps=0.050 ep_reward=-0.14 buffer=100000'
last_line='step=658000 eps=0.050 ep_reward=-0.14 buffer=100000'
last_line='step=659000 eps=0.050 ep_reward=-0.04 buffer=100000'
last_line='step=659000 eps=0.050 ep_reward=-0.04 buffer=100000'
last_line='step=659000 eps=0.050 ep_reward=-0.04 buffer=100000'
last_line='step=659000 eps=0.050 ep_reward=-0.04 buffer=100000'
last_line='step=660000 eps=0.050 ep_reward=-0.15 buffer=100000'
last_line='step=660000 eps=0.050 ep_reward=-0.15 buffer=100000'
last_line='step=660000 eps=0.050 ep_reward=-0.15 buffer=100000'
last_line='step=660000 eps=0.050 ep_reward=-0.15 buffer=100000'
last_line='step=661000 eps=0.050 ep_reward=-0.31 buffer=100000'
last_line='step=661000 eps=0.050 ep_reward=-0.31 buffer=100000'
last_line='step=661000 eps=0.050 ep_reward=-0.31 buffer=100000'
last_line='step=662000 eps=0.050 ep_reward=-0.43 buffer=100000'
last_line='step=662000 eps=0.050 ep_reward=-0.43 buffer=100000'
last_line='step=662000 eps=0.050 ep_reward=-0.43 buffer=100000'
last_line='step=662000 eps=0.050 ep_reward=-0.43 buffer=100000'
last_line='step=663000 eps=0.050 ep_reward=-0.04 buffer=100000'
last_line='step=663000 eps=0.050 ep_reward=-0.04 buffer=100000'
last_line='step=663000 eps=0.050 ep_reward=-0.04 buffer=100000'
last_line='step=663000 eps=0.050 ep_reward=-0.04 buffer=100000'
last_line='step=664000 eps=0.050 ep_reward=-0.05 buffer=100000'
last_line='step=664000 eps=0.050 ep_reward=-0.05 buffer=100000'
last_line='step=664000 eps=0.050 ep_reward=-0.05 buffer=100000'
last_line='step=665000 eps=0.050 ep_reward=-0.02 buffer=100000'
last_line='step=665000 eps=0.050 ep_reward=-0.02 buffer=100000'
last_line='step=665000 eps=0.050 ep_reward=-0.02 buffer=100000'
last_line='step=665000 eps=0.050 ep_reward=-0.02 buffer=100000'
last_line='step=666000 eps=0.050 ep_reward=-0.17 buffer=100000'
last_line='step=666000 eps=0.050 ep_reward=-0.17 buffer=100000'
last_line='step=666000 eps=0.050 ep_reward=-0.17 buffer=100000'
last_line='step=666000 eps=0.050 ep_reward=-0.17 buffer=100000'
last_line='step=667000 eps=0.050 ep_reward=-9.55 buffer=100000'
last_line='step=667000 eps=0.050 ep_reward=-9.55 buffer=100000'
last_line='step=667000 eps=0.050 ep_reward=-9.55 buffer=100000'
last_line='step=667000 eps=0.050 ep_reward=-9.55 buffer=100000'
last_line='step=668000 eps=0.050 ep_reward=-0.28 buffer=100000'
last_line='step=668000 eps=0.050 ep_reward=-0.28 buffer=100000'
last_line='step=668000 eps=0.050 ep_reward=-0.28 buffer=100000'
last_line='step=669000 eps=0.050 ep_reward=-0.06 buffer=100000'
last_line='step=669000 eps=0.050 ep_reward=-0.06 buffer=100000'
last_line='step=669000 eps=0.050 ep_reward=-0.06 buffer=100000'
last_line='step=669000 eps=0.050 ep_reward=-0.06 buffer=100000'
last_line='step=670000 eps=0.050 ep_reward=-0.04 buffer=100000'
last_line='step=670000 eps=0.050 ep_reward=-0.04 buffer=100000'
last_line='step=670000 eps=0.050 ep_reward=-0.04 buffer=100000'
last_line='step=670000 eps=0.050 ep_reward=-0.04 buffer=100000'
last_line='step=671000 eps=0.050 ep_reward=-0.26 buffer=100000'
last_line='step=671000 eps=0.050 ep_reward=-0.26 buffer=100000'
last_line='step=671000 eps=0.050 ep_reward=-0.26 buffer=100000'
last_line='step=672000 eps=0.050 ep_reward=-0.01 buffer=100000'
last_line='step=672000 eps=0.050 ep_reward=-0.01 buffer=100000'
last_line='step=672000 eps=0.050 ep_reward=-0.01 buffer=100000'
last_line='step=672000 eps=0.050 ep_reward=-0.01 buffer=100000'
last_line='step=673000 eps=0.050 ep_reward=-0.39 buffer=100000'
last_line='step=673000 eps=0.050 ep_reward=-0.39 buffer=100000'
last_line='step=673000 eps=0.050 ep_reward=-0.39 buffer=100000'
last_line='step=674000 eps=0.050 ep_reward=-0.47 buffer=100000'
last_line='step=674000 eps=0.050 ep_reward=-0.47 buffer=100000'
last_line='step=674000 eps=0.050 ep_reward=-0.47 buffer=100000'
last_line='step=674000 eps=0.050 ep_reward=-0.47 buffer=100000'
last_line='step=675000 eps=0.050 ep_reward=-0.05 buffer=100000'
last_line='step=675000 eps=0.050 ep_reward=-0.05 buffer=100000'
last_line='step=675000 eps=0.050 ep_reward=-0.05 buffer=100000'
last_line='step=675000 eps=0.050 ep_reward=-0.05 buffer=100000'
last_line='step=676000 eps=0.050 ep_reward=-0.31 buffer=100000'
last_line='step=676000 eps=0.050 ep_reward=-0.31 buffer=100000'
last_line='step=676000 eps=0.050 ep_reward=-0.31 buffer=100000'
last_line='step=677000 eps=0.050 ep_reward=-0.01 buffer=100000'
last_line='step=677000 eps=0.050 ep_reward=-0.01 buffer=100000'
last_line='step=677000 eps=0.050 ep_reward=-0.01 buffer=100000'
last_line='step=677000 eps=0.050 ep_reward=-0.01 buffer=100000'
last_line='step=678000 eps=0.050 ep_reward=-0.19 buffer=100000'
last_line='step=678000 eps=0.050 ep_reward=-0.19 buffer=100000'
last_line='step=678000 eps=0.050 ep_reward=-0.19 buffer=100000'
last_line='step=678000 eps=0.050 ep_reward=-0.19 buffer=100000'
last_line='step=679000 eps=0.050 ep_reward=-0.03 buffer=100000'
last_line='step=679000 eps=0.050 ep_reward=-0.03 buffer=100000'
last_line='step=679000 eps=0.050 ep_reward=-0.03 buffer=100000'
last_line='step=680000 eps=0.050 ep_reward=-0.51 buffer=100000'
last_line='step=680000 eps=0.050 ep_reward=-0.51 buffer=100000'
last_line='step=680000 eps=0.050 ep_reward=-0.51 buffer=100000'
last_line='step=680000 eps=0.050 ep_reward=-0.51 buffer=100000'
last_line='step=681000 eps=0.050 ep_reward=-0.03 buffer=100000'
last_line='step=681000 eps=0.050 ep_reward=-0.03 buffer=100000'
last_line='step=681000 eps=0.050 ep_reward=-0.03 buffer=100000'
last_line='step=681000 eps=0.050 ep_reward=-0.03 buffer=100000'
last_line='step=682000 eps=0.050 ep_reward=-0.47 buffer=100000'
last_line='step=682000 eps=0.050 ep_reward=-0.47 buffer=100000'
last_line='step=682000 eps=0.050 ep_reward=-0.47 buffer=100000'
last_line='step=682000 eps=0.050 ep_reward=-0.47 buffer=100000'
last_line='step=683000 eps=0.050 ep_reward=-0.13 buffer=100000'
last_line='step=683000 eps=0.050 ep_reward=-0.13 buffer=100000'
last_line='step=683000 eps=0.050 ep_reward=-0.13 buffer=100000'
last_line='step=684000 eps=0.050 ep_reward=0.35 buffer=100000'
last_line='step=684000 eps=0.050 ep_reward=0.35 buffer=100000'
last_line='step=684000 eps=0.050 ep_reward=0.35 buffer=100000'
last_line='step=684000 eps=0.050 ep_reward=0.35 buffer=100000'
last_line='step=685000 eps=0.050 ep_reward=-0.03 buffer=100000'
last_line='step=685000 eps=0.050 ep_reward=-0.03 buffer=100000'
last_line='step=685000 eps=0.050 ep_reward=-0.03 buffer=100000'
last_line='step=685000 eps=0.050 ep_reward=-0.03 buffer=100000'
last_line='step=686000 eps=0.050 ep_reward=-0.08 buffer=100000'
last_line='step=686000 eps=0.050 ep_reward=-0.08 buffer=100000'
last_line='step=686000 eps=0.050 ep_reward=-0.08 buffer=100000'
last_line='step=687000 eps=0.050 ep_reward=-0.45 buffer=100000'
last_line='step=687000 eps=0.050 ep_reward=-0.45 buffer=100000'
last_line='step=687000 eps=0.050 ep_reward=-0.45 buffer=100000'
last_line='step=687000 eps=0.050 ep_reward=-0.45 buffer=100000'
last_line='step=688000 eps=0.050 ep_reward=-0.02 buffer=100000'
last_line='step=688000 eps=0.050 ep_reward=-0.02 buffer=100000'
last_line='step=688000 eps=0.050 ep_reward=-0.02 buffer=100000'
last_line='step=689000 eps=0.050 ep_reward=-0.04 buffer=100000'
last_line='step=689000 eps=0.050 ep_reward=-0.04 buffer=100000'
last_line='step=689000 eps=0.050 ep_reward=-0.04 buffer=100000'
last_line='step=689000 eps=0.050 ep_reward=-0.04 buffer=100000'
last_line='step=690000 eps=0.050 ep_reward=-0.47 buffer=100000'
last_line='step=690000 eps=0.050 ep_reward=-0.47 buffer=100000'
last_line='step=690000 eps=0.050 ep_reward=-0.47 buffer=100000'
last_line='step=690000 eps=0.050 ep_reward=-0.47 buffer=100000'
last_line='step=691000 eps=0.050 ep_reward=-1.00 buffer=100000'
last_line='step=691000 eps=0.050 ep_reward=-1.00 buffer=100000'
last_line='step=691000 eps=0.050 ep_reward=-1.00 buffer=100000'
last_line='step=691000 eps=0.050 ep_reward=-1.00 buffer=100000'
last_line='step=692000 eps=0.050 ep_reward=-0.25 buffer=100000'
last_line='step=692000 eps=0.050 ep_reward=-0.25 buffer=100000'
last_line='step=692000 eps=0.050 ep_reward=-0.25 buffer=100000'
last_line='step=693000 eps=0.050 ep_reward=-0.16 buffer=100000'
last_line='step=693000 eps=0.050 ep_reward=-0.16 buffer=100000'
last_line='step=693000 eps=0.050 ep_reward=-0.16 buffer=100000'
last_line='step=693000 eps=0.050 ep_reward=-0.16 buffer=100000'
last_line='step=694000 eps=0.050 ep_reward=-0.04 buffer=100000'
last_line='step=694000 eps=0.050 ep_reward=-0.04 buffer=100000'
last_line='step=694000 eps=0.050 ep_reward=-0.04 buffer=100000'
last_line='step=695000 eps=0.050 ep_reward=-0.02 buffer=100000'
last_line='step=695000 eps=0.050 ep_reward=-0.02 buffer=100000'
last_line='step=695000 eps=0.050 ep_reward=-0.02 buffer=100000'
last_line='step=695000 eps=0.050 ep_reward=-0.02 buffer=100000'
last_line='step=696000 eps=0.050 ep_reward=-0.02 buffer=100000'
last_line='step=696000 eps=0.050 ep_reward=-0.02 buffer=100000'
last_line='step=696000 eps=0.050 ep_reward=-0.02 buffer=100000'
last_line='step=696000 eps=0.050 ep_reward=-0.02 buffer=100000'
last_line='step=697000 eps=0.050 ep_reward=-0.25 buffer=100000'
last_line='step=697000 eps=0.050 ep_reward=-0.25 buffer=100000'
last_line='step=697000 eps=0.050 ep_reward=-0.25 buffer=100000'
last_line='step=698000 eps=0.050 ep_reward=-0.68 buffer=100000'
last_line='step=698000 eps=0.050 ep_reward=-0.68 buffer=100000'
last_line='step=698000 eps=0.050 ep_reward=-0.68 buffer=100000'
last_line='step=698000 eps=0.050 ep_reward=-0.68 buffer=100000'
last_line='step=699000 eps=0.050 ep_reward=-0.02 buffer=100000'
last_line='step=699000 eps=0.050 ep_reward=-0.02 buffer=100000'
last_line='step=699000 eps=0.050 ep_reward=-0.02 buffer=100000'
last_line='step=699000 eps=0.050 ep_reward=-0.02 buffer=100000'
last_line='step=700000 eps=0.050 ep_reward=-0.01 buffer=100000'
last_line='step=700000 eps=0.050 ep_reward=-0.01 buffer=100000'
last_line='step=700000 eps=0.050 ep_reward=-0.01 buffer=100000'
last_line='step=700000 eps=0.050 ep_reward=-0.01 buffer=100000'
last_line='step=700000 eps=0.050 ep_reward=-0.01 buffer=100000'
last_line='step=701000 eps=0.050 ep_reward=-0.26 buffer=100000'
last_line='step=701000 eps=0.050 ep_reward=-0.26 buffer=100000'
last_line='step=701000 eps=0.050 ep_reward=-0.26 buffer=100000'
last_line='step=701000 eps=0.050 ep_reward=-0.26 buffer=100000'
last_line='step=702000 eps=0.050 ep_reward=-0.32 buffer=100000'
last_line='step=702000 eps=0.050 ep_reward=-0.32 buffer=100000'
last_line='step=702000 eps=0.050 ep_reward=-0.32 buffer=100000'
last_line='step=702000 eps=0.050 ep_reward=-0.32 buffer=100000'
last_line='step=703000 eps=0.050 ep_reward=-0.10 buffer=100000'
last_line='step=703000 eps=0.050 ep_reward=-0.10 buffer=100000'
last_line='step=703000 eps=0.050 ep_reward=-0.10 buffer=100000'
last_line='step=704000 eps=0.050 ep_reward=-0.32 buffer=100000'
last_line='step=704000 eps=0.050 ep_reward=-0.32 buffer=100000'
last_line='step=704000 eps=0.050 ep_reward=-0.32 buffer=100000'
last_line='step=704000 eps=0.050 ep_reward=-0.32 buffer=100000'
last_line='step=705000 eps=0.050 ep_reward=-0.29 buffer=100000'
last_line='step=705000 eps=0.050 ep_reward=-0.29 buffer=100000'
last_line='step=705000 eps=0.050 ep_reward=-0.29 buffer=100000'
last_line='step=705000 eps=0.050 ep_reward=-0.29 buffer=100000'
last_line='step=706000 eps=0.050 ep_reward=0.29 buffer=100000'
last_line='step=706000 eps=0.050 ep_reward=0.29 buffer=100000'
last_line='step=706000 eps=0.050 ep_reward=0.29 buffer=100000'
last_line='step=707000 eps=0.050 ep_reward=-0.06 buffer=100000'
last_line='step=707000 eps=0.050 ep_reward=-0.06 buffer=100000'
last_line='step=707000 eps=0.050 ep_reward=-0.06 buffer=100000'
last_line='step=707000 eps=0.050 ep_reward=-0.06 buffer=100000'
last_line='step=708000 eps=0.050 ep_reward=-0.07 buffer=100000'
last_line='step=708000 eps=0.050 ep_reward=-0.07 buffer=100000'
last_line='step=708000 eps=0.050 ep_reward=-0.07 buffer=100000'
last_line='step=709000 eps=0.050 ep_reward=-10.04 buffer=100000'
last_line='step=709000 eps=0.050 ep_reward=-10.04 buffer=100000'
last_line='step=709000 eps=0.050 ep_reward=-10.04 buffer=100000'
last_line='step=709000 eps=0.050 ep_reward=-10.04 buffer=100000'
last_line='step=710000 eps=0.050 ep_reward=-0.26 buffer=100000'
last_line='step=710000 eps=0.050 ep_reward=-0.26 buffer=100000'
last_line='step=710000 eps=0.050 ep_reward=-0.26 buffer=100000'
last_line='step=710000 eps=0.050 ep_reward=-0.26 buffer=100000'
last_line='step=711000 eps=0.050 ep_reward=-0.03 buffer=100000'
last_line='step=711000 eps=0.050 ep_reward=-0.03 buffer=100000'
last_line='step=711000 eps=0.050 ep_reward=-0.03 buffer=100000'
last_line='step=711000 eps=0.050 ep_reward=-0.03 buffer=100000'
last_line='step=712000 eps=0.050 ep_reward=-0.28 buffer=100000'
last_line='step=712000 eps=0.050 ep_reward=-0.28 buffer=100000'
last_line='step=712000 eps=0.050 ep_reward=-0.28 buffer=100000'
last_line='step=713000 eps=0.050 ep_reward=-0.25 buffer=100000'
last_line='step=713000 eps=0.050 ep_reward=-0.25 buffer=100000'
last_line='step=713000 eps=0.050 ep_reward=-0.25 buffer=100000'
last_line='step=713000 eps=0.050 ep_reward=-0.25 buffer=100000'
last_line='step=714000 eps=0.050 ep_reward=-0.67 buffer=100000'
last_line='step=714000 eps=0.050 ep_reward=-0.67 buffer=100000'
last_line='step=714000 eps=0.050 ep_reward=-0.67 buffer=100000'
last_line='step=715000 eps=0.050 ep_reward=-0.14 buffer=100000'
last_line='step=715000 eps=0.050 ep_reward=-0.14 buffer=100000'
last_line='step=715000 eps=0.050 ep_reward=-0.14 buffer=100000'
last_line='step=715000 eps=0.050 ep_reward=-0.14 buffer=100000'
last_line='step=716000 eps=0.050 ep_reward=-10.04 buffer=100000'
last_line='step=716000 eps=0.050 ep_reward=-10.04 buffer=100000'
last_line='step=716000 eps=0.050 ep_reward=-10.04 buffer=100000'
last_line='step=716000 eps=0.050 ep_reward=-10.04 buffer=100000'
last_line='step=717000 eps=0.050 ep_reward=-0.26 buffer=100000'
last_line='step=717000 eps=0.050 ep_reward=-0.26 buffer=100000'
last_line='step=717000 eps=0.050 ep_reward=-0.26 buffer=100000'
last_line='step=717000 eps=0.050 ep_reward=-0.26 buffer=100000'
last_line='step=718000 eps=0.050 ep_reward=-0.11 buffer=100000'
last_line='step=718000 eps=0.050 ep_reward=-0.11 buffer=100000'
last_line='step=718000 eps=0.050 ep_reward=-0.11 buffer=100000'
last_line='step=719000 eps=0.050 ep_reward=-0.38 buffer=100000'
last_line='step=719000 eps=0.050 ep_reward=-0.38 buffer=100000'
last_line='step=719000 eps=0.050 ep_reward=-0.38 buffer=100000'
last_line='step=719000 eps=0.050 ep_reward=-0.38 buffer=100000'
last_line='step=720000 eps=0.050 ep_reward=-0.03 buffer=100000'
last_line='step=720000 eps=0.050 ep_reward=-0.03 buffer=100000'
last_line='step=720000 eps=0.050 ep_reward=-0.03 buffer=100000'
last_line='step=720000 eps=0.050 ep_reward=-0.03 buffer=100000'
last_line='step=721000 eps=0.050 ep_reward=-0.07 buffer=100000'
last_line='step=721000 eps=0.050 ep_reward=-0.07 buffer=100000'
last_line='step=721000 eps=0.050 ep_reward=-0.07 buffer=100000'
last_line='step=722000 eps=0.050 ep_reward=-0.10 buffer=100000'
last_line='step=722000 eps=0.050 ep_reward=-0.10 buffer=100000'
last_line='step=722000 eps=0.050 ep_reward=-0.10 buffer=100000'
last_line='step=722000 eps=0.050 ep_reward=-0.10 buffer=100000'
last_line='step=723000 eps=0.050 ep_reward=-0.44 buffer=100000'
last_line='step=723000 eps=0.050 ep_reward=-0.44 buffer=100000'
last_line='step=723000 eps=0.050 ep_reward=-0.44 buffer=100000'
last_line='step=724000 eps=0.050 ep_reward=-0.22 buffer=100000'
last_line='step=724000 eps=0.050 ep_reward=-0.22 buffer=100000'
last_line='step=724000 eps=0.050 ep_reward=-0.22 buffer=100000'
last_line='step=724000 eps=0.050 ep_reward=-0.22 buffer=100000'
last_line='step=725000 eps=0.050 ep_reward=-10.03 buffer=100000'
last_line='step=725000 eps=0.050 ep_reward=-10.03 buffer=100000'
last_line='step=725000 eps=0.050 ep_reward=-10.03 buffer=100000'
last_line='step=725000 eps=0.050 ep_reward=-10.03 buffer=100000'
last_line='step=726000 eps=0.050 ep_reward=-0.04 buffer=100000'
last_line='step=726000 eps=0.050 ep_reward=-0.04 buffer=100000'
last_line='step=726000 eps=0.050 ep_reward=-0.04 buffer=100000'
last_line='step=727000 eps=0.050 ep_reward=-10.04 buffer=100000'
last_line='step=727000 eps=0.050 ep_reward=-10.04 buffer=100000'
last_line='step=727000 eps=0.050 ep_reward=-10.04 buffer=100000'
last_line='step=727000 eps=0.050 ep_reward=-10.04 buffer=100000'
last_line='step=728000 eps=0.050 ep_reward=-10.13 buffer=100000'
last_line='step=728000 eps=0.050 ep_reward=-10.13 buffer=100000'
last_line='step=728000 eps=0.050 ep_reward=-10.13 buffer=100000'
last_line='step=729000 eps=0.050 ep_reward=-0.02 buffer=100000'
last_line='step=729000 eps=0.050 ep_reward=-0.02 buffer=100000'
last_line='step=729000 eps=0.050 ep_reward=-0.02 buffer=100000'
last_line='step=729000 eps=0.050 ep_reward=-0.02 buffer=100000'
last_line='step=730000 eps=0.050 ep_reward=-0.05 buffer=100000'
last_line='step=730000 eps=0.050 ep_reward=-0.05 buffer=100000'
last_line='step=730000 eps=0.050 ep_reward=-0.05 buffer=100000'
last_line='step=730000 eps=0.050 ep_reward=-0.05 buffer=100000'
last_line='step=731000 eps=0.050 ep_reward=-0.17 buffer=100000'
last_line='step=731000 eps=0.050 ep_reward=-0.17 buffer=100000'
last_line='step=731000 eps=0.050 ep_reward=-0.17 buffer=100000'
last_line='step=731000 eps=0.050 ep_reward=-0.17 buffer=100000'
last_line='step=732000 eps=0.050 ep_reward=-0.11 buffer=100000'
last_line='step=732000 eps=0.050 ep_reward=-0.11 buffer=100000'
last_line='step=732000 eps=0.050 ep_reward=-0.11 buffer=100000'
last_line='step=733000 eps=0.050 ep_reward=-0.40 buffer=100000'
last_line='step=733000 eps=0.050 ep_reward=-0.40 buffer=100000'
last_line='step=733000 eps=0.050 ep_reward=-0.40 buffer=100000'
last_line='step=733000 eps=0.050 ep_reward=-0.40 buffer=100000'
last_line='step=734000 eps=0.050 ep_reward=-0.19 buffer=100000'
last_line='step=734000 eps=0.050 ep_reward=-0.19 buffer=100000'
last_line='step=734000 eps=0.050 ep_reward=-0.19 buffer=100000'
last_line='step=735000 eps=0.050 ep_reward=-0.03 buffer=100000'
last_line='step=735000 eps=0.050 ep_reward=-0.03 buffer=100000'
last_line='step=735000 eps=0.050 ep_reward=-0.03 buffer=100000'
last_line='step=735000 eps=0.050 ep_reward=-0.03 buffer=100000'
last_line='step=736000 eps=0.050 ep_reward=-0.10 buffer=100000'
last_line='step=736000 eps=0.050 ep_reward=-0.10 buffer=100000'
last_line='step=736000 eps=0.050 ep_reward=-0.10 buffer=100000'
last_line='step=736000 eps=0.050 ep_reward=-0.10 buffer=100000'
last_line='step=737000 eps=0.050 ep_reward=-0.05 buffer=100000'
last_line='step=737000 eps=0.050 ep_reward=-0.05 buffer=100000'
last_line='step=737000 eps=0.050 ep_reward=-0.05 buffer=100000'
last_line='step=737000 eps=0.050 ep_reward=-0.05 buffer=100000'
last_line='step=738000 eps=0.050 ep_reward=-0.02 buffer=100000'
last_line='step=738000 eps=0.050 ep_reward=-0.02 buffer=100000'
last_line='step=738000 eps=0.050 ep_reward=-0.02 buffer=100000'
last_line='step=739000 eps=0.050 ep_reward=-0.04 buffer=100000'
last_line='step=739000 eps=0.050 ep_reward=-0.04 buffer=100000'
last_line='step=739000 eps=0.050 ep_reward=-0.04 buffer=100000'
last_line='step=739000 eps=0.050 ep_reward=-0.04 buffer=100000'
last_line='step=740000 eps=0.050 ep_reward=-10.03 buffer=100000'
last_line='step=740000 eps=0.050 ep_reward=-10.03 buffer=100000'
last_line='step=740000 eps=0.050 ep_reward=-10.03 buffer=100000'
last_line='step=740000 eps=0.050 ep_reward=-10.03 buffer=100000'
last_line='step=741000 eps=0.050 ep_reward=-0.02 buffer=100000'
last_line='step=741000 eps=0.050 ep_reward=-0.02 buffer=100000'
last_line='step=741000 eps=0.050 ep_reward=-0.02 buffer=100000'
last_line='step=742000 eps=0.050 ep_reward=-0.13 buffer=100000'
last_line='step=742000 eps=0.050 ep_reward=-0.13 buffer=100000'
last_line='step=742000 eps=0.050 ep_reward=-0.13 buffer=100000'
last_line='step=742000 eps=0.050 ep_reward=-0.13 buffer=100000'
last_line='step=743000 eps=0.050 ep_reward=-0.03 buffer=100000'
last_line='step=743000 eps=0.050 ep_reward=-0.03 buffer=100000'
last_line='step=743000 eps=0.050 ep_reward=-0.03 buffer=100000'
last_line='step=743000 eps=0.050 ep_reward=-0.03 buffer=100000'
last_line='step=744000 eps=0.050 ep_reward=-0.03 buffer=100000'
last_line='step=744000 eps=0.050 ep_reward=-0.03 buffer=100000'
last_line='step=744000 eps=0.050 ep_reward=-0.03 buffer=100000'
last_line='step=745000 eps=0.050 ep_reward=-0.55 buffer=100000'
last_line='step=745000 eps=0.050 ep_reward=-0.55 buffer=100000'
last_line='step=745000 eps=0.050 ep_reward=-0.55 buffer=100000'
last_line='step=745000 eps=0.050 ep_reward=-0.55 buffer=100000'
last_line='step=746000 eps=0.050 ep_reward=-0.04 buffer=100000'
last_line='step=746000 eps=0.050 ep_reward=-0.04 buffer=100000'
last_line='step=746000 eps=0.050 ep_reward=-0.04 buffer=100000'
last_line='step=746000 eps=0.050 ep_reward=-0.04 buffer=100000'
last_line='step=747000 eps=0.050 ep_reward=-0.17 buffer=100000'
last_line='step=747000 eps=0.050 ep_reward=-0.17 buffer=100000'
last_line='step=747000 eps=0.050 ep_reward=-0.17 buffer=100000'
last_line='step=748000 eps=0.050 ep_reward=-0.07 buffer=100000'
last_line='step=748000 eps=0.050 ep_reward=-0.07 buffer=100000'
last_line='step=748000 eps=0.050 ep_reward=-0.07 buffer=100000'
last_line='step=748000 eps=0.050 ep_reward=-0.07 buffer=100000'
last_line='step=749000 eps=0.050 ep_reward=0.06 buffer=100000'
last_line='step=749000 eps=0.050 ep_reward=0.06 buffer=100000'
last_line='step=749000 eps=0.050 ep_reward=0.06 buffer=100000'
last_line='step=750000 eps=0.050 ep_reward=-0.62 buffer=100000'
last_line='step=750000 eps=0.050 ep_reward=-0.62 buffer=100000'
last_line='step=750000 eps=0.050 ep_reward=-0.62 buffer=100000'
last_line='step=750000 eps=0.050 ep_reward=-0.62 buffer=100000'
last_line='step=750000 eps=0.050 ep_reward=-0.62 buffer=100000'
last_line='step=750000 eps=0.050 ep_reward=-0.62 buffer=100000'
last_line='step=751000 eps=0.050 ep_reward=-0.15 buffer=100000'
last_line='step=751000 eps=0.050 ep_reward=-0.15 buffer=100000'
last_line='step=751000 eps=0.050 ep_reward=-0.15 buffer=100000'
last_line='step=751000 eps=0.050 ep_reward=-0.15 buffer=100000'
last_line='step=752000 eps=0.050 ep_reward=-0.02 buffer=100000'
last_line='step=752000 eps=0.050 ep_reward=-0.02 buffer=100000'
last_line='step=752000 eps=0.050 ep_reward=-0.02 buffer=100000'
last_line='step=753000 eps=0.050 ep_reward=0.22 buffer=100000'
last_line='step=753000 eps=0.050 ep_reward=0.22 buffer=100000'
last_line='step=753000 eps=0.050 ep_reward=0.22 buffer=100000'
last_line='step=753000 eps=0.050 ep_reward=0.22 buffer=100000'
last_line='step=754000 eps=0.050 ep_reward=-9.97 buffer=100000'
last_line='step=754000 eps=0.050 ep_reward=-9.97 buffer=100000'
last_line='step=754000 eps=0.050 ep_reward=-9.97 buffer=100000'
last_line='step=755000 eps=0.050 ep_reward=-0.13 buffer=100000'
last_line='step=755000 eps=0.050 ep_reward=-0.13 buffer=100000'
last_line='step=755000 eps=0.050 ep_reward=-0.13 buffer=100000'
last_line='step=755000 eps=0.050 ep_reward=-0.13 buffer=100000'
last_line='step=756000 eps=0.050 ep_reward=0.41 buffer=100000'
last_line='step=756000 eps=0.050 ep_reward=0.41 buffer=100000'
last_line='step=756000 eps=0.050 ep_reward=0.41 buffer=100000'
last_line='step=756000 eps=0.050 ep_reward=0.41 buffer=100000'
last_line='step=757000 eps=0.050 ep_reward=-0.04 buffer=100000'
last_line='step=757000 eps=0.050 ep_reward=-0.04 buffer=100000'
last_line='step=757000 eps=0.050 ep_reward=-0.04 buffer=100000'
last_line='step=757000 eps=0.050 ep_reward=-0.04 buffer=100000'
last_line='step=758000 eps=0.050 ep_reward=-0.02 buffer=100000'
last_line='step=758000 eps=0.050 ep_reward=-0.02 buffer=100000'
last_line='step=758000 eps=0.050 ep_reward=-0.02 buffer=100000'
last_line='step=759000 eps=0.050 ep_reward=-0.02 buffer=100000'
last_line='step=759000 eps=0.050 ep_reward=-0.02 buffer=100000'
last_line='step=759000 eps=0.050 ep_reward=-0.02 buffer=100000'
last_line='step=759000 eps=0.050 ep_reward=-0.02 buffer=100000'
last_line='step=760000 eps=0.050 ep_reward=-0.08 buffer=100000'
last_line='step=760000 eps=0.050 ep_reward=-0.08 buffer=100000'
last_line='step=760000 eps=0.050 ep_reward=-0.08 buffer=100000'
last_line='step=760000 eps=0.050 ep_reward=-0.08 buffer=100000'
last_line='step=761000 eps=0.050 ep_reward=0.24 buffer=100000'
last_line='step=761000 eps=0.050 ep_reward=0.24 buffer=100000'
last_line='step=761000 eps=0.050 ep_reward=0.24 buffer=100000'
last_line='step=761000 eps=0.050 ep_reward=0.24 buffer=100000'
last_line='step=762000 eps=0.050 ep_reward=-0.04 buffer=100000'
last_line='step=762000 eps=0.050 ep_reward=-0.04 buffer=100000'
last_line='step=762000 eps=0.050 ep_reward=-0.04 buffer=100000'
last_line='step=763000 eps=0.050 ep_reward=-0.03 buffer=100000'
last_line='step=763000 eps=0.050 ep_reward=-0.03 buffer=100000'
last_line='step=763000 eps=0.050 ep_reward=-0.03 buffer=100000'
last_line='step=763000 eps=0.050 ep_reward=-0.03 buffer=100000'
last_line='step=764000 eps=0.050 ep_reward=-0.28 buffer=100000'
last_line='step=764000 eps=0.050 ep_reward=-0.28 buffer=100000'
last_line='step=764000 eps=0.050 ep_reward=-0.28 buffer=100000'
last_line='step=765000 eps=0.050 ep_reward=-0.02 buffer=100000'
last_line='step=765000 eps=0.050 ep_reward=-0.02 buffer=100000'
last_line='step=765000 eps=0.050 ep_reward=-0.02 buffer=100000'
last_line='step=765000 eps=0.050 ep_reward=-0.02 buffer=100000'
last_line='step=766000 eps=0.050 ep_reward=-0.79 buffer=100000'
last_line='step=766000 eps=0.050 ep_reward=-0.79 buffer=100000'
last_line='step=766000 eps=0.050 ep_reward=-0.79 buffer=100000'
last_line='step=766000 eps=0.050 ep_reward=-0.79 buffer=100000'
last_line='step=767000 eps=0.050 ep_reward=-0.05 buffer=100000'
last_line='step=767000 eps=0.050 ep_reward=-0.05 buffer=100000'
last_line='step=767000 eps=0.050 ep_reward=-0.05 buffer=100000'
last_line='step=767000 eps=0.050 ep_reward=-0.05 buffer=100000'
last_line='step=768000 eps=0.050 ep_reward=-0.04 buffer=100000'
last_line='step=768000 eps=0.050 ep_reward=-0.04 buffer=100000'
last_line='step=768000 eps=0.050 ep_reward=-0.04 buffer=100000'
last_line='step=769000 eps=0.050 ep_reward=-0.05 buffer=100000'
last_line='step=769000 eps=0.050 ep_reward=-0.05 buffer=100000'
last_line='step=769000 eps=0.050 ep_reward=-0.05 buffer=100000'
last_line='step=769000 eps=0.050 ep_reward=-0.05 buffer=100000'
last_line='step=770000 eps=0.050 ep_reward=-0.37 buffer=100000'
last_line='step=770000 eps=0.050 ep_reward=-0.37 buffer=100000'
last_line='step=770000 eps=0.050 ep_reward=-0.37 buffer=100000'
last_line='step=770000 eps=0.050 ep_reward=-0.37 buffer=100000'
last_line='step=771000 eps=0.050 ep_reward=-0.12 buffer=100000'
last_line='step=771000 eps=0.050 ep_reward=-0.12 buffer=100000'
last_line='step=771000 eps=0.050 ep_reward=-0.12 buffer=100000'
last_line='step=771000 eps=0.050 ep_reward=-0.12 buffer=100000'
last_line='step=772000 eps=0.050 ep_reward=-0.10 buffer=100000'
last_line='step=772000 eps=0.050 ep_reward=-0.10 buffer=100000'
last_line='step=772000 eps=0.050 ep_reward=-0.10 buffer=100000'
last_line='step=773000 eps=0.050 ep_reward=0.08 buffer=100000'
last_line='step=773000 eps=0.050 ep_reward=0.08 buffer=100000'
last_line='step=773000 eps=0.050 ep_reward=0.08 buffer=100000'
last_line='step=773000 eps=0.050 ep_reward=0.08 buffer=100000'
last_line='step=774000 eps=0.050 ep_reward=-0.02 buffer=100000'
last_line='step=774000 eps=0.050 ep_reward=-0.02 buffer=100000'
last_line='step=774000 eps=0.050 ep_reward=-0.02 buffer=100000'
last_line='step=774000 eps=0.050 ep_reward=-0.02 buffer=100000'
last_line='step=775000 eps=0.050 ep_reward=-0.15 buffer=100000'
last_line='step=775000 eps=0.050 ep_reward=-0.15 buffer=100000'
last_line='step=775000 eps=0.050 ep_reward=-0.15 buffer=100000'
last_line='step=775000 eps=0.050 ep_reward=-0.15 buffer=100000'
last_line='step=776000 eps=0.050 ep_reward=-0.10 buffer=100000'
last_line='step=776000 eps=0.050 ep_reward=-0.10 buffer=100000'
last_line='step=776000 eps=0.050 ep_reward=-0.10 buffer=100000'
last_line='step=777000 eps=0.050 ep_reward=-10.03 buffer=100000'
last_line='step=777000 eps=0.050 ep_reward=-10.03 buffer=100000'
last_line='step=777000 eps=0.050 ep_reward=-10.03 buffer=100000'
last_line='step=777000 eps=0.050 ep_reward=-10.03 buffer=100000'
last_line='step=778000 eps=0.050 ep_reward=-0.02 buffer=100000'
last_line='step=778000 eps=0.050 ep_reward=-0.02 buffer=100000'
last_line='step=778000 eps=0.050 ep_reward=-0.02 buffer=100000'
last_line='step=779000 eps=0.050 ep_reward=-0.04 buffer=100000'
last_line='step=779000 eps=0.050 ep_reward=-0.04 buffer=100000'
last_line='step=779000 eps=0.050 ep_reward=-0.04 buffer=100000'
last_line='step=779000 eps=0.050 ep_reward=-0.04 buffer=100000'
last_line='step=780000 eps=0.050 ep_reward=-0.31 buffer=100000'
last_line='step=780000 eps=0.050 ep_reward=-0.31 buffer=100000'
last_line='step=780000 eps=0.050 ep_reward=-0.31 buffer=100000'
last_line='step=780000 eps=0.050 ep_reward=-0.31 buffer=100000'
last_line='step=781000 eps=0.050 ep_reward=-0.11 buffer=100000'
last_line='step=781000 eps=0.050 ep_reward=-0.11 buffer=100000'
last_line='step=781000 eps=0.050 ep_reward=-0.11 buffer=100000'
last_line='step=782000 eps=0.050 ep_reward=-0.47 buffer=100000'
last_line='step=782000 eps=0.050 ep_reward=-0.47 buffer=100000'
last_line='step=782000 eps=0.050 ep_reward=-0.47 buffer=100000'
last_line='step=782000 eps=0.050 ep_reward=-0.47 buffer=100000'
last_line='step=783000 eps=0.050 ep_reward=-0.67 buffer=100000'
last_line='step=783000 eps=0.050 ep_reward=-0.67 buffer=100000'
last_line='step=783000 eps=0.050 ep_reward=-0.67 buffer=100000'
last_line='step=784000 eps=0.050 ep_reward=-0.19 buffer=100000'
last_line='step=784000 eps=0.050 ep_reward=-0.19 buffer=100000'
last_line='step=784000 eps=0.050 ep_reward=-0.19 buffer=100000'
last_line='step=784000 eps=0.050 ep_reward=-0.19 buffer=100000'
last_line='step=785000 eps=0.050 ep_reward=-0.89 buffer=100000'
last_line='step=785000 eps=0.050 ep_reward=-0.89 buffer=100000'
last_line='step=785000 eps=0.050 ep_reward=-0.89 buffer=100000'
last_line='step=785000 eps=0.050 ep_reward=-0.89 buffer=100000'
last_line='step=786000 eps=0.050 ep_reward=-0.12 buffer=100000'
last_line='step=786000 eps=0.050 ep_reward=-0.12 buffer=100000'
last_line='step=786000 eps=0.050 ep_reward=-0.12 buffer=100000'
last_line='step=786000 eps=0.050 ep_reward=-0.12 buffer=100000'
last_line='step=787000 eps=0.050 ep_reward=-0.19 buffer=100000'
last_line='step=787000 eps=0.050 ep_reward=-0.19 buffer=100000'
last_line='step=787000 eps=0.050 ep_reward=-0.19 buffer=100000'
last_line='step=788000 eps=0.050 ep_reward=0.01 buffer=100000'
last_line='step=788000 eps=0.050 ep_reward=0.01 buffer=100000'
last_line='step=788000 eps=0.050 ep_reward=0.01 buffer=100000'
last_line='step=788000 eps=0.050 ep_reward=0.01 buffer=100000'
last_line='step=789000 eps=0.050 ep_reward=-0.02 buffer=100000'
last_line='step=789000 eps=0.050 ep_reward=-0.02 buffer=100000'
last_line='step=789000 eps=0.050 ep_reward=-0.02 buffer=100000'
last_line='step=790000 eps=0.050 ep_reward=0.24 buffer=100000'
last_line='step=790000 eps=0.050 ep_reward=0.24 buffer=100000'
last_line='step=790000 eps=0.050 ep_reward=0.24 buffer=100000'
last_line='step=790000 eps=0.050 ep_reward=0.24 buffer=100000'
last_line='step=791000 eps=0.050 ep_reward=-0.66 buffer=100000'
last_line='step=791000 eps=0.050 ep_reward=-0.66 buffer=100000'
last_line='step=791000 eps=0.050 ep_reward=-0.66 buffer=100000'
last_line='step=791000 eps=0.050 ep_reward=-0.66 buffer=100000'
last_line='step=792000 eps=0.050 ep_reward=-10.03 buffer=100000'
last_line='step=792000 eps=0.050 ep_reward=-10.03 buffer=100000'
last_line='step=792000 eps=0.050 ep_reward=-10.03 buffer=100000'
last_line='step=792000 eps=0.050 ep_reward=-10.03 buffer=100000'
last_line='step=793000 eps=0.050 ep_reward=-0.21 buffer=100000'
last_line='step=793000 eps=0.050 ep_reward=-0.21 buffer=100000'
last_line='step=793000 eps=0.050 ep_reward=-0.21 buffer=100000'
last_line='step=794000 eps=0.050 ep_reward=-0.01 buffer=100000'
last_line='step=794000 eps=0.050 ep_reward=-0.01 buffer=100000'
last_line='step=794000 eps=0.050 ep_reward=-0.01 buffer=100000'
last_line='step=794000 eps=0.050 ep_reward=-0.01 buffer=100000'
last_line='step=795000 eps=0.050 ep_reward=-0.05 buffer=100000'
last_line='step=795000 eps=0.050 ep_reward=-0.05 buffer=100000'
last_line='step=795000 eps=0.050 ep_reward=-0.05 buffer=100000'
last_line='step=795000 eps=0.050 ep_reward=-0.05 buffer=100000'
last_line='step=796000 eps=0.050 ep_reward=-0.15 buffer=100000'
last_line='step=796000 eps=0.050 ep_reward=-0.15 buffer=100000'
last_line='step=796000 eps=0.050 ep_reward=-0.15 buffer=100000'
last_line='step=797000 eps=0.050 ep_reward=-0.16 buffer=100000'
last_line='step=797000 eps=0.050 ep_reward=-0.16 buffer=100000'
last_line='step=797000 eps=0.050 ep_reward=-0.16 buffer=100000'
last_line='step=797000 eps=0.050 ep_reward=-0.16 buffer=100000'
last_line='step=798000 eps=0.050 ep_reward=-0.03 buffer=100000'
last_line='step=798000 eps=0.050 ep_reward=-0.03 buffer=100000'
last_line='step=798000 eps=0.050 ep_reward=-0.03 buffer=100000'
last_line='step=798000 eps=0.050 ep_reward=-0.03 buffer=100000'
last_line='step=799000 eps=0.050 ep_reward=-0.52 buffer=100000'
last_line='step=799000 eps=0.050 ep_reward=-0.52 buffer=100000'
last_line='step=799000 eps=0.050 ep_reward=-0.52 buffer=100000'
last_line='step=800000 eps=0.050 ep_reward=-0.22 buffer=100000'
last_line='step=800000 eps=0.050 ep_reward=-0.22 buffer=100000'
last_line='step=800000 eps=0.050 ep_reward=-0.22 buffer=100000'
last_line='step=800000 eps=0.050 ep_reward=-0.22 buffer=100000'
last_line='step=800000 eps=0.050 ep_reward=-0.22 buffer=100000'
last_line='step=800000 eps=0.050 ep_reward=-0.22 buffer=100000'
last_line='step=801000 eps=0.050 ep_reward=-0.36 buffer=100000'
last_line='step=801000 eps=0.050 ep_reward=-0.36 buffer=100000'
last_line='step=801000 eps=0.050 ep_reward=-0.36 buffer=100000'
last_line='step=802000 eps=0.050 ep_reward=-0.64 buffer=100000'
last_line='step=802000 eps=0.050 ep_reward=-0.64 buffer=100000'
last_line='step=802000 eps=0.050 ep_reward=-0.64 buffer=100000'
last_line='step=802000 eps=0.050 ep_reward=-0.64 buffer=100000'
last_line='step=803000 eps=0.050 ep_reward=-0.12 buffer=100000'
last_line='step=803000 eps=0.050 ep_reward=-0.12 buffer=100000'
last_line='step=803000 eps=0.050 ep_reward=-0.12 buffer=100000'
last_line='step=803000 eps=0.050 ep_reward=-0.12 buffer=100000'
last_line='step=804000 eps=0.050 ep_reward=-0.82 buffer=100000'
last_line='step=804000 eps=0.050 ep_reward=-0.82 buffer=100000'
last_line='step=804000 eps=0.050 ep_reward=-0.82 buffer=100000'
last_line='step=805000 eps=0.050 ep_reward=-0.45 buffer=100000'
last_line='step=805000 eps=0.050 ep_reward=-0.45 buffer=100000'
last_line='step=805000 eps=0.050 ep_reward=-0.45 buffer=100000'
last_line='step=805000 eps=0.050 ep_reward=-0.45 buffer=100000'
last_line='step=806000 eps=0.050 ep_reward=-0.03 buffer=100000'
last_line='step=806000 eps=0.050 ep_reward=-0.03 buffer=100000'
last_line='step=806000 eps=0.050 ep_reward=-0.03 buffer=100000'
last_line='step=806000 eps=0.050 ep_reward=-0.03 buffer=100000'
last_line='step=807000 eps=0.050 ep_reward=-0.68 buffer=100000'
last_line='step=807000 eps=0.050 ep_reward=-0.68 buffer=100000'
last_line='step=807000 eps=0.050 ep_reward=-0.68 buffer=100000'
last_line='step=808000 eps=0.050 ep_reward=-0.04 buffer=100000'
last_line='step=808000 eps=0.050 ep_reward=-0.04 buffer=100000'
last_line='step=808000 eps=0.050 ep_reward=-0.04 buffer=100000'
last_line='step=808000 eps=0.050 ep_reward=-0.04 buffer=100000'
last_line='step=809000 eps=0.050 ep_reward=-0.41 buffer=100000'
last_line='step=809000 eps=0.050 ep_reward=-0.41 buffer=100000'
last_line='step=809000 eps=0.050 ep_reward=-0.41 buffer=100000'
last_line='step=810000 eps=0.050 ep_reward=-0.23 buffer=100000'
last_line='step=810000 eps=0.050 ep_reward=-0.23 buffer=100000'
last_line='step=810000 eps=0.050 ep_reward=-0.23 buffer=100000'
last_line='step=810000 eps=0.050 ep_reward=-0.23 buffer=100000'
last_line='step=810000 eps=0.050 ep_reward=-0.23 buffer=100000'
last_line='step=811000 eps=0.050 ep_reward=-0.03 buffer=100000'
last_line='step=811000 eps=0.050 ep_reward=-0.03 buffer=100000'
last_line='step=811000 eps=0.050 ep_reward=-0.03 buffer=100000'
last_line='step=812000 eps=0.050 ep_reward=-0.07 buffer=100000'
last_line='step=812000 eps=0.050 ep_reward=-0.07 buffer=100000'
last_line='step=812000 eps=0.050 ep_reward=-0.07 buffer=100000'
last_line='step=812000 eps=0.050 ep_reward=-0.07 buffer=100000'
last_line='step=813000 eps=0.050 ep_reward=-0.03 buffer=100000'
last_line='step=813000 eps=0.050 ep_reward=-0.03 buffer=100000'
last_line='step=813000 eps=0.050 ep_reward=-0.03 buffer=100000'
last_line='step=814000 eps=0.050 ep_reward=-0.10 buffer=100000'
last_line='step=814000 eps=0.050 ep_reward=-0.10 buffer=100000'
last_line='step=814000 eps=0.050 ep_reward=-0.10 buffer=100000'
last_line='step=814000 eps=0.050 ep_reward=-0.10 buffer=100000'
last_line='step=815000 eps=0.050 ep_reward=-0.52 buffer=100000'
last_line='step=815000 eps=0.050 ep_reward=-0.52 buffer=100000'
last_line='step=815000 eps=0.050 ep_reward=-0.52 buffer=100000'
last_line='step=815000 eps=0.050 ep_reward=-0.52 buffer=100000'
last_line='step=816000 eps=0.050 ep_reward=-0.24 buffer=100000'
last_line='step=816000 eps=0.050 ep_reward=-0.24 buffer=100000'
last_line='step=816000 eps=0.050 ep_reward=-0.24 buffer=100000'
last_line='step=817000 eps=0.050 ep_reward=0.27 buffer=100000'
last_line='step=817000 eps=0.050 ep_reward=0.27 buffer=100000'
last_line='step=817000 eps=0.050 ep_reward=0.27 buffer=100000'
last_line='step=817000 eps=0.050 ep_reward=0.27 buffer=100000'
last_line='step=818000 eps=0.050 ep_reward=-10.03 buffer=100000'
last_line='step=818000 eps=0.050 ep_reward=-10.03 buffer=100000'
last_line='step=818000 eps=0.050 ep_reward=-10.03 buffer=100000'
last_line='step=819000 eps=0.050 ep_reward=-0.10 buffer=100000'
last_line='step=819000 eps=0.050 ep_reward=-0.10 buffer=100000'
last_line='step=819000 eps=0.050 ep_reward=-0.10 buffer=100000'
last_line='step=819000 eps=0.050 ep_reward=-0.10 buffer=100000'
last_line='step=820000 eps=0.050 ep_reward=-0.01 buffer=100000'
last_line='step=820000 eps=0.050 ep_reward=-0.01 buffer=100000'
last_line='step=820000 eps=0.050 ep_reward=-0.01 buffer=100000'
last_line='step=820000 eps=0.050 ep_reward=-0.01 buffer=100000'
last_line='step=821000 eps=0.050 ep_reward=-0.22 buffer=100000'
last_line='step=821000 eps=0.050 ep_reward=-0.22 buffer=100000'
last_line='step=821000 eps=0.050 ep_reward=-0.22 buffer=100000'
last_line='step=821000 eps=0.050 ep_reward=-0.22 buffer=100000'
last_line='step=822000 eps=0.050 ep_reward=-0.02 buffer=100000'
last_line='step=822000 eps=0.050 ep_reward=-0.02 buffer=100000'
last_line='step=822000 eps=0.050 ep_reward=-0.02 buffer=100000'
last_line='step=823000 eps=0.050 ep_reward=-0.02 buffer=100000'
last_line='step=823000 eps=0.050 ep_reward=-0.02 buffer=100000'
last_line='step=823000 eps=0.050 ep_reward=-0.02 buffer=100000'
last_line='step=823000 eps=0.050 ep_reward=-0.02 buffer=100000'
last_line='step=824000 eps=0.050 ep_reward=-0.03 buffer=100000'
last_line='step=824000 eps=0.050 ep_reward=-0.03 buffer=100000'
last_line='step=824000 eps=0.050 ep_reward=-0.03 buffer=100000'
last_line='step=825000 eps=0.050 ep_reward=-0.04 buffer=100000'
last_line='step=825000 eps=0.050 ep_reward=-0.04 buffer=100000'
last_line='step=825000 eps=0.050 ep_reward=-0.04 buffer=100000'
last_line='step=825000 eps=0.050 ep_reward=-0.04 buffer=100000'
last_line='step=826000 eps=0.050 ep_reward=-0.55 buffer=100000'
last_line='step=826000 eps=0.050 ep_reward=-0.55 buffer=100000'
last_line='step=826000 eps=0.050 ep_reward=-0.55 buffer=100000'
last_line='step=826000 eps=0.050 ep_reward=-0.55 buffer=100000'
last_line='step=827000 eps=0.050 ep_reward=0.48 buffer=100000'
last_line='step=827000 eps=0.050 ep_reward=0.48 buffer=100000'
last_line='step=827000 eps=0.050 ep_reward=0.48 buffer=100000'
last_line='step=828000 eps=0.050 ep_reward=-0.32 buffer=100000'
last_line='step=828000 eps=0.050 ep_reward=-0.32 buffer=100000'
last_line='step=828000 eps=0.050 ep_reward=-0.32 buffer=100000'
last_line='step=828000 eps=0.050 ep_reward=-0.32 buffer=100000'
last_line='step=829000 eps=0.050 ep_reward=-0.03 buffer=100000'
last_line='step=829000 eps=0.050 ep_reward=-0.03 buffer=100000'
last_line='step=829000 eps=0.050 ep_reward=-0.03 buffer=100000'
last_line='step=829000 eps=0.050 ep_reward=-0.03 buffer=100000'
last_line='step=830000 eps=0.050 ep_reward=-0.01 buffer=100000'
last_line='step=830000 eps=0.050 ep_reward=-0.01 buffer=100000'
last_line='step=830000 eps=0.050 ep_reward=-0.01 buffer=100000'
last_line='step=830000 eps=0.050 ep_reward=-0.01 buffer=100000'
last_line='step=831000 eps=0.050 ep_reward=-0.34 buffer=100000'
last_line='step=831000 eps=0.050 ep_reward=-0.34 buffer=100000'
last_line='step=831000 eps=0.050 ep_reward=-0.34 buffer=100000'
last_line='step=832000 eps=0.050 ep_reward=-0.16 buffer=100000'
last_line='step=832000 eps=0.050 ep_reward=-0.16 buffer=100000'
last_line='step=832000 eps=0.050 ep_reward=-0.16 buffer=100000'
last_line='step=832000 eps=0.050 ep_reward=-0.16 buffer=100000'
last_line='step=833000 eps=0.050 ep_reward=-0.64 buffer=100000'
last_line='step=833000 eps=0.050 ep_reward=-0.64 buffer=100000'
last_line='step=833000 eps=0.050 ep_reward=-0.64 buffer=100000'
last_line='step=834000 eps=0.050 ep_reward=-0.42 buffer=100000'
last_line='step=834000 eps=0.050 ep_reward=-0.42 buffer=100000'
last_line='step=834000 eps=0.050 ep_reward=-0.42 buffer=100000'
last_line='step=834000 eps=0.050 ep_reward=-0.42 buffer=100000'
last_line='step=835000 eps=0.050 ep_reward=-0.47 buffer=100000'
last_line='step=835000 eps=0.050 ep_reward=-0.47 buffer=100000'
last_line='step=835000 eps=0.050 ep_reward=-0.47 buffer=100000'
last_line='step=835000 eps=0.050 ep_reward=-0.47 buffer=100000'
last_line='step=836000 eps=0.050 ep_reward=-0.70 buffer=100000'
last_line='step=836000 eps=0.050 ep_reward=-0.70 buffer=100000'
last_line='step=836000 eps=0.050 ep_reward=-0.70 buffer=100000'
last_line='step=837000 eps=0.050 ep_reward=-0.82 buffer=100000'
last_line='step=837000 eps=0.050 ep_reward=-0.82 buffer=100000'
last_line='step=837000 eps=0.050 ep_reward=-0.82 buffer=100000'
last_line='step=837000 eps=0.050 ep_reward=-0.82 buffer=100000'
last_line='step=838000 eps=0.050 ep_reward=-0.15 buffer=100000'
last_line='step=838000 eps=0.050 ep_reward=-0.15 buffer=100000'
last_line='step=838000 eps=0.050 ep_reward=-0.15 buffer=100000'
last_line='step=838000 eps=0.050 ep_reward=-0.15 buffer=100000'
last_line='step=839000 eps=0.050 ep_reward=-0.46 buffer=100000'
last_line='step=839000 eps=0.050 ep_reward=-0.46 buffer=100000'
last_line='step=839000 eps=0.050 ep_reward=-0.46 buffer=100000'
last_line='step=840000 eps=0.050 ep_reward=-0.02 buffer=100000'
last_line='step=840000 eps=0.050 ep_reward=-0.02 buffer=100000'
last_line='step=840000 eps=0.050 ep_reward=-0.02 buffer=100000'
last_line='step=840000 eps=0.050 ep_reward=-0.02 buffer=100000'
last_line='step=841000 eps=0.050 ep_reward=-0.48 buffer=100000'
last_line='step=841000 eps=0.050 ep_reward=-0.48 buffer=100000'
last_line='step=841000 eps=0.050 ep_reward=-0.48 buffer=100000'
last_line='step=841000 eps=0.050 ep_reward=-0.48 buffer=100000'
last_line='step=842000 eps=0.050 ep_reward=-0.86 buffer=100000'
last_line='step=842000 eps=0.050 ep_reward=-0.86 buffer=100000'
last_line='step=842000 eps=0.050 ep_reward=-0.86 buffer=100000'
last_line='step=843000 eps=0.050 ep_reward=-0.01 buffer=100000'
last_line='step=843000 eps=0.050 ep_reward=-0.01 buffer=100000'
last_line='step=843000 eps=0.050 ep_reward=-0.01 buffer=100000'
last_line='step=843000 eps=0.050 ep_reward=-0.01 buffer=100000'
last_line='step=844000 eps=0.050 ep_reward=-0.05 buffer=100000'
last_line='step=844000 eps=0.050 ep_reward=-0.05 buffer=100000'
last_line='step=844000 eps=0.050 ep_reward=-0.05 buffer=100000'
last_line='step=845000 eps=0.050 ep_reward=-0.42 buffer=100000'
last_line='step=845000 eps=0.050 ep_reward=-0.42 buffer=100000'
last_line='step=845000 eps=0.050 ep_reward=-0.42 buffer=100000'
last_line='step=845000 eps=0.050 ep_reward=-0.42 buffer=100000'
last_line='step=845000 eps=0.050 ep_reward=-0.42 buffer=100000'
last_line='step=846000 eps=0.050 ep_reward=-0.03 buffer=100000'
last_line='step=846000 eps=0.050 ep_reward=-0.03 buffer=100000'
last_line='step=846000 eps=0.050 ep_reward=-0.03 buffer=100000'
last_line='step=847000 eps=0.050 ep_reward=-0.11 buffer=100000'
last_line='step=847000 eps=0.050 ep_reward=-0.11 buffer=100000'
last_line='step=847000 eps=0.050 ep_reward=-0.11 buffer=100000'
last_line='step=847000 eps=0.050 ep_reward=-0.11 buffer=100000'
last_line='step=848000 eps=0.050 ep_reward=-0.77 buffer=100000'
last_line='step=848000 eps=0.050 ep_reward=-0.77 buffer=100000'
last_line='step=848000 eps=0.050 ep_reward=-0.77 buffer=100000'
last_line='step=849000 eps=0.050 ep_reward=-0.11 buffer=100000'
last_line='step=849000 eps=0.050 ep_reward=-0.11 buffer=100000'
last_line='step=849000 eps=0.050 ep_reward=-0.11 buffer=100000'
last_line='step=849000 eps=0.050 ep_reward=-0.11 buffer=100000'
last_line='step=850000 eps=0.050 ep_reward=-0.11 buffer=100000'
last_line='step=850000 eps=0.050 ep_reward=-0.11 buffer=100000'
last_line='step=850000 eps=0.050 ep_reward=-0.11 buffer=100000'
last_line='step=850000 eps=0.050 ep_reward=-0.11 buffer=100000'
last_line='step=850000 eps=0.050 ep_reward=-0.11 buffer=100000'
last_line='step=850000 eps=0.050 ep_reward=-0.11 buffer=100000'
last_line='step=851000 eps=0.050 ep_reward=-0.07 buffer=100000'
last_line='step=851000 eps=0.050 ep_reward=-0.07 buffer=100000'
last_line='step=851000 eps=0.050 ep_reward=-0.07 buffer=100000'
last_line='step=852000 eps=0.050 ep_reward=-0.02 buffer=100000'
last_line='step=852000 eps=0.050 ep_reward=-0.02 buffer=100000'
last_line='step=852000 eps=0.050 ep_reward=-0.02 buffer=100000'
last_line='step=852000 eps=0.050 ep_reward=-0.02 buffer=100000'
last_line='step=853000 eps=0.050 ep_reward=-0.66 buffer=100000'
last_line='step=853000 eps=0.050 ep_reward=-0.66 buffer=100000'
last_line='step=853000 eps=0.050 ep_reward=-0.66 buffer=100000'
last_line='step=853000 eps=0.050 ep_reward=-0.66 buffer=100000'
last_line='step=854000 eps=0.050 ep_reward=-0.12 buffer=100000'
last_line='step=854000 eps=0.050 ep_reward=-0.12 buffer=100000'
last_line='step=854000 eps=0.050 ep_reward=-0.12 buffer=100000'
last_line='step=855000 eps=0.050 ep_reward=-0.20 buffer=100000'
last_line='step=855000 eps=0.050 ep_reward=-0.20 buffer=100000'
last_line='step=855000 eps=0.050 ep_reward=-0.20 buffer=100000'
last_line='step=855000 eps=0.050 ep_reward=-0.20 buffer=100000'
last_line='step=856000 eps=0.050 ep_reward=-10.03 buffer=100000'
last_line='step=856000 eps=0.050 ep_reward=-10.03 buffer=100000'
last_line='step=856000 eps=0.050 ep_reward=-10.03 buffer=100000'
last_line='step=856000 eps=0.050 ep_reward=-10.03 buffer=100000'
last_line='step=857000 eps=0.050 ep_reward=-0.15 buffer=100000'
last_line='step=857000 eps=0.050 ep_reward=-0.15 buffer=100000'
last_line='step=857000 eps=0.050 ep_reward=-0.15 buffer=100000'
last_line='step=858000 eps=0.050 ep_reward=-0.32 buffer=100000'
last_line='step=858000 eps=0.050 ep_reward=-0.32 buffer=100000'
last_line='step=858000 eps=0.050 ep_reward=-0.32 buffer=100000'
last_line='step=858000 eps=0.050 ep_reward=-0.32 buffer=100000'
last_line='step=859000 eps=0.050 ep_reward=-0.56 buffer=100000'
last_line='step=859000 eps=0.050 ep_reward=-0.56 buffer=100000'
last_line='step=859000 eps=0.050 ep_reward=-0.56 buffer=100000'
last_line='step=859000 eps=0.050 ep_reward=-0.56 buffer=100000'
last_line='step=860000 eps=0.050 ep_reward=-1.15 buffer=100000'
last_line='step=860000 eps=0.050 ep_reward=-1.15 buffer=100000'
last_line='step=860000 eps=0.050 ep_reward=-1.15 buffer=100000'
last_line='step=860000 eps=0.050 ep_reward=-1.15 buffer=100000'
last_line='step=861000 eps=0.050 ep_reward=-1.07 buffer=100000'
last_line='step=861000 eps=0.050 ep_reward=-1.07 buffer=100000'
last_line='step=861000 eps=0.050 ep_reward=-1.07 buffer=100000'
last_line='step=862000 eps=0.050 ep_reward=-0.02 buffer=100000'
last_line='step=862000 eps=0.050 ep_reward=-0.02 buffer=100000'
last_line='step=862000 eps=0.050 ep_reward=-0.02 buffer=100000'
last_line='step=862000 eps=0.050 ep_reward=-0.02 buffer=100000'
last_line='step=863000 eps=0.050 ep_reward=-0.69 buffer=100000'
last_line='step=863000 eps=0.050 ep_reward=-0.69 buffer=100000'
last_line='step=863000 eps=0.050 ep_reward=-0.69 buffer=100000'
last_line='step=864000 eps=0.050 ep_reward=-0.02 buffer=100000'
last_line='step=864000 eps=0.050 ep_reward=-0.02 buffer=100000'
last_line='step=864000 eps=0.050 ep_reward=-0.02 buffer=100000'
last_line='step=864000 eps=0.050 ep_reward=-0.02 buffer=100000'
last_line='step=865000 eps=0.050 ep_reward=-0.78 buffer=100000'
last_line='step=865000 eps=0.050 ep_reward=-0.78 buffer=100000'
last_line='step=865000 eps=0.050 ep_reward=-0.78 buffer=100000'
last_line='step=865000 eps=0.050 ep_reward=-0.78 buffer=100000'
last_line='step=866000 eps=0.050 ep_reward=-0.03 buffer=100000'
last_line='step=866000 eps=0.050 ep_reward=-0.03 buffer=100000'
last_line='step=866000 eps=0.050 ep_reward=-0.03 buffer=100000'
last_line='step=867000 eps=0.050 ep_reward=-0.23 buffer=100000'
last_line='step=867000 eps=0.050 ep_reward=-0.23 buffer=100000'
last_line='step=867000 eps=0.050 ep_reward=-0.23 buffer=100000'
last_line='step=867000 eps=0.050 ep_reward=-0.23 buffer=100000'
last_line='step=868000 eps=0.050 ep_reward=-0.49 buffer=100000'
last_line='step=868000 eps=0.050 ep_reward=-0.49 buffer=100000'
last_line='step=868000 eps=0.050 ep_reward=-0.49 buffer=100000'
last_line='step=868000 eps=0.050 ep_reward=-0.49 buffer=100000'
last_line='step=869000 eps=0.050 ep_reward=-0.59 buffer=100000'
last_line='step=869000 eps=0.050 ep_reward=-0.59 buffer=100000'
last_line='step=869000 eps=0.050 ep_reward=-0.59 buffer=100000'
last_line='step=870000 eps=0.050 ep_reward=-0.34 buffer=100000'
last_line='step=870000 eps=0.050 ep_reward=-0.34 buffer=100000'
last_line='step=870000 eps=0.050 ep_reward=-0.34 buffer=100000'
last_line='step=870000 eps=0.050 ep_reward=-0.34 buffer=100000'
last_line='step=871000 eps=0.050 ep_reward=-0.47 buffer=100000'
last_line='step=871000 eps=0.050 ep_reward=-0.47 buffer=100000'
last_line='step=871000 eps=0.050 ep_reward=-0.47 buffer=100000'
last_line='step=871000 eps=0.050 ep_reward=-0.47 buffer=100000'
last_line='step=872000 eps=0.050 ep_reward=-0.32 buffer=100000'
last_line='step=872000 eps=0.050 ep_reward=-0.32 buffer=100000'
last_line='step=872000 eps=0.050 ep_reward=-0.32 buffer=100000'
last_line='step=873000 eps=0.050 ep_reward=-0.01 buffer=100000'
last_line='step=873000 eps=0.050 ep_reward=-0.01 buffer=100000'
last_line='step=873000 eps=0.050 ep_reward=-0.01 buffer=100000'
last_line='step=873000 eps=0.050 ep_reward=-0.01 buffer=100000'
last_line='step=874000 eps=0.050 ep_reward=-0.05 buffer=100000'
last_line='step=874000 eps=0.050 ep_reward=-0.05 buffer=100000'
last_line='step=874000 eps=0.050 ep_reward=-0.05 buffer=100000'
last_line='step=875000 eps=0.050 ep_reward=-0.13 buffer=100000'
last_line='step=875000 eps=0.050 ep_reward=-0.13 buffer=100000'
last_line='step=875000 eps=0.050 ep_reward=-0.13 buffer=100000'
last_line='step=875000 eps=0.050 ep_reward=-0.13 buffer=100000'
last_line='step=876000 eps=0.050 ep_reward=-0.17 buffer=100000'
last_line='step=876000 eps=0.050 ep_reward=-0.17 buffer=100000'
last_line='step=876000 eps=0.050 ep_reward=-0.17 buffer=100000'
last_line='step=877000 eps=0.050 ep_reward=-0.03 buffer=100000'
last_line='step=877000 eps=0.050 ep_reward=-0.03 buffer=100000'
last_line='step=877000 eps=0.050 ep_reward=-0.03 buffer=100000'
last_line='step=877000 eps=0.050 ep_reward=-0.03 buffer=100000'
last_line='step=878000 eps=0.050 ep_reward=-10.03 buffer=100000'
last_line='step=878000 eps=0.050 ep_reward=-10.03 buffer=100000'
last_line='step=878000 eps=0.050 ep_reward=-10.03 buffer=100000'
last_line='step=878000 eps=0.050 ep_reward=-10.03 buffer=100000'
last_line='step=879000 eps=0.050 ep_reward=-0.47 buffer=100000'
last_line='step=879000 eps=0.050 ep_reward=-0.47 buffer=100000'
last_line='step=879000 eps=0.050 ep_reward=-0.47 buffer=100000'
last_line='step=880000 eps=0.050 ep_reward=-0.01 buffer=100000'
last_line='step=880000 eps=0.050 ep_reward=-0.01 buffer=100000'
last_line='step=880000 eps=0.050 ep_reward=-0.01 buffer=100000'
last_line='step=880000 eps=0.050 ep_reward=-0.01 buffer=100000'
last_line='step=880000 eps=0.050 ep_reward=-0.01 buffer=100000'
last_line='step=881000 eps=0.050 ep_reward=0.09 buffer=100000'
last_line='step=881000 eps=0.050 ep_reward=0.09 buffer=100000'
last_line='step=881000 eps=0.050 ep_reward=0.09 buffer=100000'
last_line='step=882000 eps=0.050 ep_reward=-0.04 buffer=100000'
last_line='step=882000 eps=0.050 ep_reward=-0.04 buffer=100000'
last_line='step=882000 eps=0.050 ep_reward=-0.04 buffer=100000'
last_line='step=882000 eps=0.050 ep_reward=-0.04 buffer=100000'
last_line='step=883000 eps=0.050 ep_reward=-0.01 buffer=100000'
last_line='step=883000 eps=0.050 ep_reward=-0.01 buffer=100000'
last_line='step=883000 eps=0.050 ep_reward=-0.01 buffer=100000'
last_line='step=884000 eps=0.050 ep_reward=-0.17 buffer=100000'
last_line='step=884000 eps=0.050 ep_reward=-0.17 buffer=100000'
last_line='step=884000 eps=0.050 ep_reward=-0.17 buffer=100000'
last_line='step=884000 eps=0.050 ep_reward=-0.17 buffer=100000'
last_line='step=885000 eps=0.050 ep_reward=-0.02 buffer=100000'
last_line='step=885000 eps=0.050 ep_reward=-0.02 buffer=100000'
last_line='step=885000 eps=0.050 ep_reward=-0.02 buffer=100000'
last_line='step=885000 eps=0.050 ep_reward=-0.02 buffer=100000'
last_line='step=886000 eps=0.050 ep_reward=-0.18 buffer=100000'
last_line='step=886000 eps=0.050 ep_reward=-0.18 buffer=100000'
last_line='step=886000 eps=0.050 ep_reward=-0.18 buffer=100000'
last_line='step=887000 eps=0.050 ep_reward=-0.20 buffer=100000'
last_line='step=887000 eps=0.050 ep_reward=-0.20 buffer=100000'
last_line='step=887000 eps=0.050 ep_reward=-0.20 buffer=100000'
last_line='step=887000 eps=0.050 ep_reward=-0.20 buffer=100000'
last_line='step=888000 eps=0.050 ep_reward=-0.02 buffer=100000'
last_line='step=888000 eps=0.050 ep_reward=-0.02 buffer=100000'
last_line='step=888000 eps=0.050 ep_reward=-0.02 buffer=100000'
last_line='step=889000 eps=0.050 ep_reward=-0.01 buffer=100000'
last_line='step=889000 eps=0.050 ep_reward=-0.01 buffer=100000'
last_line='step=889000 eps=0.050 ep_reward=-0.01 buffer=100000'
last_line='step=889000 eps=0.050 ep_reward=-0.01 buffer=100000'
last_line='step=890000 eps=0.050 ep_reward=-0.13 buffer=100000'
last_line='step=890000 eps=0.050 ep_reward=-0.13 buffer=100000'
last_line='step=890000 eps=0.050 ep_reward=-0.13 buffer=100000'
last_line='step=890000 eps=0.050 ep_reward=-0.13 buffer=100000'
last_line='step=891000 eps=0.050 ep_reward=-0.01 buffer=100000'
last_line='step=891000 eps=0.050 ep_reward=-0.01 buffer=100000'
last_line='step=891000 eps=0.050 ep_reward=-0.01 buffer=100000'
last_line='step=892000 eps=0.050 ep_reward=-0.07 buffer=100000'
last_line='step=892000 eps=0.050 ep_reward=-0.07 buffer=100000'
last_line='step=892000 eps=0.050 ep_reward=-0.07 buffer=100000'
last_line='step=892000 eps=0.050 ep_reward=-0.07 buffer=100000'
last_line='step=893000 eps=0.050 ep_reward=-0.01 buffer=100000'
last_line='step=893000 eps=0.050 ep_reward=-0.01 buffer=100000'
last_line='step=893000 eps=0.050 ep_reward=-0.01 buffer=100000'
last_line='step=893000 eps=0.050 ep_reward=-0.01 buffer=100000'
last_line='step=894000 eps=0.050 ep_reward=-0.16 buffer=100000'
last_line='step=894000 eps=0.050 ep_reward=-0.16 buffer=100000'
last_line='step=894000 eps=0.050 ep_reward=-0.16 buffer=100000'
last_line='step=895000 eps=0.050 ep_reward=-0.02 buffer=100000'
last_line='step=895000 eps=0.050 ep_reward=-0.02 buffer=100000'
last_line='step=895000 eps=0.050 ep_reward=-0.02 buffer=100000'
last_line='step=895000 eps=0.050 ep_reward=-0.02 buffer=100000'
last_line='step=896000 eps=0.050 ep_reward=-0.40 buffer=100000'
last_line='step=896000 eps=0.050 ep_reward=-0.40 buffer=100000'
last_line='step=896000 eps=0.050 ep_reward=-0.40 buffer=100000'
last_line='step=896000 eps=0.050 ep_reward=-0.40 buffer=100000'
last_line='step=897000 eps=0.050 ep_reward=-0.01 buffer=100000'
last_line='step=897000 eps=0.050 ep_reward=-0.01 buffer=100000'
last_line='step=897000 eps=0.050 ep_reward=-0.01 buffer=100000'
last_line='step=898000 eps=0.050 ep_reward=-0.01 buffer=100000'
last_line='step=898000 eps=0.050 ep_reward=-0.01 buffer=100000'
last_line='step=898000 eps=0.050 ep_reward=-0.01 buffer=100000'
last_line='step=898000 eps=0.050 ep_reward=-0.01 buffer=100000'
last_line='step=899000 eps=0.050 ep_reward=-0.45 buffer=100000'
last_line='step=899000 eps=0.050 ep_reward=-0.45 buffer=100000'
last_line='step=899000 eps=0.050 ep_reward=-0.45 buffer=100000'
last_line='step=900000 eps=0.050 ep_reward=-0.05 buffer=100000'
last_line='step=900000 eps=0.050 ep_reward=-0.05 buffer=100000'
last_line='step=900000 eps=0.050 ep_reward=-0.05 buffer=100000'
last_line='step=900000 eps=0.050 ep_reward=-0.05 buffer=100000'
last_line='step=900000 eps=0.050 ep_reward=-0.05 buffer=100000'
last_line='step=900000 eps=0.050 ep_reward=-0.05 buffer=100000'
last_line='step=901000 eps=0.050 ep_reward=-0.15 buffer=100000'
last_line='step=901000 eps=0.050 ep_reward=-0.15 buffer=100000'
last_line='step=901000 eps=0.050 ep_reward=-0.15 buffer=100000'
last_line='step=901000 eps=0.050 ep_reward=-0.15 buffer=100000'
last_line='step=902000 eps=0.050 ep_reward=-0.01 buffer=100000'
last_line='step=902000 eps=0.050 ep_reward=-0.01 buffer=100000'
last_line='step=902000 eps=0.050 ep_reward=-0.01 buffer=100000'
last_line='step=903000 eps=0.050 ep_reward=-0.14 buffer=100000'
last_line='step=903000 eps=0.050 ep_reward=-0.14 buffer=100000'
last_line='step=903000 eps=0.050 ep_reward=-0.14 buffer=100000'
last_line='step=903000 eps=0.050 ep_reward=-0.14 buffer=100000'
last_line='step=904000 eps=0.050 ep_reward=-0.01 buffer=100000'
last_line='step=904000 eps=0.050 ep_reward=-0.01 buffer=100000'
last_line='step=904000 eps=0.050 ep_reward=-0.01 buffer=100000'
last_line='step=905000 eps=0.050 ep_reward=-0.37 buffer=100000'
last_line='step=905000 eps=0.050 ep_reward=-0.37 buffer=100000'
last_line='step=905000 eps=0.050 ep_reward=-0.37 buffer=100000'
last_line='step=905000 eps=0.050 ep_reward=-0.37 buffer=100000'
last_line='step=906000 eps=0.050 ep_reward=-0.01 buffer=100000'
last_line='step=906000 eps=0.050 ep_reward=-0.01 buffer=100000'
last_line='step=906000 eps=0.050 ep_reward=-0.01 buffer=100000'
last_line='step=906000 eps=0.050 ep_reward=-0.01 buffer=100000'
last_line='step=907000 eps=0.050 ep_reward=-0.27 buffer=100000'
last_line='step=907000 eps=0.050 ep_reward=-0.27 buffer=100000'
last_line='step=907000 eps=0.050 ep_reward=-0.27 buffer=100000'
last_line='step=908000 eps=0.050 ep_reward=-0.06 buffer=100000'
last_line='step=908000 eps=0.050 ep_reward=-0.06 buffer=100000'
last_line='step=908000 eps=0.050 ep_reward=-0.06 buffer=100000'
last_line='step=908000 eps=0.050 ep_reward=-0.06 buffer=100000'
last_line='step=909000 eps=0.050 ep_reward=-0.51 buffer=100000'
last_line='step=909000 eps=0.050 ep_reward=-0.51 buffer=100000'
last_line='step=909000 eps=0.050 ep_reward=-0.51 buffer=100000'
last_line='step=909000 eps=0.050 ep_reward=-0.51 buffer=100000'
last_line='step=910000 eps=0.050 ep_reward=-0.41 buffer=100000'
last_line='step=910000 eps=0.050 ep_reward=-0.41 buffer=100000'
last_line='step=910000 eps=0.050 ep_reward=-0.41 buffer=100000'
last_line='step=910000 eps=0.050 ep_reward=-0.41 buffer=100000'
last_line='step=911000 eps=0.050 ep_reward=-0.25 buffer=100000'
last_line='step=911000 eps=0.050 ep_reward=-0.25 buffer=100000'
last_line='step=911000 eps=0.050 ep_reward=-0.25 buffer=100000'
last_line='step=912000 eps=0.050 ep_reward=-0.03 buffer=100000'
last_line='step=912000 eps=0.050 ep_reward=-0.03 buffer=100000'
last_line='step=912000 eps=0.050 ep_reward=-0.03 buffer=100000'
last_line='step=912000 eps=0.050 ep_reward=-0.03 buffer=100000'
last_line='step=913000 eps=0.050 ep_reward=-0.52 buffer=100000'
last_line='step=913000 eps=0.050 ep_reward=-0.52 buffer=100000'
last_line='step=913000 eps=0.050 ep_reward=-0.52 buffer=100000'
last_line='step=914000 eps=0.050 ep_reward=-10.04 buffer=100000'
last_line='step=914000 eps=0.050 ep_reward=-10.04 buffer=100000'
last_line='step=914000 eps=0.050 ep_reward=-10.04 buffer=100000'
last_line='step=914000 eps=0.050 ep_reward=-10.04 buffer=100000'
last_line='step=915000 eps=0.050 ep_reward=-10.09 buffer=100000'
last_line='step=915000 eps=0.050 ep_reward=-10.09 buffer=100000'
last_line='step=915000 eps=0.050 ep_reward=-10.09 buffer=100000'
last_line='step=915000 eps=0.050 ep_reward=-10.09 buffer=100000'
last_line='step=916000 eps=0.050 ep_reward=-0.08 buffer=100000'
last_line='step=916000 eps=0.050 ep_reward=-0.08 buffer=100000'
last_line='step=916000 eps=0.050 ep_reward=-0.08 buffer=100000'
last_line='step=916000 eps=0.050 ep_reward=-0.08 buffer=100000'
last_line='step=917000 eps=0.050 ep_reward=-0.74 buffer=100000'
last_line='step=917000 eps=0.050 ep_reward=-0.74 buffer=100000'
last_line='step=917000 eps=0.050 ep_reward=-0.74 buffer=100000'
last_line='step=918000 eps=0.050 ep_reward=-0.04 buffer=100000'
last_line='step=918000 eps=0.050 ep_reward=-0.04 buffer=100000'
last_line='step=918000 eps=0.050 ep_reward=-0.04 buffer=100000'
last_line='step=918000 eps=0.050 ep_reward=-0.04 buffer=100000'
last_line='step=919000 eps=0.050 ep_reward=-0.01 buffer=100000'
last_line='step=919000 eps=0.050 ep_reward=-0.01 buffer=100000'
last_line='step=919000 eps=0.050 ep_reward=-0.01 buffer=100000'
last_line='step=920000 eps=0.050 ep_reward=-0.02 buffer=100000'
last_line='step=920000 eps=0.050 ep_reward=-0.02 buffer=100000'
last_line='step=920000 eps=0.050 ep_reward=-0.02 buffer=100000'
last_line='step=920000 eps=0.050 ep_reward=-0.02 buffer=100000'
last_line='step=921000 eps=0.050 ep_reward=-0.04 buffer=100000'
last_line='step=921000 eps=0.050 ep_reward=-0.04 buffer=100000'
last_line='step=921000 eps=0.050 ep_reward=-0.04 buffer=100000'
last_line='step=921000 eps=0.050 ep_reward=-0.04 buffer=100000'
last_line='step=922000 eps=0.050 ep_reward=-10.05 buffer=100000'
last_line='step=922000 eps=0.050 ep_reward=-10.05 buffer=100000'
last_line='step=922000 eps=0.050 ep_reward=-10.05 buffer=100000'
last_line='step=923000 eps=0.050 ep_reward=-0.01 buffer=100000'
last_line='step=923000 eps=0.050 ep_reward=-0.01 buffer=100000'
last_line='step=923000 eps=0.050 ep_reward=-0.01 buffer=100000'
last_line='step=923000 eps=0.050 ep_reward=-0.01 buffer=100000'
last_line='step=924000 eps=0.050 ep_reward=-0.02 buffer=100000'
last_line='step=924000 eps=0.050 ep_reward=-0.02 buffer=100000'
last_line='step=924000 eps=0.050 ep_reward=-0.02 buffer=100000'
last_line='step=924000 eps=0.050 ep_reward=-0.02 buffer=100000'
last_line='step=925000 eps=0.050 ep_reward=-0.03 buffer=100000'
last_line='step=925000 eps=0.050 ep_reward=-0.03 buffer=100000'
last_line='step=925000 eps=0.050 ep_reward=-0.03 buffer=100000'
last_line='step=925000 eps=0.050 ep_reward=-0.03 buffer=100000'
last_line='step=926000 eps=0.050 ep_reward=-0.36 buffer=100000'
last_line='step=926000 eps=0.050 ep_reward=-0.36 buffer=100000'
last_line='step=926000 eps=0.050 ep_reward=-0.36 buffer=100000'
last_line='step=927000 eps=0.050 ep_reward=-0.32 buffer=100000'
last_line='step=927000 eps=0.050 ep_reward=-0.32 buffer=100000'
last_line='step=927000 eps=0.050 ep_reward=-0.32 buffer=100000'
last_line='step=927000 eps=0.050 ep_reward=-0.32 buffer=100000'
last_line='step=928000 eps=0.050 ep_reward=-0.02 buffer=100000'
last_line='step=928000 eps=0.050 ep_reward=-0.02 buffer=100000'
last_line='step=928000 eps=0.050 ep_reward=-0.02 buffer=100000'
last_line='step=929000 eps=0.050 ep_reward=-0.02 buffer=100000'
last_line='step=929000 eps=0.050 ep_reward=-0.02 buffer=100000'
last_line='step=929000 eps=0.050 ep_reward=-0.02 buffer=100000'
last_line='step=929000 eps=0.050 ep_reward=-0.02 buffer=100000'
last_line='step=930000 eps=0.050 ep_reward=-0.02 buffer=100000'
last_line='step=930000 eps=0.050 ep_reward=-0.02 buffer=100000'
last_line='step=930000 eps=0.050 ep_reward=-0.02 buffer=100000'
last_line='step=930000 eps=0.050 ep_reward=-0.02 buffer=100000'
last_line='step=931000 eps=0.050 ep_reward=-0.03 buffer=100000'
last_line='step=931000 eps=0.050 ep_reward=-0.03 buffer=100000'
last_line='step=931000 eps=0.050 ep_reward=-0.03 buffer=100000'
last_line='step=931000 eps=0.050 ep_reward=-0.03 buffer=100000'
last_line='step=932000 eps=0.050 ep_reward=-0.14 buffer=100000'
last_line='step=932000 eps=0.050 ep_reward=-0.14 buffer=100000'
last_line='step=932000 eps=0.050 ep_reward=-0.14 buffer=100000'
last_line='step=933000 eps=0.050 ep_reward=-0.10 buffer=100000'
last_line='step=933000 eps=0.050 ep_reward=-0.10 buffer=100000'
last_line='step=933000 eps=0.050 ep_reward=-0.10 buffer=100000'
last_line='step=933000 eps=0.050 ep_reward=-0.10 buffer=100000'
last_line='step=934000 eps=0.050 ep_reward=-0.02 buffer=100000'
last_line='step=934000 eps=0.050 ep_reward=-0.02 buffer=100000'
last_line='step=934000 eps=0.050 ep_reward=-0.02 buffer=100000'
last_line='step=935000 eps=0.050 ep_reward=-0.38 buffer=100000'
last_line='step=935000 eps=0.050 ep_reward=-0.38 buffer=100000'
last_line='step=935000 eps=0.050 ep_reward=-0.38 buffer=100000'
last_line='step=935000 eps=0.050 ep_reward=-0.38 buffer=100000'
last_line='step=936000 eps=0.050 ep_reward=-0.01 buffer=100000'
last_line='step=936000 eps=0.050 ep_reward=-0.01 buffer=100000'
last_line='step=936000 eps=0.050 ep_reward=-0.01 buffer=100000'
last_line='step=936000 eps=0.050 ep_reward=-0.01 buffer=100000'
last_line='step=937000 eps=0.050 ep_reward=0.41 buffer=100000'
last_line='step=937000 eps=0.050 ep_reward=0.41 buffer=100000'
last_line='step=937000 eps=0.050 ep_reward=0.41 buffer=100000'
last_line='step=937000 eps=0.050 ep_reward=0.41 buffer=100000'
last_line='step=938000 eps=0.050 ep_reward=-10.03 buffer=100000'
last_line='step=938000 eps=0.050 ep_reward=-10.03 buffer=100000'
last_line='step=938000 eps=0.050 ep_reward=-10.03 buffer=100000'
last_line='step=939000 eps=0.050 ep_reward=-0.07 buffer=100000'
last_line='step=939000 eps=0.050 ep_reward=-0.07 buffer=100000'
last_line='step=939000 eps=0.050 ep_reward=-0.07 buffer=100000'
last_line='step=939000 eps=0.050 ep_reward=-0.07 buffer=100000'
last_line='step=940000 eps=0.050 ep_reward=-10.03 buffer=100000'
last_line='step=940000 eps=0.050 ep_reward=-10.03 buffer=100000'
last_line='step=940000 eps=0.050 ep_reward=-10.03 buffer=100000'
last_line='step=940000 eps=0.050 ep_reward=-10.03 buffer=100000'
last_line='step=941000 eps=0.050 ep_reward=-0.25 buffer=100000'
last_line='step=941000 eps=0.050 ep_reward=-0.25 buffer=100000'
last_line='step=941000 eps=0.050 ep_reward=-0.25 buffer=100000'
last_line='step=942000 eps=0.050 ep_reward=-10.03 buffer=100000'
last_line='step=942000 eps=0.050 ep_reward=-10.03 buffer=100000'
last_line='step=942000 eps=0.050 ep_reward=-10.03 buffer=100000'
last_line='step=942000 eps=0.050 ep_reward=-10.03 buffer=100000'
last_line='step=943000 eps=0.050 ep_reward=-0.13 buffer=100000'
last_line='step=943000 eps=0.050 ep_reward=-0.13 buffer=100000'
last_line='step=943000 eps=0.050 ep_reward=-0.13 buffer=100000'
last_line='step=943000 eps=0.050 ep_reward=-0.13 buffer=100000'
last_line='step=944000 eps=0.050 ep_reward=-0.80 buffer=100000'
last_line='step=944000 eps=0.050 ep_reward=-0.80 buffer=100000'
last_line='step=944000 eps=0.050 ep_reward=-0.80 buffer=100000'
last_line='step=945000 eps=0.050 ep_reward=-0.21 buffer=100000'
last_line='step=945000 eps=0.050 ep_reward=-0.21 buffer=100000'
last_line='step=945000 eps=0.050 ep_reward=-0.21 buffer=100000'
last_line='step=945000 eps=0.050 ep_reward=-0.21 buffer=100000'
last_line='step=946000 eps=0.050 ep_reward=-0.21 buffer=100000'
last_line='step=946000 eps=0.050 ep_reward=-0.21 buffer=100000'
last_line='step=946000 eps=0.050 ep_reward=-0.21 buffer=100000'
last_line='step=946000 eps=0.050 ep_reward=-0.21 buffer=100000'
last_line='step=947000 eps=0.050 ep_reward=-0.03 buffer=100000'
last_line='step=947000 eps=0.050 ep_reward=-0.03 buffer=100000'
last_line='step=947000 eps=0.050 ep_reward=-0.03 buffer=100000'
last_line='step=948000 eps=0.050 ep_reward=0.05 buffer=100000'
last_line='step=948000 eps=0.050 ep_reward=0.05 buffer=100000'
last_line='step=948000 eps=0.050 ep_reward=0.05 buffer=100000'
last_line='step=948000 eps=0.050 ep_reward=0.05 buffer=100000'
last_line='step=949000 eps=0.050 ep_reward=-0.05 buffer=100000'
last_line='step=949000 eps=0.050 ep_reward=-0.05 buffer=100000'
last_line='step=949000 eps=0.050 ep_reward=-0.05 buffer=100000'
last_line='step=950000 eps=0.050 ep_reward=-0.38 buffer=100000'
last_line='step=950000 eps=0.050 ep_reward=-0.38 buffer=100000'
last_line='step=950000 eps=0.050 ep_reward=-0.38 buffer=100000'
last_line='step=950000 eps=0.050 ep_reward=-0.38 buffer=100000'
last_line='step=950000 eps=0.050 ep_reward=-0.38 buffer=100000'
last_line='step=950000 eps=0.050 ep_reward=-0.38 buffer=100000'
last_line='step=951000 eps=0.050 ep_reward=-0.03 buffer=100000'
last_line='step=951000 eps=0.050 ep_reward=-0.03 buffer=100000'
last_line='step=951000 eps=0.050 ep_reward=-0.03 buffer=100000'
last_line='step=951000 eps=0.050 ep_reward=-0.03 buffer=100000'
last_line='step=952000 eps=0.050 ep_reward=-0.06 buffer=100000'
last_line='step=952000 eps=0.050 ep_reward=-0.06 buffer=100000'
last_line='step=952000 eps=0.050 ep_reward=-0.06 buffer=100000'
last_line='step=952000 eps=0.050 ep_reward=-0.06 buffer=100000'
last_line='step=953000 eps=0.050 ep_reward=-0.37 buffer=100000'
last_line='step=953000 eps=0.050 ep_reward=-0.37 buffer=100000'
last_line='step=953000 eps=0.050 ep_reward=-0.37 buffer=100000'
last_line='step=954000 eps=0.050 ep_reward=-0.06 buffer=100000'
last_line='step=954000 eps=0.050 ep_reward=-0.06 buffer=100000'
last_line='step=954000 eps=0.050 ep_reward=-0.06 buffer=100000'
last_line='step=954000 eps=0.050 ep_reward=-0.06 buffer=100000'
last_line='step=955000 eps=0.050 ep_reward=-0.50 buffer=100000'
last_line='step=955000 eps=0.050 ep_reward=-0.50 buffer=100000'
last_line='step=955000 eps=0.050 ep_reward=-0.50 buffer=100000'
last_line='step=955000 eps=0.050 ep_reward=-0.50 buffer=100000'
last_line='step=956000 eps=0.050 ep_reward=-0.18 buffer=100000'
last_line='step=956000 eps=0.050 ep_reward=-0.18 buffer=100000'
last_line='step=956000 eps=0.050 ep_reward=-0.18 buffer=100000'
last_line='step=957000 eps=0.050 ep_reward=-0.03 buffer=100000'
last_line='step=957000 eps=0.050 ep_reward=-0.03 buffer=100000'
last_line='step=957000 eps=0.050 ep_reward=-0.03 buffer=100000'
last_line='step=957000 eps=0.050 ep_reward=-0.03 buffer=100000'
last_line='step=958000 eps=0.050 ep_reward=-0.02 buffer=100000'
last_line='step=958000 eps=0.050 ep_reward=-0.02 buffer=100000'
last_line='step=958000 eps=0.050 ep_reward=-0.02 buffer=100000'
last_line='step=959000 eps=0.050 ep_reward=-0.22 buffer=100000'
last_line='step=959000 eps=0.050 ep_reward=-0.22 buffer=100000'
last_line='step=959000 eps=0.050 ep_reward=-0.22 buffer=100000'
last_line='step=959000 eps=0.050 ep_reward=-0.22 buffer=100000'
last_line='step=960000 eps=0.050 ep_reward=-0.05 buffer=100000'
last_line='step=960000 eps=0.050 ep_reward=-0.05 buffer=100000'
last_line='step=960000 eps=0.050 ep_reward=-0.05 buffer=100000'
last_line='step=960000 eps=0.050 ep_reward=-0.05 buffer=100000'
last_line='step=961000 eps=0.050 ep_reward=-0.03 buffer=100000'
last_line='step=961000 eps=0.050 ep_reward=-0.03 buffer=100000'
last_line='step=961000 eps=0.050 ep_reward=-0.03 buffer=100000'
last_line='step=961000 eps=0.050 ep_reward=-0.03 buffer=100000'
last_line='step=962000 eps=0.050 ep_reward=-0.03 buffer=100000'
last_line='step=962000 eps=0.050 ep_reward=-0.03 buffer=100000'
last_line='step=962000 eps=0.050 ep_reward=-0.03 buffer=100000'
last_line='step=963000 eps=0.050 ep_reward=-0.74 buffer=100000'
last_line='step=963000 eps=0.050 ep_reward=-0.74 buffer=100000'
last_line='step=963000 eps=0.050 ep_reward=-0.74 buffer=100000'
last_line='step=963000 eps=0.050 ep_reward=-0.74 buffer=100000'
last_line='step=964000 eps=0.050 ep_reward=-0.17 buffer=100000'
last_line='step=964000 eps=0.050 ep_reward=-0.17 buffer=100000'
last_line='step=964000 eps=0.050 ep_reward=-0.17 buffer=100000'
last_line='step=965000 eps=0.050 ep_reward=-0.44 buffer=100000'
last_line='step=965000 eps=0.050 ep_reward=-0.44 buffer=100000'
last_line='step=965000 eps=0.050 ep_reward=-0.44 buffer=100000'
last_line='step=965000 eps=0.050 ep_reward=-0.44 buffer=100000'
last_line='step=966000 eps=0.050 ep_reward=-0.01 buffer=100000'
last_line='step=966000 eps=0.050 ep_reward=-0.01 buffer=100000'
last_line='step=966000 eps=0.050 ep_reward=-0.01 buffer=100000'
last_line='step=966000 eps=0.050 ep_reward=-0.01 buffer=100000'
last_line='step=967000 eps=0.050 ep_reward=-0.42 buffer=100000'
last_line='step=967000 eps=0.050 ep_reward=-0.42 buffer=100000'
last_line='step=967000 eps=0.050 ep_reward=-0.42 buffer=100000'
last_line='step=968000 eps=0.050 ep_reward=0.39 buffer=100000'
last_line='step=968000 eps=0.050 ep_reward=0.39 buffer=100000'
last_line='step=968000 eps=0.050 ep_reward=0.39 buffer=100000'
last_line='step=968000 eps=0.050 ep_reward=0.39 buffer=100000'
last_line='step=969000 eps=0.050 ep_reward=-0.69 buffer=100000'
last_line='step=969000 eps=0.050 ep_reward=-0.69 buffer=100000'
last_line='step=969000 eps=0.050 ep_reward=-0.69 buffer=100000'
last_line='step=969000 eps=0.050 ep_reward=-0.69 buffer=100000'
last_line='step=970000 eps=0.050 ep_reward=-0.09 buffer=100000'
last_line='step=970000 eps=0.050 ep_reward=-0.09 buffer=100000'
last_line='step=970000 eps=0.050 ep_reward=-0.09 buffer=100000'
last_line='step=970000 eps=0.050 ep_reward=-0.09 buffer=100000'
last_line='step=971000 eps=0.050 ep_reward=-0.07 buffer=100000'
last_line='step=971000 eps=0.050 ep_reward=-0.07 buffer=100000'
last_line='step=971000 eps=0.050 ep_reward=-0.07 buffer=100000'
last_line='step=972000 eps=0.050 ep_reward=-0.30 buffer=100000'
last_line='step=972000 eps=0.050 ep_reward=-0.30 buffer=100000'
last_line='step=972000 eps=0.050 ep_reward=-0.30 buffer=100000'
last_line='step=972000 eps=0.050 ep_reward=-0.30 buffer=100000'
last_line='step=973000 eps=0.050 ep_reward=-0.02 buffer=100000'
last_line='step=973000 eps=0.050 ep_reward=-0.02 buffer=100000'
last_line='step=973000 eps=0.050 ep_reward=-0.02 buffer=100000'
last_line='step=974000 eps=0.050 ep_reward=-0.23 buffer=100000'
last_line='step=974000 eps=0.050 ep_reward=-0.23 buffer=100000'
last_line='step=974000 eps=0.050 ep_reward=-0.23 buffer=100000'
last_line='step=974000 eps=0.050 ep_reward=-0.23 buffer=100000'
last_line='step=975000 eps=0.050 ep_reward=-0.02 buffer=100000'
last_line='step=975000 eps=0.050 ep_reward=-0.02 buffer=100000'
last_line='step=975000 eps=0.050 ep_reward=-0.02 buffer=100000'
last_line='step=975000 eps=0.050 ep_reward=-0.02 buffer=100000'
last_line='step=976000 eps=0.050 ep_reward=-0.46 buffer=100000'
last_line='step=976000 eps=0.050 ep_reward=-0.46 buffer=100000'
last_line='step=976000 eps=0.050 ep_reward=-0.46 buffer=100000'
last_line='step=977000 eps=0.050 ep_reward=-1.04 buffer=100000'
last_line='step=977000 eps=0.050 ep_reward=-1.04 buffer=100000'
last_line='step=977000 eps=0.050 ep_reward=-1.04 buffer=100000'
last_line='step=977000 eps=0.050 ep_reward=-1.04 buffer=100000'
last_line='step=978000 eps=0.050 ep_reward=-0.01 buffer=100000'
last_line='step=978000 eps=0.050 ep_reward=-0.01 buffer=100000'
last_line='step=978000 eps=0.050 ep_reward=-0.01 buffer=100000'
last_line='step=978000 eps=0.050 ep_reward=-0.01 buffer=100000'
last_line='step=979000 eps=0.050 ep_reward=-0.27 buffer=100000'
last_line='step=979000 eps=0.050 ep_reward=-0.27 buffer=100000'
last_line='step=979000 eps=0.050 ep_reward=-0.27 buffer=100000'
last_line='step=980000 eps=0.050 ep_reward=-0.02 buffer=100000'
last_line='step=980000 eps=0.050 ep_reward=-0.02 buffer=100000'
last_line='step=980000 eps=0.050 ep_reward=-0.02 buffer=100000'
last_line='step=980000 eps=0.050 ep_reward=-0.02 buffer=100000'
last_line='step=981000 eps=0.050 ep_reward=-1.17 buffer=100000'
last_line='step=981000 eps=0.050 ep_reward=-1.17 buffer=100000'
last_line='step=981000 eps=0.050 ep_reward=-1.17 buffer=100000'
last_line='step=981000 eps=0.050 ep_reward=-1.17 buffer=100000'
last_line='step=982000 eps=0.050 ep_reward=-10.39 buffer=100000'
last_line='step=982000 eps=0.050 ep_reward=-10.39 buffer=100000'
last_line='step=982000 eps=0.050 ep_reward=-10.39 buffer=100000'
last_line='step=983000 eps=0.050 ep_reward=-0.69 buffer=100000'
last_line='step=983000 eps=0.050 ep_reward=-0.69 buffer=100000'
last_line='step=983000 eps=0.050 ep_reward=-0.69 buffer=100000'
last_line='step=983000 eps=0.050 ep_reward=-0.69 buffer=100000'
last_line='step=984000 eps=0.050 ep_reward=-0.04 buffer=100000'
last_line='step=984000 eps=0.050 ep_reward=-0.04 buffer=100000'
last_line='step=984000 eps=0.050 ep_reward=-0.04 buffer=100000'
last_line='step=985000 eps=0.050 ep_reward=-0.03 buffer=100000'
last_line='step=985000 eps=0.050 ep_reward=-0.03 buffer=100000'
last_line='step=985000 eps=0.050 ep_reward=-0.03 buffer=100000'
last_line='step=985000 eps=0.050 ep_reward=-0.03 buffer=100000'
last_line='step=986000 eps=0.050 ep_reward=-10.03 buffer=100000'
last_line='step=986000 eps=0.050 ep_reward=-10.03 buffer=100000'
last_line='step=986000 eps=0.050 ep_reward=-10.03 buffer=100000'
last_line='step=986000 eps=0.050 ep_reward=-10.03 buffer=100000'
last_line='step=987000 eps=0.050 ep_reward=-0.16 buffer=100000'
last_line='step=987000 eps=0.050 ep_reward=-0.16 buffer=100000'
last_line='step=987000 eps=0.050 ep_reward=-0.16 buffer=100000'
last_line='step=987000 eps=0.050 ep_reward=-0.16 buffer=100000'
last_line='step=988000 eps=0.050 ep_reward=-10.07 buffer=100000'
last_line='step=988000 eps=0.050 ep_reward=-10.07 buffer=100000'
last_line='step=988000 eps=0.050 ep_reward=-10.07 buffer=100000'
last_line='step=989000 eps=0.050 ep_reward=-0.48 buffer=100000'
last_line='step=989000 eps=0.050 ep_reward=-0.48 buffer=100000'
last_line='step=989000 eps=0.050 ep_reward=-0.48 buffer=100000'
last_line='step=989000 eps=0.050 ep_reward=-0.48 buffer=100000'
last_line='step=990000 eps=0.050 ep_reward=-0.40 buffer=100000'
last_line='step=990000 eps=0.050 ep_reward=-0.40 buffer=100000'
last_line='step=990000 eps=0.050 ep_reward=-0.40 buffer=100000'
last_line='step=990000 eps=0.050 ep_reward=-0.40 buffer=100000'
last_line='step=991000 eps=0.050 ep_reward=-0.18 buffer=100000'
last_line='step=991000 eps=0.050 ep_reward=-0.18 buffer=100000'
last_line='step=991000 eps=0.050 ep_reward=-0.18 buffer=100000'
last_line='step=992000 eps=0.050 ep_reward=-0.04 buffer=100000'
last_line='step=992000 eps=0.050 ep_reward=-0.04 buffer=100000'
last_line='step=992000 eps=0.050 ep_reward=-0.04 buffer=100000'
last_line='step=992000 eps=0.050 ep_reward=-0.04 buffer=100000'
last_line='step=993000 eps=0.050 ep_reward=-0.24 buffer=100000'
last_line='step=993000 eps=0.050 ep_reward=-0.24 buffer=100000'
last_line='step=993000 eps=0.050 ep_reward=-0.24 buffer=100000'
last_line='step=994000 eps=0.050 ep_reward=-0.27 buffer=100000'
last_line='step=994000 eps=0.050 ep_reward=-0.27 buffer=100000'
last_line='step=994000 eps=0.050 ep_reward=-0.27 buffer=100000'
last_line='step=994000 eps=0.050 ep_reward=-0.27 buffer=100000'
last_line='step=995000 eps=0.050 ep_reward=-10.06 buffer=100000'
last_line='step=995000 eps=0.050 ep_reward=-10.06 buffer=100000'
last_line='step=995000 eps=0.050 ep_reward=-10.06 buffer=100000'
last_line='step=995000 eps=0.050 ep_reward=-10.06 buffer=100000'
last_line='step=996000 eps=0.050 ep_reward=-0.46 buffer=100000'
last_line='step=996000 eps=0.050 ep_reward=-0.46 buffer=100000'
last_line='step=996000 eps=0.050 ep_reward=-0.46 buffer=100000'
last_line='step=996000 eps=0.050 ep_reward=-0.46 buffer=100000'
last_line='step=997000 eps=0.050 ep_reward=-10.06 buffer=100000'
last_line='step=997000 eps=0.050 ep_reward=-10.06 buffer=100000'
last_line='step=997000 eps=0.050 ep_reward=-10.06 buffer=100000'
last_line='step=998000 eps=0.050 ep_reward=-0.42 buffer=100000'
last_line='step=998000 eps=0.050 ep_reward=-0.42 buffer=100000'
last_line='step=998000 eps=0.050 ep_reward=-0.42 buffer=100000'
last_line='step=998000 eps=0.050 ep_reward=-0.42 buffer=100000'
last_line='step=999000 eps=0.050 ep_reward=-0.51 buffer=100000'
last_line='step=999000 eps=0.050 ep_reward=-0.51 buffer=100000'
last_line='step=999000 eps=0.050 ep_reward=-0.51 buffer=100000'
last_line='step=999000 eps=0.050 ep_reward=-0.51 buffer=100000'
last_line='step=1000000 eps=0.050 ep_reward=-0.06 buffer=100000'
last_line='step=1000000 eps=0.050 ep_reward=-0.06 buffer=100000'
last_line='step=1000000 eps=0.050 ep_reward=-0.06 buffer=100000'
last_line='step=1000000 eps=0.050 ep_reward=-0.06 buffer=100000'
last_line='step=1000000 eps=0.050 ep_reward=-0.06 buffer=100000'
last_line='step=1000000 eps=0.050 ep_reward=-0.06 buffer=100000'
last_line='step=1001000 eps=0.050 ep_reward=-0.13 buffer=100000'
last_line='step=1001000 eps=0.050 ep_reward=-0.13 buffer=100000'
last_line='step=1001000 eps=0.050 ep_reward=-0.13 buffer=100000'
last_line='step=1002000 eps=0.050 ep_reward=0.39 buffer=100000'
last_line='step=1002000 eps=0.050 ep_reward=0.39 buffer=100000'
last_line='step=1002000 eps=0.050 ep_reward=0.39 buffer=100000'
last_line='step=1002000 eps=0.050 ep_reward=0.39 buffer=100000'
last_line='step=1003000 eps=0.050 ep_reward=-0.07 buffer=100000'
last_line='step=1003000 eps=0.050 ep_reward=-0.07 buffer=100000'
last_line='step=1003000 eps=0.050 ep_reward=-0.07 buffer=100000'
last_line='step=1004000 eps=0.050 ep_reward=-0.66 buffer=100000'
last_line='step=1004000 eps=0.050 ep_reward=-0.66 buffer=100000'
last_line='step=1004000 eps=0.050 ep_reward=-0.66 buffer=100000'
last_line='step=1004000 eps=0.050 ep_reward=-0.66 buffer=100000'
last_line='step=1005000 eps=0.050 ep_reward=-0.02 buffer=100000'
last_line='step=1005000 eps=0.050 ep_reward=-0.02 buffer=100000'
last_line='step=1005000 eps=0.050 ep_reward=-0.02 buffer=100000'
last_line='step=1005000 eps=0.050 ep_reward=-0.02 buffer=100000'
last_line='step=1006000 eps=0.050 ep_reward=-1.01 buffer=100000'
last_line='step=1006000 eps=0.050 ep_reward=-1.01 buffer=100000'
last_line='step=1006000 eps=0.050 ep_reward=-1.01 buffer=100000'
last_line='step=1007000 eps=0.050 ep_reward=-0.44 buffer=100000'
last_line='step=1007000 eps=0.050 ep_reward=-0.44 buffer=100000'
last_line='step=1007000 eps=0.050 ep_reward=-0.44 buffer=100000'
last_line='step=1007000 eps=0.050 ep_reward=-0.44 buffer=100000'
last_line='step=1008000 eps=0.050 ep_reward=-0.88 buffer=100000'
last_line='step=1008000 eps=0.050 ep_reward=-0.88 buffer=100000'
last_line='step=1008000 eps=0.050 ep_reward=-0.88 buffer=100000'
last_line='step=1008000 eps=0.050 ep_reward=-0.88 buffer=100000'
last_line='step=1009000 eps=0.050 ep_reward=0.01 buffer=100000'
last_line='step=1009000 eps=0.050 ep_reward=0.01 buffer=100000'
last_line='step=1009000 eps=0.050 ep_reward=0.01 buffer=100000'
last_line='step=1010000 eps=0.050 ep_reward=-0.30 buffer=100000'
last_line='step=1010000 eps=0.050 ep_reward=-0.30 buffer=100000'
last_line='step=1010000 eps=0.050 ep_reward=-0.30 buffer=100000'
last_line='step=1010000 eps=0.050 ep_reward=-0.30 buffer=100000'
last_line='step=1011000 eps=0.050 ep_reward=-0.65 buffer=100000'
last_line='step=1011000 eps=0.050 ep_reward=-0.65 buffer=100000'
last_line='step=1011000 eps=0.050 ep_reward=-0.65 buffer=100000'
last_line='step=1011000 eps=0.050 ep_reward=-0.65 buffer=100000'
last_line='step=1012000 eps=0.050 ep_reward=-0.42 buffer=100000'
last_line='step=1012000 eps=0.050 ep_reward=-0.42 buffer=100000'
last_line='step=1012000 eps=0.050 ep_reward=-0.42 buffer=100000'
last_line='step=1013000 eps=0.050 ep_reward=-0.01 buffer=100000'
last_line='step=1013000 eps=0.050 ep_reward=-0.01 buffer=100000'
last_line='step=1013000 eps=0.050 ep_reward=-0.01 buffer=100000'
last_line='step=1013000 eps=0.050 ep_reward=-0.01 buffer=100000'
last_line='step=1014000 eps=0.050 ep_reward=-10.04 buffer=100000'
last_line='step=1014000 eps=0.050 ep_reward=-10.04 buffer=100000'
last_line='step=1014000 eps=0.050 ep_reward=-10.04 buffer=100000'
last_line='step=1015000 eps=0.050 ep_reward=-10.04 buffer=100000'
last_line='step=1015000 eps=0.050 ep_reward=-10.04 buffer=100000'
last_line='step=1015000 eps=0.050 ep_reward=-10.04 buffer=100000'
last_line='step=1015000 eps=0.050 ep_reward=-10.04 buffer=100000'
last_line='step=1015000 eps=0.050 ep_reward=-10.04 buffer=100000'
last_line='step=1016000 eps=0.050 ep_reward=-0.40 buffer=100000'
last_line='step=1016000 eps=0.050 ep_reward=-0.40 buffer=100000'
last_line='step=1016000 eps=0.050 ep_reward=-0.40 buffer=100000'
last_line='step=1017000 eps=0.050 ep_reward=-0.09 buffer=100000'
last_line='step=1017000 eps=0.050 ep_reward=-0.09 buffer=100000'
last_line='step=1017000 eps=0.050 ep_reward=-0.09 buffer=100000'
last_line='step=1017000 eps=0.050 ep_reward=-0.09 buffer=100000'
last_line='step=1018000 eps=0.050 ep_reward=-0.02 buffer=100000'
last_line='step=1018000 eps=0.050 ep_reward=-0.02 buffer=100000'
last_line='step=1018000 eps=0.050 ep_reward=-0.02 buffer=100000'
last_line='step=1019000 eps=0.050 ep_reward=-0.04 buffer=100000'
last_line='step=1019000 eps=0.050 ep_reward=-0.04 buffer=100000'
last_line='step=1019000 eps=0.050 ep_reward=-0.04 buffer=100000'
last_line='step=1019000 eps=0.050 ep_reward=-0.04 buffer=100000'
last_line='step=1020000 eps=0.050 ep_reward=-0.03 buffer=100000'
last_line='step=1020000 eps=0.050 ep_reward=-0.03 buffer=100000'
last_line='step=1020000 eps=0.050 ep_reward=-0.03 buffer=100000'
last_line='step=1020000 eps=0.050 ep_reward=-0.03 buffer=100000'
last_line='step=1021000 eps=0.050 ep_reward=-0.02 buffer=100000'
last_line='step=1021000 eps=0.050 ep_reward=-0.02 buffer=100000'
last_line='step=1021000 eps=0.050 ep_reward=-0.02 buffer=100000'
last_line='step=1022000 eps=0.050 ep_reward=-0.05 buffer=100000'
last_line='step=1022000 eps=0.050 ep_reward=-0.05 buffer=100000'
last_line='step=1022000 eps=0.050 ep_reward=-0.05 buffer=100000'
last_line='step=1022000 eps=0.050 ep_reward=-0.05 buffer=100000'
last_line='step=1023000 eps=0.050 ep_reward=-0.11 buffer=100000'
last_line='step=1023000 eps=0.050 ep_reward=-0.11 buffer=100000'
last_line='step=1023000 eps=0.050 ep_reward=-0.11 buffer=100000'
last_line='step=1023000 eps=0.050 ep_reward=-0.11 buffer=100000'
last_line='step=1024000 eps=0.050 ep_reward=-0.62 buffer=100000'
last_line='step=1024000 eps=0.050 ep_reward=-0.62 buffer=100000'
last_line='step=1024000 eps=0.050 ep_reward=-0.62 buffer=100000'
last_line='step=1025000 eps=0.050 ep_reward=0.07 buffer=100000'
last_line='step=1025000 eps=0.050 ep_reward=0.07 buffer=100000'
last_line='step=1025000 eps=0.050 ep_reward=0.07 buffer=100000'
last_line='step=1025000 eps=0.050 ep_reward=0.07 buffer=100000'
last_line='step=1026000 eps=0.050 ep_reward=-0.74 buffer=100000'
last_line='step=1026000 eps=0.050 ep_reward=-0.74 buffer=100000'
last_line='step=1026000 eps=0.050 ep_reward=-0.74 buffer=100000'
last_line='step=1026000 eps=0.050 ep_reward=-0.74 buffer=100000'
last_line='step=1027000 eps=0.050 ep_reward=-0.24 buffer=100000'
last_line='step=1027000 eps=0.050 ep_reward=-0.24 buffer=100000'
last_line='step=1027000 eps=0.050 ep_reward=-0.24 buffer=100000'
last_line='step=1028000 eps=0.050 ep_reward=-0.04 buffer=100000'
last_line='step=1028000 eps=0.050 ep_reward=-0.04 buffer=100000'
last_line='step=1028000 eps=0.050 ep_reward=-0.04 buffer=100000'
last_line='step=1028000 eps=0.050 ep_reward=-0.04 buffer=100000'
last_line='step=1029000 eps=0.050 ep_reward=-0.41 buffer=100000'
last_line='step=1029000 eps=0.050 ep_reward=-0.41 buffer=100000'
last_line='step=1029000 eps=0.050 ep_reward=-0.41 buffer=100000'
last_line='step=1029000 eps=0.050 ep_reward=-0.41 buffer=100000'
last_line='step=1030000 eps=0.050 ep_reward=-0.04 buffer=100000'
last_line='step=1030000 eps=0.050 ep_reward=-0.04 buffer=100000'
last_line='step=1030000 eps=0.050 ep_reward=-0.04 buffer=100000'
last_line='step=1031000 eps=0.050 ep_reward=-0.15 buffer=100000'
last_line='step=1031000 eps=0.050 ep_reward=-0.15 buffer=100000'
last_line='step=1031000 eps=0.050 ep_reward=-0.15 buffer=100000'
last_line='step=1031000 eps=0.050 ep_reward=-0.15 buffer=100000'
last_line='step=1032000 eps=0.050 ep_reward=-0.20 buffer=100000'
last_line='step=1032000 eps=0.050 ep_reward=-0.20 buffer=100000'
last_line='step=1032000 eps=0.050 ep_reward=-0.20 buffer=100000'
last_line='step=1032000 eps=0.050 ep_reward=-0.20 buffer=100000'
last_line='step=1033000 eps=0.050 ep_reward=-0.03 buffer=100000'
last_line='step=1033000 eps=0.050 ep_reward=-0.03 buffer=100000'
last_line='step=1033000 eps=0.050 ep_reward=-0.03 buffer=100000'
last_line='step=1034000 eps=0.050 ep_reward=-0.08 buffer=100000'
last_line='step=1034000 eps=0.050 ep_reward=-0.08 buffer=100000'
last_line='step=1034000 eps=0.050 ep_reward=-0.08 buffer=100000'
last_line='step=1034000 eps=0.050 ep_reward=-0.08 buffer=100000'
last_line='step=1035000 eps=0.050 ep_reward=-0.17 buffer=100000'
last_line='step=1035000 eps=0.050 ep_reward=-0.17 buffer=100000'
last_line='step=1035000 eps=0.050 ep_reward=-0.17 buffer=100000'
last_line='step=1035000 eps=0.050 ep_reward=-0.17 buffer=100000'
last_line='step=1036000 eps=0.050 ep_reward=-0.48 buffer=100000'
last_line='step=1036000 eps=0.050 ep_reward=-0.48 buffer=100000'
last_line='step=1036000 eps=0.050 ep_reward=-0.48 buffer=100000'
last_line='step=1037000 eps=0.050 ep_reward=-0.05 buffer=100000'
last_line='step=1037000 eps=0.050 ep_reward=-0.05 buffer=100000'
last_line='step=1037000 eps=0.050 ep_reward=-0.05 buffer=100000'
last_line='step=1037000 eps=0.050 ep_reward=-0.05 buffer=100000'
last_line='step=1038000 eps=0.050 ep_reward=-0.21 buffer=100000'
last_line='step=1038000 eps=0.050 ep_reward=-0.21 buffer=100000'
last_line='step=1038000 eps=0.050 ep_reward=-0.21 buffer=100000'
last_line='step=1039000 eps=0.050 ep_reward=-0.72 buffer=100000'
last_line='step=1039000 eps=0.050 ep_reward=-0.72 buffer=100000'
last_line='step=1039000 eps=0.050 ep_reward=-0.72 buffer=100000'
last_line='step=1039000 eps=0.050 ep_reward=-0.72 buffer=100000'
last_line='step=1040000 eps=0.050 ep_reward=-0.02 buffer=100000'
last_line='step=1040000 eps=0.050 ep_reward=-0.02 buffer=100000'
last_line='step=1040000 eps=0.050 ep_reward=-0.02 buffer=100000'
last_line='step=1040000 eps=0.050 ep_reward=-0.02 buffer=100000'
last_line='step=1041000 eps=0.050 ep_reward=-0.02 buffer=100000'
last_line='step=1041000 eps=0.050 ep_reward=-0.02 buffer=100000'
last_line='step=1041000 eps=0.050 ep_reward=-0.02 buffer=100000'
last_line='step=1042000 eps=0.050 ep_reward=-0.18 buffer=100000'
last_line='step=1042000 eps=0.050 ep_reward=-0.18 buffer=100000'
last_line='step=1042000 eps=0.050 ep_reward=-0.18 buffer=100000'
last_line='step=1042000 eps=0.050 ep_reward=-0.18 buffer=100000'
last_line='step=1043000 eps=0.050 ep_reward=-0.22 buffer=100000'
last_line='step=1043000 eps=0.050 ep_reward=-0.22 buffer=100000'
last_line='step=1043000 eps=0.050 ep_reward=-0.22 buffer=100000'
last_line='step=1043000 eps=0.050 ep_reward=-0.22 buffer=100000'
last_line='step=1044000 eps=0.050 ep_reward=-0.16 buffer=100000'
last_line='step=1044000 eps=0.050 ep_reward=-0.16 buffer=100000'
last_line='step=1044000 eps=0.050 ep_reward=-0.16 buffer=100000'
last_line='step=1045000 eps=0.050 ep_reward=-0.01 buffer=100000'
last_line='step=1045000 eps=0.050 ep_reward=-0.01 buffer=100000'
last_line='step=1045000 eps=0.050 ep_reward=-0.01 buffer=100000'
last_line='step=1045000 eps=0.050 ep_reward=-0.01 buffer=100000'
last_line='step=1046000 eps=0.050 ep_reward=-0.03 buffer=100000'
last_line='step=1046000 eps=0.050 ep_reward=-0.03 buffer=100000'
last_line='step=1046000 eps=0.050 ep_reward=-0.03 buffer=100000'
last_line='step=1046000 eps=0.050 ep_reward=-0.03 buffer=100000'
last_line='step=1047000 eps=0.050 ep_reward=0.37 buffer=100000'
last_line='step=1047000 eps=0.050 ep_reward=0.37 buffer=100000'
last_line='step=1047000 eps=0.050 ep_reward=0.37 buffer=100000'
last_line='step=1048000 eps=0.050 ep_reward=0.22 buffer=100000'
last_line='step=1048000 eps=0.050 ep_reward=0.22 buffer=100000'
last_line='step=1048000 eps=0.050 ep_reward=0.22 buffer=100000'
last_line='step=1048000 eps=0.050 ep_reward=0.22 buffer=100000'
last_line='step=1049000 eps=0.050 ep_reward=-0.02 buffer=100000'
last_line='step=1049000 eps=0.050 ep_reward=-0.02 buffer=100000'
last_line='step=1049000 eps=0.050 ep_reward=-0.02 buffer=100000'
last_line='step=1050000 eps=0.050 ep_reward=-9.94 buffer=100000'
last_line='step=1050000 eps=0.050 ep_reward=-9.94 buffer=100000'
last_line='step=1050000 eps=0.050 ep_reward=-9.94 buffer=100000'
last_line='step=1050000 eps=0.050 ep_reward=-9.94 buffer=100000'
last_line='step=1050000 eps=0.050 ep_reward=-9.94 buffer=100000'
last_line='step=1050000 eps=0.050 ep_reward=-9.94 buffer=100000'
last_line='step=1051000 eps=0.050 ep_reward=-0.02 buffer=100000'
last_line='step=1051000 eps=0.050 ep_reward=-0.02 buffer=100000'
last_line='step=1051000 eps=0.050 ep_reward=-0.02 buffer=100000'
last_line='step=1051000 eps=0.050 ep_reward=-0.02 buffer=100000'
last_line='step=1052000 eps=0.050 ep_reward=-0.42 buffer=100000'
last_line='step=1052000 eps=0.050 ep_reward=-0.42 buffer=100000'
last_line='step=1052000 eps=0.050 ep_reward=-0.42 buffer=100000'
last_line='step=1053000 eps=0.050 ep_reward=-0.01 buffer=100000'
last_line='step=1053000 eps=0.050 ep_reward=-0.01 buffer=100000'
last_line='step=1053000 eps=0.050 ep_reward=-0.01 buffer=100000'
last_line='step=1053000 eps=0.050 ep_reward=-0.01 buffer=100000'
last_line='step=1054000 eps=0.050 ep_reward=-0.37 buffer=100000'
last_line='step=1054000 eps=0.050 ep_reward=-0.37 buffer=100000'
last_line='step=1054000 eps=0.050 ep_reward=-0.37 buffer=100000'
last_line='step=1055000 eps=0.050 ep_reward=-10.03 buffer=100000'
last_line='step=1055000 eps=0.050 ep_reward=-10.03 buffer=100000'
last_line='step=1055000 eps=0.050 ep_reward=-10.03 buffer=100000'
last_line='step=1055000 eps=0.050 ep_reward=-10.03 buffer=100000'
last_line='step=1056000 eps=0.050 ep_reward=-0.01 buffer=100000'
last_line='step=1056000 eps=0.050 ep_reward=-0.01 buffer=100000'
last_line='step=1056000 eps=0.050 ep_reward=-0.01 buffer=100000'
last_line='step=1056000 eps=0.050 ep_reward=-0.01 buffer=100000'
last_line='step=1057000 eps=0.050 ep_reward=-10.04 buffer=100000'
last_line='step=1057000 eps=0.050 ep_reward=-10.04 buffer=100000'
last_line='step=1057000 eps=0.050 ep_reward=-10.04 buffer=100000'
last_line='step=1057000 eps=0.050 ep_reward=-10.04 buffer=100000'
last_line='step=1058000 eps=0.050 ep_reward=-0.29 buffer=100000'
last_line='step=1058000 eps=0.050 ep_reward=-0.29 buffer=100000'
last_line='step=1058000 eps=0.050 ep_reward=-0.29 buffer=100000'
last_line='step=1059000 eps=0.050 ep_reward=-0.03 buffer=100000'
last_line='step=1059000 eps=0.050 ep_reward=-0.03 buffer=100000'
last_line='step=1059000 eps=0.050 ep_reward=-0.03 buffer=100000'
last_line='step=1059000 eps=0.050 ep_reward=-0.03 buffer=100000'
last_line='step=1060000 eps=0.050 ep_reward=-10.03 buffer=100000'
last_line='step=1060000 eps=0.050 ep_reward=-10.03 buffer=100000'
last_line='step=1060000 eps=0.050 ep_reward=-10.03 buffer=100000'
last_line='step=1060000 eps=0.050 ep_reward=-10.03 buffer=100000'
last_line='step=1061000 eps=0.050 ep_reward=-0.01 buffer=100000'
last_line='step=1061000 eps=0.050 ep_reward=-0.01 buffer=100000'
last_line='step=1061000 eps=0.050 ep_reward=-0.01 buffer=100000'
last_line='step=1061000 eps=0.050 ep_reward=-0.01 buffer=100000'
last_line='step=1062000 eps=0.050 ep_reward=-10.20 buffer=100000'
last_line='step=1062000 eps=0.050 ep_reward=-10.20 buffer=100000'
last_line='step=1062000 eps=0.050 ep_reward=-10.20 buffer=100000'
last_line='step=1063000 eps=0.050 ep_reward=0.19 buffer=100000'
last_line='step=1063000 eps=0.050 ep_reward=0.19 buffer=100000'
last_line='step=1063000 eps=0.050 ep_reward=0.19 buffer=100000'
last_line='step=1063000 eps=0.050 ep_reward=0.19 buffer=100000'
last_line='step=1064000 eps=0.050 ep_reward=-0.06 buffer=100000'
last_line='step=1064000 eps=0.050 ep_reward=-0.06 buffer=100000'
last_line='step=1064000 eps=0.050 ep_reward=-0.06 buffer=100000'
last_line='step=1065000 eps=0.050 ep_reward=-0.24 buffer=100000'
last_line='step=1065000 eps=0.050 ep_reward=-0.24 buffer=100000'
last_line='step=1065000 eps=0.050 ep_reward=-0.24 buffer=100000'
last_line='step=1065000 eps=0.050 ep_reward=-0.24 buffer=100000'
last_line='step=1066000 eps=0.050 ep_reward=-0.10 buffer=100000'
last_line='step=1066000 eps=0.050 ep_reward=-0.10 buffer=100000'
last_line='step=1066000 eps=0.050 ep_reward=-0.10 buffer=100000'
last_line='step=1066000 eps=0.050 ep_reward=-0.10 buffer=100000'
last_line='step=1067000 eps=0.050 ep_reward=0.23 buffer=100000'
last_line='step=1067000 eps=0.050 ep_reward=0.23 buffer=100000'
last_line='step=1067000 eps=0.050 ep_reward=0.23 buffer=100000'
last_line='step=1067000 eps=0.050 ep_reward=0.23 buffer=100000'
last_line='step=1068000 eps=0.050 ep_reward=-0.24 buffer=100000'
last_line='step=1068000 eps=0.050 ep_reward=-0.24 buffer=100000'
last_line='step=1068000 eps=0.050 ep_reward=-0.24 buffer=100000'
last_line='step=1069000 eps=0.050 ep_reward=0.35 buffer=100000'
last_line='step=1069000 eps=0.050 ep_reward=0.35 buffer=100000'
last_line='step=1069000 eps=0.050 ep_reward=0.35 buffer=100000'
last_line='step=1069000 eps=0.050 ep_reward=0.35 buffer=100000'
last_line='step=1070000 eps=0.050 ep_reward=-0.24 buffer=100000'
last_line='step=1070000 eps=0.050 ep_reward=-0.24 buffer=100000'
last_line='step=1070000 eps=0.050 ep_reward=-0.24 buffer=100000'
last_line='step=1070000 eps=0.050 ep_reward=-0.24 buffer=100000'
last_line='step=1071000 eps=0.050 ep_reward=-0.03 buffer=100000'
last_line='step=1071000 eps=0.050 ep_reward=-0.03 buffer=100000'
last_line='step=1071000 eps=0.050 ep_reward=-0.03 buffer=100000'
last_line='step=1072000 eps=0.050 ep_reward=-0.03 buffer=100000'
last_line='step=1072000 eps=0.050 ep_reward=-0.03 buffer=100000'
last_line='step=1072000 eps=0.050 ep_reward=-0.03 buffer=100000'
last_line='step=1072000 eps=0.050 ep_reward=-0.03 buffer=100000'
last_line='step=1073000 eps=0.050 ep_reward=0.34 buffer=100000'
last_line='step=1073000 eps=0.050 ep_reward=0.34 buffer=100000'
last_line='step=1073000 eps=0.050 ep_reward=0.34 buffer=100000'
last_line='step=1074000 eps=0.050 ep_reward=-0.04 buffer=100000'
last_line='step=1074000 eps=0.050 ep_reward=-0.04 buffer=100000'
last_line='step=1074000 eps=0.050 ep_reward=-0.04 buffer=100000'
last_line='step=1074000 eps=0.050 ep_reward=-0.04 buffer=100000'
last_line='step=1075000 eps=0.050 ep_reward=-0.20 buffer=100000'
last_line='step=1075000 eps=0.050 ep_reward=-0.20 buffer=100000'
last_line='step=1075000 eps=0.050 ep_reward=-0.20 buffer=100000'
last_line='step=1075000 eps=0.050 ep_reward=-0.20 buffer=100000'
last_line='step=1076000 eps=0.050 ep_reward=-0.76 buffer=100000'
last_line='step=1076000 eps=0.050 ep_reward=-0.76 buffer=100000'
last_line='step=1076000 eps=0.050 ep_reward=-0.76 buffer=100000'
last_line='step=1076000 eps=0.050 ep_reward=-0.76 buffer=100000'
last_line='step=1077000 eps=0.050 ep_reward=-0.14 buffer=100000'
last_line='step=1077000 eps=0.050 ep_reward=-0.14 buffer=100000'
last_line='step=1077000 eps=0.050 ep_reward=-0.14 buffer=100000'
last_line='step=1078000 eps=0.050 ep_reward=-0.18 buffer=100000'
last_line='step=1078000 eps=0.050 ep_reward=-0.18 buffer=100000'
last_line='step=1078000 eps=0.050 ep_reward=-0.18 buffer=100000'
last_line='step=1078000 eps=0.050 ep_reward=-0.18 buffer=100000'
last_line='step=1079000 eps=0.050 ep_reward=-0.05 buffer=100000'
last_line='step=1079000 eps=0.050 ep_reward=-0.05 buffer=100000'
last_line='step=1079000 eps=0.050 ep_reward=-0.05 buffer=100000'
last_line='step=1080000 eps=0.050 ep_reward=-0.71 buffer=100000'
last_line='step=1080000 eps=0.050 ep_reward=-0.71 buffer=100000'
last_line='step=1080000 eps=0.050 ep_reward=-0.71 buffer=100000'
last_line='step=1080000 eps=0.050 ep_reward=-0.71 buffer=100000'
last_line='step=1081000 eps=0.050 ep_reward=-0.01 buffer=100000'
last_line='step=1081000 eps=0.050 ep_reward=-0.01 buffer=100000'
last_line='step=1081000 eps=0.050 ep_reward=-0.01 buffer=100000'
last_line='step=1081000 eps=0.050 ep_reward=-0.01 buffer=100000'
last_line='step=1082000 eps=0.050 ep_reward=-0.60 buffer=100000'
last_line='step=1082000 eps=0.050 ep_reward=-0.60 buffer=100000'
last_line='step=1082000 eps=0.050 ep_reward=-0.60 buffer=100000'
last_line='step=1083000 eps=0.050 ep_reward=-0.38 buffer=100000'
last_line='step=1083000 eps=0.050 ep_reward=-0.38 buffer=100000'
last_line='step=1083000 eps=0.050 ep_reward=-0.38 buffer=100000'
last_line='step=1083000 eps=0.050 ep_reward=-0.38 buffer=100000'
last_line='step=1084000 eps=0.050 ep_reward=-0.54 buffer=100000'
last_line='step=1084000 eps=0.050 ep_reward=-0.54 buffer=100000'
last_line='step=1084000 eps=0.050 ep_reward=-0.54 buffer=100000'
last_line='step=1085000 eps=0.050 ep_reward=-0.16 buffer=100000'
last_line='step=1085000 eps=0.050 ep_reward=-0.16 buffer=100000'
last_line='step=1085000 eps=0.050 ep_reward=-0.16 buffer=100000'
last_line='step=1085000 eps=0.050 ep_reward=-0.16 buffer=100000'
last_line='step=1086000 eps=0.050 ep_reward=-0.30 buffer=100000'
last_line='step=1086000 eps=0.050 ep_reward=-0.30 buffer=100000'
last_line='step=1086000 eps=0.050 ep_reward=-0.30 buffer=100000'
last_line='step=1086000 eps=0.050 ep_reward=-0.30 buffer=100000'
last_line='step=1087000 eps=0.050 ep_reward=-0.17 buffer=100000'
last_line='step=1087000 eps=0.050 ep_reward=-0.17 buffer=100000'
last_line='step=1087000 eps=0.050 ep_reward=-0.17 buffer=100000'
last_line='step=1087000 eps=0.050 ep_reward=-0.17 buffer=100000'
last_line='step=1088000 eps=0.050 ep_reward=-0.21 buffer=100000'
last_line='step=1088000 eps=0.050 ep_reward=-0.21 buffer=100000'
last_line='step=1088000 eps=0.050 ep_reward=-0.21 buffer=100000'
last_line='step=1089000 eps=0.050 ep_reward=-0.06 buffer=100000'
last_line='step=1089000 eps=0.050 ep_reward=-0.06 buffer=100000'
last_line='step=1089000 eps=0.050 ep_reward=-0.06 buffer=100000'
last_line='step=1089000 eps=0.050 ep_reward=-0.06 buffer=100000'
last_line='step=1090000 eps=0.050 ep_reward=-0.36 buffer=100000'
last_line='step=1090000 eps=0.050 ep_reward=-0.36 buffer=100000'
last_line='step=1090000 eps=0.050 ep_reward=-0.36 buffer=100000'
last_line='step=1090000 eps=0.050 ep_reward=-0.36 buffer=100000'
last_line='step=1091000 eps=0.050 ep_reward=-0.53 buffer=100000'
last_line='step=1091000 eps=0.050 ep_reward=-0.53 buffer=100000'
last_line='step=1091000 eps=0.050 ep_reward=-0.53 buffer=100000'
last_line='step=1092000 eps=0.050 ep_reward=-0.03 buffer=100000'
last_line='step=1092000 eps=0.050 ep_reward=-0.03 buffer=100000'
last_line='step=1092000 eps=0.050 ep_reward=-0.03 buffer=100000'
last_line='step=1092000 eps=0.050 ep_reward=-0.03 buffer=100000'
last_line='step=1093000 eps=0.050 ep_reward=-0.40 buffer=100000'
last_line='step=1093000 eps=0.050 ep_reward=-0.40 buffer=100000'
last_line='step=1093000 eps=0.050 ep_reward=-0.40 buffer=100000'
last_line='step=1093000 eps=0.050 ep_reward=-0.40 buffer=100000'
last_line='step=1094000 eps=0.050 ep_reward=-0.17 buffer=100000'
last_line='step=1094000 eps=0.050 ep_reward=-0.17 buffer=100000'
last_line='step=1094000 eps=0.050 ep_reward=-0.17 buffer=100000'
last_line='step=1095000 eps=0.050 ep_reward=-0.08 buffer=100000'
last_line='step=1095000 eps=0.050 ep_reward=-0.08 buffer=100000'
last_line='step=1095000 eps=0.050 ep_reward=-0.08 buffer=100000'
last_line='step=1095000 eps=0.050 ep_reward=-0.08 buffer=100000'
last_line='step=1096000 eps=0.050 ep_reward=-0.57 buffer=100000'
last_line='step=1096000 eps=0.050 ep_reward=-0.57 buffer=100000'
last_line='step=1096000 eps=0.050 ep_reward=-0.57 buffer=100000'
last_line='step=1096000 eps=0.050 ep_reward=-0.57 buffer=100000'
last_line='step=1097000 eps=0.050 ep_reward=-0.31 buffer=100000'
last_line='step=1097000 eps=0.050 ep_reward=-0.31 buffer=100000'
last_line='step=1097000 eps=0.050 ep_reward=-0.31 buffer=100000'
last_line='step=1098000 eps=0.050 ep_reward=0.11 buffer=100000'
last_line='step=1098000 eps=0.050 ep_reward=0.11 buffer=100000'
last_line='step=1098000 eps=0.050 ep_reward=0.11 buffer=100000'
last_line='step=1098000 eps=0.050 ep_reward=0.11 buffer=100000'
last_line='step=1099000 eps=0.050 ep_reward=-0.02 buffer=100000'
last_line='step=1099000 eps=0.050 ep_reward=-0.02 buffer=100000'
last_line='step=1099000 eps=0.050 ep_reward=-0.02 buffer=100000'
last_line='step=1100000 eps=0.050 ep_reward=-0.04 buffer=100000'
last_line='step=1100000 eps=0.050 ep_reward=-0.04 buffer=100000'
last_line='step=1100000 eps=0.050 ep_reward=-0.04 buffer=100000'
last_line='step=1100000 eps=0.050 ep_reward=-0.04 buffer=100000'
last_line='step=1100000 eps=0.050 ep_reward=-0.04 buffer=100000'
last_line='step=1100000 eps=0.050 ep_reward=-0.04 buffer=100000'
last_line='step=1101000 eps=0.050 ep_reward=-0.16 buffer=100000'
last_line='step=1101000 eps=0.050 ep_reward=-0.16 buffer=100000'
last_line='step=1101000 eps=0.050 ep_reward=-0.16 buffer=100000'
last_line='step=1101000 eps=0.050 ep_reward=-0.16 buffer=100000'
last_line='step=1102000 eps=0.050 ep_reward=-0.07 buffer=100000'
last_line='step=1102000 eps=0.050 ep_reward=-0.07 buffer=100000'
last_line='step=1102000 eps=0.050 ep_reward=-0.07 buffer=100000'
last_line='step=1102000 eps=0.050 ep_reward=-0.07 buffer=100000'
last_line='step=1103000 eps=0.050 ep_reward=-0.78 buffer=100000'
last_line='step=1103000 eps=0.050 ep_reward=-0.78 buffer=100000'
last_line='step=1103000 eps=0.050 ep_reward=-0.78 buffer=100000'
last_line='step=1104000 eps=0.050 ep_reward=-0.03 buffer=100000'
last_line='step=1104000 eps=0.050 ep_reward=-0.03 buffer=100000'
last_line='step=1104000 eps=0.050 ep_reward=-0.03 buffer=100000'
last_line='step=1104000 eps=0.050 ep_reward=-0.03 buffer=100000'
last_line='step=1105000 eps=0.050 ep_reward=-0.15 buffer=100000'
last_line='step=1105000 eps=0.050 ep_reward=-0.15 buffer=100000'
last_line='step=1105000 eps=0.050 ep_reward=-0.15 buffer=100000'
last_line='step=1106000 eps=0.050 ep_reward=-1.20 buffer=100000'
last_line='step=1106000 eps=0.050 ep_reward=-1.20 buffer=100000'
last_line='step=1106000 eps=0.050 ep_reward=-1.20 buffer=100000'
last_line='step=1106000 eps=0.050 ep_reward=-1.20 buffer=100000'
last_line='step=1107000 eps=0.050 ep_reward=-0.02 buffer=100000'
last_line='step=1107000 eps=0.050 ep_reward=-0.02 buffer=100000'
last_line='step=1107000 eps=0.050 ep_reward=-0.02 buffer=100000'
last_line='step=1107000 eps=0.050 ep_reward=-0.02 buffer=100000'
last_line='step=1108000 eps=0.050 ep_reward=-0.10 buffer=100000'
last_line='step=1108000 eps=0.050 ep_reward=-0.10 buffer=100000'
last_line='step=1108000 eps=0.050 ep_reward=-0.10 buffer=100000'
last_line='step=1109000 eps=0.050 ep_reward=-0.44 buffer=100000'
last_line='step=1109000 eps=0.050 ep_reward=-0.44 buffer=100000'
last_line='step=1109000 eps=0.050 ep_reward=-0.44 buffer=100000'
last_line='step=1109000 eps=0.050 ep_reward=-0.44 buffer=100000'
last_line='step=1110000 eps=0.050 ep_reward=-0.23 buffer=100000'
last_line='step=1110000 eps=0.050 ep_reward=-0.23 buffer=100000'
last_line='step=1110000 eps=0.050 ep_reward=-0.23 buffer=100000'
last_line='step=1110000 eps=0.050 ep_reward=-0.23 buffer=100000'
last_line='step=1111000 eps=0.050 ep_reward=-0.01 buffer=100000'
last_line='step=1111000 eps=0.050 ep_reward=-0.01 buffer=100000'
last_line='step=1111000 eps=0.050 ep_reward=-0.01 buffer=100000'
last_line='step=1112000 eps=0.050 ep_reward=-0.11 buffer=100000'
last_line='step=1112000 eps=0.050 ep_reward=-0.11 buffer=100000'
last_line='step=1112000 eps=0.050 ep_reward=-0.11 buffer=100000'
last_line='step=1112000 eps=0.050 ep_reward=-0.11 buffer=100000'
last_line='step=1113000 eps=0.050 ep_reward=-0.05 buffer=100000'
last_line='step=1113000 eps=0.050 ep_reward=-0.05 buffer=100000'
last_line='step=1113000 eps=0.050 ep_reward=-0.05 buffer=100000'
last_line='step=1114000 eps=0.050 ep_reward=-0.23 buffer=100000'
last_line='step=1114000 eps=0.050 ep_reward=-0.23 buffer=100000'
last_line='step=1114000 eps=0.050 ep_reward=-0.23 buffer=100000'
last_line='step=1114000 eps=0.050 ep_reward=-0.23 buffer=100000'
last_line='step=1115000 eps=0.050 ep_reward=0.14 buffer=100000'
last_line='step=1115000 eps=0.050 ep_reward=0.14 buffer=100000'
last_line='step=1115000 eps=0.050 ep_reward=0.14 buffer=100000'
last_line='step=1115000 eps=0.050 ep_reward=0.14 buffer=100000'
last_line='step=1116000 eps=0.050 ep_reward=-0.08 buffer=100000'
last_line='step=1116000 eps=0.050 ep_reward=-0.08 buffer=100000'
last_line='step=1116000 eps=0.050 ep_reward=-0.08 buffer=100000'
last_line='step=1116000 eps=0.050 ep_reward=-0.08 buffer=100000'
last_line='step=1117000 eps=0.050 ep_reward=-0.08 buffer=100000'
last_line='step=1117000 eps=0.050 ep_reward=-0.08 buffer=100000'
last_line='step=1117000 eps=0.050 ep_reward=-0.08 buffer=100000'
last_line='step=1118000 eps=0.050 ep_reward=-0.01 buffer=100000'
last_line='step=1118000 eps=0.050 ep_reward=-0.01 buffer=100000'
last_line='step=1118000 eps=0.050 ep_reward=-0.01 buffer=100000'
last_line='step=1118000 eps=0.050 ep_reward=-0.01 buffer=100000'
last_line='step=1119000 eps=0.050 ep_reward=-0.33 buffer=100000'
last_line='step=1119000 eps=0.050 ep_reward=-0.33 buffer=100000'
last_line='step=1119000 eps=0.050 ep_reward=-0.33 buffer=100000'
last_line='step=1120000 eps=0.050 ep_reward=-0.03 buffer=100000'
last_line='step=1120000 eps=0.050 ep_reward=-0.03 buffer=100000'
last_line='step=1120000 eps=0.050 ep_reward=-0.03 buffer=100000'
last_line='step=1120000 eps=0.050 ep_reward=-0.03 buffer=100000'
last_line='step=1121000 eps=0.050 ep_reward=-0.48 buffer=100000'
last_line='step=1121000 eps=0.050 ep_reward=-0.48 buffer=100000'
last_line='step=1121000 eps=0.050 ep_reward=-0.48 buffer=100000'
last_line='step=1121000 eps=0.050 ep_reward=-0.48 buffer=100000'
last_line='step=1122000 eps=0.050 ep_reward=-0.65 buffer=100000'
last_line='step=1122000 eps=0.050 ep_reward=-0.65 buffer=100000'
last_line='step=1122000 eps=0.050 ep_reward=-0.65 buffer=100000'
last_line='step=1122000 eps=0.050 ep_reward=-0.65 buffer=100000'
last_line='step=1123000 eps=0.050 ep_reward=-0.09 buffer=100000'
last_line='step=1123000 eps=0.050 ep_reward=-0.09 buffer=100000'
last_line='step=1123000 eps=0.050 ep_reward=-0.09 buffer=100000'
last_line='step=1124000 eps=0.050 ep_reward=-0.03 buffer=100000'
last_line='step=1124000 eps=0.050 ep_reward=-0.03 buffer=100000'
last_line='step=1124000 eps=0.050 ep_reward=-0.03 buffer=100000'
last_line='step=1124000 eps=0.050 ep_reward=-0.03 buffer=100000'
last_line='step=1125000 eps=0.050 ep_reward=-0.89 buffer=100000'
last_line='step=1125000 eps=0.050 ep_reward=-0.89 buffer=100000'
last_line='step=1125000 eps=0.050 ep_reward=-0.89 buffer=100000'
last_line='step=1125000 eps=0.050 ep_reward=-0.89 buffer=100000'
last_line='step=1126000 eps=0.050 ep_reward=-0.66 buffer=100000'
last_line='step=1126000 eps=0.050 ep_reward=-0.66 buffer=100000'
last_line='step=1126000 eps=0.050 ep_reward=-0.66 buffer=100000'
last_line='step=1127000 eps=0.050 ep_reward=-0.06 buffer=100000'
last_line='step=1127000 eps=0.050 ep_reward=-0.06 buffer=100000'
last_line='step=1127000 eps=0.050 ep_reward=-0.06 buffer=100000'
last_line='step=1127000 eps=0.050 ep_reward=-0.06 buffer=100000'
last_line='step=1128000 eps=0.050 ep_reward=0.10 buffer=100000'
last_line='step=1128000 eps=0.050 ep_reward=0.10 buffer=100000'
last_line='step=1128000 eps=0.050 ep_reward=0.10 buffer=100000'
last_line='step=1129000 eps=0.050 ep_reward=-10.06 buffer=100000'
last_line='step=1129000 eps=0.050 ep_reward=-10.06 buffer=100000'
last_line='step=1129000 eps=0.050 ep_reward=-10.06 buffer=100000'
last_line='step=1129000 eps=0.050 ep_reward=-10.06 buffer=100000'
last_line='step=1130000 eps=0.050 ep_reward=0.01 buffer=100000'
last_line='step=1130000 eps=0.050 ep_reward=0.01 buffer=100000'
last_line='step=1130000 eps=0.050 ep_reward=0.01 buffer=100000'
last_line='step=1130000 eps=0.050 ep_reward=0.01 buffer=100000'
last_line='step=1131000 eps=0.050 ep_reward=-0.45 buffer=100000'
last_line='step=1131000 eps=0.050 ep_reward=-0.45 buffer=100000'
last_line='step=1131000 eps=0.050 ep_reward=-0.45 buffer=100000'
last_line='step=1131000 eps=0.050 ep_reward=-0.45 buffer=100000'
last_line='step=1132000 eps=0.050 ep_reward=-9.92 buffer=100000'
last_line='step=1132000 eps=0.050 ep_reward=-9.92 buffer=100000'
last_line='step=1132000 eps=0.050 ep_reward=-9.92 buffer=100000'
last_line='step=1133000 eps=0.050 ep_reward=-0.20 buffer=100000'
last_line='step=1133000 eps=0.050 ep_reward=-0.20 buffer=100000'
last_line='step=1133000 eps=0.050 ep_reward=-0.20 buffer=100000'
last_line='step=1133000 eps=0.050 ep_reward=-0.20 buffer=100000'
last_line='step=1134000 eps=0.050 ep_reward=-0.01 buffer=100000'
last_line='step=1134000 eps=0.050 ep_reward=-0.01 buffer=100000'
last_line='step=1134000 eps=0.050 ep_reward=-0.01 buffer=100000'
last_line='step=1135000 eps=0.050 ep_reward=-0.77 buffer=100000'
last_line='step=1135000 eps=0.050 ep_reward=-0.77 buffer=100000'
last_line='step=1135000 eps=0.050 ep_reward=-0.77 buffer=100000'
last_line='step=1135000 eps=0.050 ep_reward=-0.77 buffer=100000'
last_line='step=1136000 eps=0.050 ep_reward=-0.03 buffer=100000'
last_line='step=1136000 eps=0.050 ep_reward=-0.03 buffer=100000'
last_line='step=1136000 eps=0.050 ep_reward=-0.03 buffer=100000'
last_line='step=1136000 eps=0.050 ep_reward=-0.03 buffer=100000'
last_line='step=1137000 eps=0.050 ep_reward=-0.03 buffer=100000'
last_line='step=1137000 eps=0.050 ep_reward=-0.03 buffer=100000'
last_line='step=1137000 eps=0.050 ep_reward=-0.03 buffer=100000'
last_line='step=1138000 eps=0.050 ep_reward=-0.28 buffer=100000'
last_line='step=1138000 eps=0.050 ep_reward=-0.28 buffer=100000'
last_line='step=1138000 eps=0.050 ep_reward=-0.28 buffer=100000'
last_line='step=1138000 eps=0.050 ep_reward=-0.28 buffer=100000'
last_line='step=1139000 eps=0.050 ep_reward=-10.03 buffer=100000'
last_line='step=1139000 eps=0.050 ep_reward=-10.03 buffer=100000'
last_line='step=1139000 eps=0.050 ep_reward=-10.03 buffer=100000'
last_line='step=1140000 eps=0.050 ep_reward=-0.01 buffer=100000'
last_line='step=1140000 eps=0.050 ep_reward=-0.01 buffer=100000'
last_line='step=1140000 eps=0.050 ep_reward=-0.01 buffer=100000'
last_line='step=1140000 eps=0.050 ep_reward=-0.01 buffer=100000'
last_line='step=1141000 eps=0.050 ep_reward=-0.51 buffer=100000'
last_line='step=1141000 eps=0.050 ep_reward=-0.51 buffer=100000'
last_line='step=1141000 eps=0.050 ep_reward=-0.51 buffer=100000'
last_line='step=1141000 eps=0.050 ep_reward=-0.51 buffer=100000'
last_line='step=1142000 eps=0.050 ep_reward=-0.10 buffer=100000'
last_line='step=1142000 eps=0.050 ep_reward=-0.10 buffer=100000'
last_line='step=1142000 eps=0.050 ep_reward=-0.10 buffer=100000'
last_line='step=1142000 eps=0.050 ep_reward=-0.10 buffer=100000'
last_line='step=1143000 eps=0.050 ep_reward=-0.01 buffer=100000'
last_line='step=1143000 eps=0.050 ep_reward=-0.01 buffer=100000'
last_line='step=1143000 eps=0.050 ep_reward=-0.01 buffer=100000'
last_line='step=1144000 eps=0.050 ep_reward=-0.03 buffer=100000'
last_line='step=1144000 eps=0.050 ep_reward=-0.03 buffer=100000'
last_line='step=1144000 eps=0.050 ep_reward=-0.03 buffer=100000'
last_line='step=1144000 eps=0.050 ep_reward=-0.03 buffer=100000'
last_line='step=1145000 eps=0.050 ep_reward=-1.14 buffer=100000'
last_line='step=1145000 eps=0.050 ep_reward=-1.14 buffer=100000'
last_line='step=1145000 eps=0.050 ep_reward=-1.14 buffer=100000'
last_line='step=1145000 eps=0.050 ep_reward=-1.14 buffer=100000'
last_line='step=1146000 eps=0.050 ep_reward=-0.44 buffer=100000'
last_line='step=1146000 eps=0.050 ep_reward=-0.44 buffer=100000'
last_line='step=1146000 eps=0.050 ep_reward=-0.44 buffer=100000'
last_line='step=1146000 eps=0.050 ep_reward=-0.44 buffer=100000'
last_line='step=1147000 eps=0.050 ep_reward=-0.01 buffer=100000'
last_line='step=1147000 eps=0.050 ep_reward=-0.01 buffer=100000'
last_line='step=1147000 eps=0.050 ep_reward=-0.01 buffer=100000'
last_line='step=1148000 eps=0.050 ep_reward=-0.04 buffer=100000'
last_line='step=1148000 eps=0.050 ep_reward=-0.04 buffer=100000'
last_line='step=1148000 eps=0.050 ep_reward=-0.04 buffer=100000'
last_line='step=1148000 eps=0.050 ep_reward=-0.04 buffer=100000'
last_line='step=1149000 eps=0.050 ep_reward=-0.27 buffer=100000'
last_line='step=1149000 eps=0.050 ep_reward=-0.27 buffer=100000'
last_line='step=1149000 eps=0.050 ep_reward=-0.27 buffer=100000'
last_line='step=1150000 eps=0.050 ep_reward=-0.13 buffer=100000'
last_line='step=1150000 eps=0.050 ep_reward=-0.13 buffer=100000'
last_line='step=1150000 eps=0.050 ep_reward=-0.13 buffer=100000'
last_line='step=1150000 eps=0.050 ep_reward=-0.13 buffer=100000'
last_line='step=1150000 eps=0.050 ep_reward=-0.13 buffer=100000'
last_line='step=1150000 eps=0.050 ep_reward=-0.13 buffer=100000'
last_line='step=1151000 eps=0.050 ep_reward=-0.36 buffer=100000'
last_line='step=1151000 eps=0.050 ep_reward=-0.36 buffer=100000'
last_line='step=1151000 eps=0.050 ep_reward=-0.36 buffer=100000'
last_line='step=1151000 eps=0.050 ep_reward=-0.36 buffer=100000'
last_line='step=1152000 eps=0.050 ep_reward=-0.49 buffer=100000'
last_line='step=1152000 eps=0.050 ep_reward=-0.49 buffer=100000'
last_line='step=1152000 eps=0.050 ep_reward=-0.49 buffer=100000'
last_line='step=1153000 eps=0.050 ep_reward=-0.17 buffer=100000'
last_line='step=1153000 eps=0.050 ep_reward=-0.17 buffer=100000'
last_line='step=1153000 eps=0.050 ep_reward=-0.17 buffer=100000'
last_line='step=1153000 eps=0.050 ep_reward=-0.17 buffer=100000'
last_line='step=1154000 eps=0.050 ep_reward=-0.50 buffer=100000'
last_line='step=1154000 eps=0.050 ep_reward=-0.50 buffer=100000'
last_line='step=1154000 eps=0.050 ep_reward=-0.50 buffer=100000'
last_line='step=1155000 eps=0.050 ep_reward=-0.01 buffer=100000'
last_line='step=1155000 eps=0.050 ep_reward=-0.01 buffer=100000'
last_line='step=1155000 eps=0.050 ep_reward=-0.01 buffer=100000'
last_line='step=1155000 eps=0.050 ep_reward=-0.01 buffer=100000'
last_line='step=1156000 eps=0.050 ep_reward=-0.14 buffer=100000'
last_line='step=1156000 eps=0.050 ep_reward=-0.14 buffer=100000'
last_line='step=1156000 eps=0.050 ep_reward=-0.14 buffer=100000'
last_line='step=1156000 eps=0.050 ep_reward=-0.14 buffer=100000'
last_line='step=1157000 eps=0.050 ep_reward=-0.04 buffer=100000'
last_line='step=1157000 eps=0.050 ep_reward=-0.04 buffer=100000'
last_line='step=1157000 eps=0.050 ep_reward=-0.04 buffer=100000'
last_line='step=1158000 eps=0.050 ep_reward=-0.62 buffer=100000'
last_line='step=1158000 eps=0.050 ep_reward=-0.62 buffer=100000'
last_line='step=1158000 eps=0.050 ep_reward=-0.62 buffer=100000'
last_line='step=1158000 eps=0.050 ep_reward=-0.62 buffer=100000'
last_line='step=1159000 eps=0.050 ep_reward=-0.06 buffer=100000'
last_line='step=1159000 eps=0.050 ep_reward=-0.06 buffer=100000'
last_line='step=1159000 eps=0.050 ep_reward=-0.06 buffer=100000'
last_line='step=1159000 eps=0.050 ep_reward=-0.06 buffer=100000'
last_line='step=1160000 eps=0.050 ep_reward=-0.05 buffer=100000'
last_line='step=1160000 eps=0.050 ep_reward=-0.05 buffer=100000'
last_line='step=1160000 eps=0.050 ep_reward=-0.05 buffer=100000'
last_line='step=1160000 eps=0.050 ep_reward=-0.05 buffer=100000'
last_line='step=1161000 eps=0.050 ep_reward=-0.36 buffer=100000'
last_line='step=1161000 eps=0.050 ep_reward=-0.36 buffer=100000'
last_line='step=1161000 eps=0.050 ep_reward=-0.36 buffer=100000'
last_line='step=1162000 eps=0.050 ep_reward=-0.67 buffer=100000'
last_line='step=1162000 eps=0.050 ep_reward=-0.67 buffer=100000'
last_line='step=1162000 eps=0.050 ep_reward=-0.67 buffer=100000'
last_line='step=1162000 eps=0.050 ep_reward=-0.67 buffer=100000'
last_line='step=1163000 eps=0.050 ep_reward=-0.25 buffer=100000'
last_line='step=1163000 eps=0.050 ep_reward=-0.25 buffer=100000'
last_line='step=1163000 eps=0.050 ep_reward=-0.25 buffer=100000'
last_line='step=1164000 eps=0.050 ep_reward=-0.30 buffer=100000'
last_line='step=1164000 eps=0.050 ep_reward=-0.30 buffer=100000'
last_line='step=1164000 eps=0.050 ep_reward=-0.30 buffer=100000'
last_line='step=1164000 eps=0.050 ep_reward=-0.30 buffer=100000'
last_line='step=1165000 eps=0.050 ep_reward=-0.46 buffer=100000'
last_line='step=1165000 eps=0.050 ep_reward=-0.46 buffer=100000'
last_line='step=1165000 eps=0.050 ep_reward=-0.46 buffer=100000'
last_line='step=1165000 eps=0.050 ep_reward=-0.46 buffer=100000'
last_line='step=1166000 eps=0.050 ep_reward=-10.04 buffer=100000'
last_line='step=1166000 eps=0.050 ep_reward=-10.04 buffer=100000'
last_line='step=1166000 eps=0.050 ep_reward=-10.04 buffer=100000'
last_line='step=1167000 eps=0.050 ep_reward=-0.08 buffer=100000'
last_line='step=1167000 eps=0.050 ep_reward=-0.08 buffer=100000'
last_line='step=1167000 eps=0.050 ep_reward=-0.08 buffer=100000'
last_line='step=1167000 eps=0.050 ep_reward=-0.08 buffer=100000'
last_line='step=1168000 eps=0.050 ep_reward=-0.01 buffer=100000'
last_line='step=1168000 eps=0.050 ep_reward=-0.01 buffer=100000'
last_line='step=1168000 eps=0.050 ep_reward=-0.01 buffer=100000'
last_line='step=1168000 eps=0.050 ep_reward=-0.01 buffer=100000'
last_line='step=1169000 eps=0.050 ep_reward=-0.43 buffer=100000'
last_line='step=1169000 eps=0.050 ep_reward=-0.43 buffer=100000'
last_line='step=1169000 eps=0.050 ep_reward=-0.43 buffer=100000'
last_line='step=1170000 eps=0.050 ep_reward=-0.05 buffer=100000'
last_line='step=1170000 eps=0.050 ep_reward=-0.05 buffer=100000'
last_line='step=1170000 eps=0.050 ep_reward=-0.05 buffer=100000'
last_line='step=1170000 eps=0.050 ep_reward=-0.05 buffer=100000'
last_line='step=1171000 eps=0.050 ep_reward=-0.03 buffer=100000'
last_line='step=1171000 eps=0.050 ep_reward=-0.03 buffer=100000'
last_line='step=1171000 eps=0.050 ep_reward=-0.03 buffer=100000'
last_line='step=1171000 eps=0.050 ep_reward=-0.03 buffer=100000'
last_line='step=1172000 eps=0.050 ep_reward=-0.05 buffer=100000'
last_line='step=1172000 eps=0.050 ep_reward=-0.05 buffer=100000'
last_line='step=1172000 eps=0.050 ep_reward=-0.05 buffer=100000'
last_line='step=1173000 eps=0.050 ep_reward=-0.02 buffer=100000'
last_line='step=1173000 eps=0.050 ep_reward=-0.02 buffer=100000'
last_line='step=1173000 eps=0.050 ep_reward=-0.02 buffer=100000'
last_line='step=1173000 eps=0.050 ep_reward=-0.02 buffer=100000'
last_line='step=1174000 eps=0.050 ep_reward=-0.02 buffer=100000'
last_line='step=1174000 eps=0.050 ep_reward=-0.02 buffer=100000'
last_line='step=1174000 eps=0.050 ep_reward=-0.02 buffer=100000'
last_line='step=1175000 eps=0.050 ep_reward=-0.13 buffer=100000'
last_line='step=1175000 eps=0.050 ep_reward=-0.13 buffer=100000'
last_line='step=1175000 eps=0.050 ep_reward=-0.13 buffer=100000'
last_line='step=1175000 eps=0.050 ep_reward=-0.13 buffer=100000'
last_line='step=1176000 eps=0.050 ep_reward=-0.29 buffer=100000'
last_line='step=1176000 eps=0.050 ep_reward=-0.29 buffer=100000'
last_line='step=1176000 eps=0.050 ep_reward=-0.29 buffer=100000'
last_line='step=1176000 eps=0.050 ep_reward=-0.29 buffer=100000'
last_line='step=1177000 eps=0.050 ep_reward=-0.03 buffer=100000'
last_line='step=1177000 eps=0.050 ep_reward=-0.03 buffer=100000'
last_line='step=1177000 eps=0.050 ep_reward=-0.03 buffer=100000'
last_line='step=1178000 eps=0.050 ep_reward=-0.54 buffer=100000'
last_line='step=1178000 eps=0.050 ep_reward=-0.54 buffer=100000'
last_line='step=1178000 eps=0.050 ep_reward=-0.54 buffer=100000'
last_line='step=1178000 eps=0.050 ep_reward=-0.54 buffer=100000'
last_line='step=1179000 eps=0.050 ep_reward=-0.61 buffer=100000'
last_line='step=1179000 eps=0.050 ep_reward=-0.61 buffer=100000'
last_line='step=1179000 eps=0.050 ep_reward=-0.61 buffer=100000'
last_line='step=1179000 eps=0.050 ep_reward=-0.61 buffer=100000'
last_line='step=1180000 eps=0.050 ep_reward=-0.03 buffer=100000'
last_line='step=1180000 eps=0.050 ep_reward=-0.03 buffer=100000'
last_line='step=1180000 eps=0.050 ep_reward=-0.03 buffer=100000'
last_line='step=1180000 eps=0.050 ep_reward=-0.03 buffer=100000'
last_line='step=1181000 eps=0.050 ep_reward=-10.04 buffer=100000'
last_line='step=1181000 eps=0.050 ep_reward=-10.04 buffer=100000'
last_line='step=1181000 eps=0.050 ep_reward=-10.04 buffer=100000'
last_line='step=1182000 eps=0.050 ep_reward=-0.04 buffer=100000'
last_line='step=1182000 eps=0.050 ep_reward=-0.04 buffer=100000'
last_line='step=1182000 eps=0.050 ep_reward=-0.04 buffer=100000'
last_line='step=1182000 eps=0.050 ep_reward=-0.04 buffer=100000'
last_line='step=1183000 eps=0.050 ep_reward=-10.06 buffer=100000'
last_line='step=1183000 eps=0.050 ep_reward=-10.06 buffer=100000'
last_line='step=1183000 eps=0.050 ep_reward=-10.06 buffer=100000'
last_line='step=1184000 eps=0.050 ep_reward=-10.03 buffer=100000'
last_line='step=1184000 eps=0.050 ep_reward=-10.03 buffer=100000'
last_line='step=1184000 eps=0.050 ep_reward=-10.03 buffer=100000'
last_line='step=1184000 eps=0.050 ep_reward=-10.03 buffer=100000'
last_line='step=1185000 eps=0.050 ep_reward=-0.03 buffer=100000'
last_line='step=1185000 eps=0.050 ep_reward=-0.03 buffer=100000'
last_line='step=1185000 eps=0.050 ep_reward=-0.03 buffer=100000'
last_line='step=1185000 eps=0.050 ep_reward=-0.03 buffer=100000'
last_line='step=1186000 eps=0.050 ep_reward=-0.35 buffer=100000'
last_line='step=1186000 eps=0.050 ep_reward=-0.35 buffer=100000'
last_line='step=1186000 eps=0.050 ep_reward=-0.35 buffer=100000'
last_line='step=1187000 eps=0.050 ep_reward=-0.31 buffer=100000'
last_line='step=1187000 eps=0.050 ep_reward=-0.31 buffer=100000'
last_line='step=1187000 eps=0.050 ep_reward=-0.31 buffer=100000'
last_line='step=1187000 eps=0.050 ep_reward=-0.31 buffer=100000'
last_line='step=1188000 eps=0.050 ep_reward=-0.09 buffer=100000'
last_line='step=1188000 eps=0.050 ep_reward=-0.09 buffer=100000'
last_line='step=1188000 eps=0.050 ep_reward=-0.09 buffer=100000'
last_line='step=1189000 eps=0.050 ep_reward=0.39 buffer=100000'
last_line='step=1189000 eps=0.050 ep_reward=0.39 buffer=100000'
last_line='step=1189000 eps=0.050 ep_reward=0.39 buffer=100000'
last_line='step=1189000 eps=0.050 ep_reward=0.39 buffer=100000'
last_line='step=1190000 eps=0.050 ep_reward=-0.02 buffer=100000'
last_line='step=1190000 eps=0.050 ep_reward=-0.02 buffer=100000'
last_line='step=1190000 eps=0.050 ep_reward=-0.02 buffer=100000'
last_line='step=1190000 eps=0.050 ep_reward=-0.02 buffer=100000'
last_line='step=1191000 eps=0.050 ep_reward=-0.02 buffer=100000'
last_line='step=1191000 eps=0.050 ep_reward=-0.02 buffer=100000'
last_line='step=1191000 eps=0.050 ep_reward=-0.02 buffer=100000'
last_line='step=1192000 eps=0.050 ep_reward=-0.07 buffer=100000'
last_line='step=1192000 eps=0.050 ep_reward=-0.07 buffer=100000'
last_line='step=1192000 eps=0.050 ep_reward=-0.07 buffer=100000'
last_line='step=1192000 eps=0.050 ep_reward=-0.07 buffer=100000'
last_line='step=1193000 eps=0.050 ep_reward=-0.03 buffer=100000'
last_line='step=1193000 eps=0.050 ep_reward=-0.03 buffer=100000'
last_line='step=1193000 eps=0.050 ep_reward=-0.03 buffer=100000'
last_line='step=1193000 eps=0.050 ep_reward=-0.03 buffer=100000'
last_line='step=1194000 eps=0.050 ep_reward=-0.01 buffer=100000'
last_line='step=1194000 eps=0.050 ep_reward=-0.01 buffer=100000'
last_line='step=1194000 eps=0.050 ep_reward=-0.01 buffer=100000'
last_line='step=1195000 eps=0.050 ep_reward=-0.01 buffer=100000'
last_line='step=1195000 eps=0.050 ep_reward=-0.01 buffer=100000'
last_line='step=1195000 eps=0.050 ep_reward=-0.01 buffer=100000'
last_line='step=1195000 eps=0.050 ep_reward=-0.01 buffer=100000'
last_line='step=1196000 eps=0.050 ep_reward=-0.64 buffer=100000'
last_line='step=1196000 eps=0.050 ep_reward=-0.64 buffer=100000'
last_line='step=1196000 eps=0.050 ep_reward=-0.64 buffer=100000'
last_line='step=1196000 eps=0.050 ep_reward=-0.64 buffer=100000'
last_line='step=1197000 eps=0.050 ep_reward=-0.11 buffer=100000'
last_line='step=1197000 eps=0.050 ep_reward=-0.11 buffer=100000'
last_line='step=1197000 eps=0.050 ep_reward=-0.11 buffer=100000'
last_line='step=1198000 eps=0.050 ep_reward=-0.26 buffer=100000'
last_line='step=1198000 eps=0.050 ep_reward=-0.26 buffer=100000'
last_line='step=1198000 eps=0.050 ep_reward=-0.26 buffer=100000'
last_line='step=1198000 eps=0.050 ep_reward=-0.26 buffer=100000'
last_line='step=1199000 eps=0.050 ep_reward=-0.44 buffer=100000'
last_line='step=1199000 eps=0.050 ep_reward=-0.44 buffer=100000'
last_line='step=1199000 eps=0.050 ep_reward=-0.44 buffer=100000'
last_line='step=1200000 eps=0.050 ep_reward=-0.94 buffer=100000'
last_line='step=1200000 eps=0.050 ep_reward=-0.94 buffer=100000'
last_line='step=1200000 eps=0.050 ep_reward=-0.94 buffer=100000'
last_line='step=1200000 eps=0.050 ep_reward=-0.94 buffer=100000'
last_line='step=1200000 eps=0.050 ep_reward=-0.94 buffer=100000'
last_line='step=1200000 eps=0.050 ep_reward=-0.94 buffer=100000'
last_line='step=1201000 eps=0.050 ep_reward=-0.92 buffer=100000'
last_line='step=1201000 eps=0.050 ep_reward=-0.92 buffer=100000'
last_line='step=1201000 eps=0.050 ep_reward=-0.92 buffer=100000'
last_line='step=1201000 eps=0.050 ep_reward=-0.92 buffer=100000'
last_line='step=1202000 eps=0.050 ep_reward=0.30 buffer=100000'
last_line='step=1202000 eps=0.050 ep_reward=0.30 buffer=100000'
last_line='step=1202000 eps=0.050 ep_reward=0.30 buffer=100000'
last_line='step=1203000 eps=0.050 ep_reward=-9.92 buffer=100000'
last_line='step=1203000 eps=0.050 ep_reward=-9.92 buffer=100000'
last_line='step=1203000 eps=0.050 ep_reward=-9.92 buffer=100000'
last_line='step=1203000 eps=0.050 ep_reward=-9.92 buffer=100000'
last_line='step=1204000 eps=0.050 ep_reward=0.05 buffer=100000'
last_line='step=1204000 eps=0.050 ep_reward=0.05 buffer=100000'
last_line='step=1204000 eps=0.050 ep_reward=0.05 buffer=100000'
last_line='step=1204000 eps=0.050 ep_reward=0.05 buffer=100000'
last_line='step=1205000 eps=0.050 ep_reward=-0.29 buffer=100000'
last_line='step=1205000 eps=0.050 ep_reward=-0.29 buffer=100000'
last_line='step=1205000 eps=0.050 ep_reward=-0.29 buffer=100000'
last_line='step=1205000 eps=0.050 ep_reward=-0.29 buffer=100000'
last_line='step=1206000 eps=0.050 ep_reward=-0.62 buffer=100000'
last_line='step=1206000 eps=0.050 ep_reward=-0.62 buffer=100000'
last_line='step=1206000 eps=0.050 ep_reward=-0.62 buffer=100000'
last_line='step=1207000 eps=0.050 ep_reward=-0.11 buffer=100000'
last_line='step=1207000 eps=0.050 ep_reward=-0.11 buffer=100000'
last_line='step=1207000 eps=0.050 ep_reward=-0.11 buffer=100000'
last_line='step=1207000 eps=0.050 ep_reward=-0.11 buffer=100000'
last_line='step=1208000 eps=0.050 ep_reward=-10.03 buffer=100000'
last_line='step=1208000 eps=0.050 ep_reward=-10.03 buffer=100000'
last_line='step=1208000 eps=0.050 ep_reward=-10.03 buffer=100000'
last_line='step=1209000 eps=0.050 ep_reward=-0.11 buffer=100000'
last_line='step=1209000 eps=0.050 ep_reward=-0.11 buffer=100000'
last_line='step=1209000 eps=0.050 ep_reward=-0.11 buffer=100000'
last_line='step=1209000 eps=0.050 ep_reward=-0.11 buffer=100000'
last_line='step=1210000 eps=0.050 ep_reward=0.32 buffer=100000'
last_line='step=1210000 eps=0.050 ep_reward=0.32 buffer=100000'
last_line='step=1210000 eps=0.050 ep_reward=0.32 buffer=100000'
last_line='step=1210000 eps=0.050 ep_reward=0.32 buffer=100000'
last_line='step=1211000 eps=0.050 ep_reward=-0.21 buffer=100000'
last_line='step=1211000 eps=0.050 ep_reward=-0.21 buffer=100000'
last_line='step=1211000 eps=0.050 ep_reward=-0.21 buffer=100000'
last_line='step=1211000 eps=0.050 ep_reward=-0.21 buffer=100000'
last_line='step=1212000 eps=0.050 ep_reward=-0.29 buffer=100000'
last_line='step=1212000 eps=0.050 ep_reward=-0.29 buffer=100000'
last_line='step=1212000 eps=0.050 ep_reward=-0.29 buffer=100000'
last_line='step=1213000 eps=0.050 ep_reward=-0.01 buffer=100000'
last_line='step=1213000 eps=0.050 ep_reward=-0.01 buffer=100000'
last_line='step=1213000 eps=0.050 ep_reward=-0.01 buffer=100000'
last_line='step=1213000 eps=0.050 ep_reward=-0.01 buffer=100000'
last_line='step=1214000 eps=0.050 ep_reward=-0.15 buffer=100000'
last_line='step=1214000 eps=0.050 ep_reward=-0.15 buffer=100000'
last_line='step=1214000 eps=0.050 ep_reward=-0.15 buffer=100000'
last_line='step=1215000 eps=0.050 ep_reward=-0.09 buffer=100000'
last_line='step=1215000 eps=0.050 ep_reward=-0.09 buffer=100000'
last_line='step=1215000 eps=0.050 ep_reward=-0.09 buffer=100000'
last_line='step=1215000 eps=0.050 ep_reward=-0.09 buffer=100000'
last_line='step=1216000 eps=0.050 ep_reward=-0.02 buffer=100000'
last_line='step=1216000 eps=0.050 ep_reward=-0.02 buffer=100000'
last_line='step=1216000 eps=0.050 ep_reward=-0.02 buffer=100000'
last_line='step=1216000 eps=0.050 ep_reward=-0.02 buffer=100000'
last_line='step=1217000 eps=0.050 ep_reward=-0.11 buffer=100000'
last_line='step=1217000 eps=0.050 ep_reward=-0.11 buffer=100000'
last_line='step=1217000 eps=0.050 ep_reward=-0.11 buffer=100000'
last_line='step=1218000 eps=0.050 ep_reward=-0.35 buffer=100000'
last_line='step=1218000 eps=0.050 ep_reward=-0.35 buffer=100000'
last_line='step=1218000 eps=0.050 ep_reward=-0.35 buffer=100000'
last_line='step=1218000 eps=0.050 ep_reward=-0.35 buffer=100000'
last_line='step=1219000 eps=0.050 ep_reward=-0.29 buffer=100000'
last_line='step=1219000 eps=0.050 ep_reward=-0.29 buffer=100000'
last_line='step=1219000 eps=0.050 ep_reward=-0.29 buffer=100000'
last_line='step=1219000 eps=0.050 ep_reward=-0.29 buffer=100000'
last_line='step=1220000 eps=0.050 ep_reward=-0.03 buffer=100000'
last_line='step=1220000 eps=0.050 ep_reward=-0.03 buffer=100000'
last_line='step=1220000 eps=0.050 ep_reward=-0.03 buffer=100000'
last_line='step=1220000 eps=0.050 ep_reward=-0.03 buffer=100000'
last_line='step=1221000 eps=0.050 ep_reward=-0.01 buffer=100000'
last_line='step=1221000 eps=0.050 ep_reward=-0.01 buffer=100000'
last_line='step=1221000 eps=0.050 ep_reward=-0.01 buffer=100000'
last_line='step=1222000 eps=0.050 ep_reward=-0.18 buffer=100000'
last_line='step=1222000 eps=0.050 ep_reward=-0.18 buffer=100000'
last_line='step=1222000 eps=0.050 ep_reward=-0.18 buffer=100000'
last_line='step=1222000 eps=0.050 ep_reward=-0.18 buffer=100000'
last_line='step=1223000 eps=0.050 ep_reward=-0.05 buffer=100000'
last_line='step=1223000 eps=0.050 ep_reward=-0.05 buffer=100000'
last_line='step=1223000 eps=0.050 ep_reward=-0.05 buffer=100000'
last_line='step=1224000 eps=0.050 ep_reward=-0.81 buffer=100000'
last_line='step=1224000 eps=0.050 ep_reward=-0.81 buffer=100000'
last_line='step=1224000 eps=0.050 ep_reward=-0.81 buffer=100000'
last_line='step=1224000 eps=0.050 ep_reward=-0.81 buffer=100000'
last_line='step=1225000 eps=0.050 ep_reward=-0.02 buffer=100000'
last_line='step=1225000 eps=0.050 ep_reward=-0.02 buffer=100000'
last_line='step=1225000 eps=0.050 ep_reward=-0.02 buffer=100000'
last_line='step=1225000 eps=0.050 ep_reward=-0.02 buffer=100000'
last_line='step=1226000 eps=0.050 ep_reward=-9.93 buffer=100000'
last_line='step=1226000 eps=0.050 ep_reward=-9.93 buffer=100000'
last_line='step=1226000 eps=0.050 ep_reward=-9.93 buffer=100000'
last_line='step=1226000 eps=0.050 ep_reward=-9.93 buffer=100000'
last_line='step=1227000 eps=0.050 ep_reward=-0.19 buffer=100000'
last_line='step=1227000 eps=0.050 ep_reward=-0.19 buffer=100000'
last_line='step=1227000 eps=0.050 ep_reward=-0.19 buffer=100000'
last_line='step=1228000 eps=0.050 ep_reward=-0.01 buffer=100000'
last_line='step=1228000 eps=0.050 ep_reward=-0.01 buffer=100000'
last_line='step=1228000 eps=0.050 ep_reward=-0.01 buffer=100000'
last_line='step=1228000 eps=0.050 ep_reward=-0.01 buffer=100000'
last_line='step=1229000 eps=0.050 ep_reward=0.47 buffer=100000'
last_line='step=1229000 eps=0.050 ep_reward=0.47 buffer=100000'
last_line='step=1229000 eps=0.050 ep_reward=0.47 buffer=100000'
last_line='step=1230000 eps=0.050 ep_reward=-10.03 buffer=100000'
last_line='step=1230000 eps=0.050 ep_reward=-10.03 buffer=100000'
last_line='step=1230000 eps=0.050 ep_reward=-10.03 buffer=100000'
last_line='step=1230000 eps=0.050 ep_reward=-10.03 buffer=100000'
last_line='step=1231000 eps=0.050 ep_reward=-0.57 buffer=100000'
last_line='step=1231000 eps=0.050 ep_reward=-0.57 buffer=100000'
last_line='step=1231000 eps=0.050 ep_reward=-0.57 buffer=100000'
last_line='step=1231000 eps=0.050 ep_reward=-0.57 buffer=100000'
last_line='step=1232000 eps=0.050 ep_reward=-0.30 buffer=100000'
last_line='step=1232000 eps=0.050 ep_reward=-0.30 buffer=100000'
last_line='step=1232000 eps=0.050 ep_reward=-0.30 buffer=100000'
last_line='step=1232000 eps=0.050 ep_reward=-0.30 buffer=100000'
last_line='step=1233000 eps=0.050 ep_reward=0.17 buffer=100000'
last_line='step=1233000 eps=0.050 ep_reward=0.17 buffer=100000'
last_line='step=1233000 eps=0.050 ep_reward=0.17 buffer=100000'
last_line='step=1234000 eps=0.050 ep_reward=-0.10 buffer=100000'
last_line='step=1234000 eps=0.050 ep_reward=-0.10 buffer=100000'
last_line='step=1234000 eps=0.050 ep_reward=-0.10 buffer=100000'
last_line='step=1234000 eps=0.050 ep_reward=-0.10 buffer=100000'
last_line='step=1235000 eps=0.050 ep_reward=-0.08 buffer=100000'
last_line='step=1235000 eps=0.050 ep_reward=-0.08 buffer=100000'
last_line='step=1235000 eps=0.050 ep_reward=-0.08 buffer=100000'
last_line='step=1235000 eps=0.050 ep_reward=-0.08 buffer=100000'
last_line='step=1236000 eps=0.050 ep_reward=-0.01 buffer=100000'
last_line='step=1236000 eps=0.050 ep_reward=-0.01 buffer=100000'
last_line='step=1236000 eps=0.050 ep_reward=-0.01 buffer=100000'
last_line='step=1236000 eps=0.050 ep_reward=-0.01 buffer=100000'
last_line='step=1237000 eps=0.050 ep_reward=-0.13 buffer=100000'
last_line='step=1237000 eps=0.050 ep_reward=-0.13 buffer=100000'
last_line='step=1237000 eps=0.050 ep_reward=-0.13 buffer=100000'
last_line='step=1238000 eps=0.050 ep_reward=-0.38 buffer=100000'
last_line='step=1238000 eps=0.050 ep_reward=-0.38 buffer=100000'
last_line='step=1238000 eps=0.050 ep_reward=-0.38 buffer=100000'
last_line='step=1238000 eps=0.050 ep_reward=-0.38 buffer=100000'
last_line='step=1239000 eps=0.050 ep_reward=-0.01 buffer=100000'
last_line='step=1239000 eps=0.050 ep_reward=-0.01 buffer=100000'
last_line='step=1239000 eps=0.050 ep_reward=-0.01 buffer=100000'
last_line='step=1240000 eps=0.050 ep_reward=-10.04 buffer=100000'
last_line='step=1240000 eps=0.050 ep_reward=-10.04 buffer=100000'
last_line='step=1240000 eps=0.050 ep_reward=-10.04 buffer=100000'
last_line='step=1240000 eps=0.050 ep_reward=-10.04 buffer=100000'
last_line='step=1241000 eps=0.050 ep_reward=-0.01 buffer=100000'
last_line='step=1241000 eps=0.050 ep_reward=-0.01 buffer=100000'
last_line='step=1241000 eps=0.050 ep_reward=-0.01 buffer=100000'
last_line='step=1241000 eps=0.050 ep_reward=-0.01 buffer=100000'
last_line='step=1242000 eps=0.050 ep_reward=-10.06 buffer=100000'
last_line='step=1242000 eps=0.050 ep_reward=-10.06 buffer=100000'
last_line='step=1242000 eps=0.050 ep_reward=-10.06 buffer=100000'
last_line='step=1243000 eps=0.050 ep_reward=-0.03 buffer=100000'
last_line='step=1243000 eps=0.050 ep_reward=-0.03 buffer=100000'
last_line='step=1243000 eps=0.050 ep_reward=-0.03 buffer=100000'
last_line='step=1243000 eps=0.050 ep_reward=-0.03 buffer=100000'
last_line='step=1244000 eps=0.050 ep_reward=-0.08 buffer=100000'
last_line='step=1244000 eps=0.050 ep_reward=-0.08 buffer=100000'
last_line='step=1244000 eps=0.050 ep_reward=-0.08 buffer=100000'
last_line='step=1244000 eps=0.050 ep_reward=-0.08 buffer=100000'
last_line='step=1245000 eps=0.050 ep_reward=-0.01 buffer=100000'
last_line='step=1245000 eps=0.050 ep_reward=-0.01 buffer=100000'
last_line='step=1245000 eps=0.050 ep_reward=-0.01 buffer=100000'
last_line='step=1245000 eps=0.050 ep_reward=-0.01 buffer=100000'
last_line='step=1246000 eps=0.050 ep_reward=0.41 buffer=100000'
last_line='step=1246000 eps=0.050 ep_reward=0.41 buffer=100000'
last_line='step=1246000 eps=0.050 ep_reward=0.41 buffer=100000'
last_line='step=1247000 eps=0.050 ep_reward=-0.22 buffer=100000'
last_line='step=1247000 eps=0.050 ep_reward=-0.22 buffer=100000'
last_line='step=1247000 eps=0.050 ep_reward=-0.22 buffer=100000'
last_line='step=1247000 eps=0.050 ep_reward=-0.22 buffer=100000'
last_line='step=1248000 eps=0.050 ep_reward=-0.09 buffer=100000'
last_line='step=1248000 eps=0.050 ep_reward=-0.09 buffer=100000'
last_line='step=1248000 eps=0.050 ep_reward=-0.09 buffer=100000'
last_line='step=1249000 eps=0.050 ep_reward=-0.20 buffer=100000'
last_line='step=1249000 eps=0.050 ep_reward=-0.20 buffer=100000'
last_line='step=1249000 eps=0.050 ep_reward=-0.20 buffer=100000'
last_line='step=1249000 eps=0.050 ep_reward=-0.20 buffer=100000'
last_line='step=1250000 eps=0.050 ep_reward=-10.06 buffer=100000'
last_line='step=1250000 eps=0.050 ep_reward=-10.06 buffer=100000'
last_line='step=1250000 eps=0.050 ep_reward=-10.06 buffer=100000'
last_line='step=1250000 eps=0.050 ep_reward=-10.06 buffer=100000'
last_line='step=1250000 eps=0.050 ep_reward=-10.06 buffer=100000'
last_line='step=1250000 eps=0.050 ep_reward=-10.06 buffer=100000'
last_line='step=1251000 eps=0.050 ep_reward=-0.07 buffer=100000'
last_line='step=1251000 eps=0.050 ep_reward=-0.07 buffer=100000'
last_line='step=1251000 eps=0.050 ep_reward=-0.07 buffer=100000'
last_line='step=1252000 eps=0.050 ep_reward=-10.05 buffer=100000'
last_line='step=1252000 eps=0.050 ep_reward=-10.05 buffer=100000'
last_line='step=1252000 eps=0.050 ep_reward=-10.05 buffer=100000'
last_line='step=1252000 eps=0.050 ep_reward=-10.05 buffer=100000'
last_line='step=1253000 eps=0.050 ep_reward=-0.02 buffer=100000'
last_line='step=1253000 eps=0.050 ep_reward=-0.02 buffer=100000'
last_line='step=1253000 eps=0.050 ep_reward=-0.02 buffer=100000'
last_line='step=1254000 eps=0.050 ep_reward=-0.01 buffer=100000'
last_line='step=1254000 eps=0.050 ep_reward=-0.01 buffer=100000'
last_line='step=1254000 eps=0.050 ep_reward=-0.01 buffer=100000'
last_line='step=1254000 eps=0.050 ep_reward=-0.01 buffer=100000'
last_line='step=1255000 eps=0.050 ep_reward=-0.01 buffer=100000'
last_line='step=1255000 eps=0.050 ep_reward=-0.01 buffer=100000'
last_line='step=1255000 eps=0.050 ep_reward=-0.01 buffer=100000'
last_line='step=1255000 eps=0.050 ep_reward=-0.01 buffer=100000'
last_line='step=1256000 eps=0.050 ep_reward=-0.37 buffer=100000'
last_line='step=1256000 eps=0.050 ep_reward=-0.37 buffer=100000'
last_line='step=1256000 eps=0.050 ep_reward=-0.37 buffer=100000'
last_line='step=1256000 eps=0.050 ep_reward=-0.37 buffer=100000'
last_line='step=1257000 eps=0.050 ep_reward=-0.65 buffer=100000'
last_line='step=1257000 eps=0.050 ep_reward=-0.65 buffer=100000'
last_line='step=1257000 eps=0.050 ep_reward=-0.65 buffer=100000'
last_line='step=1258000 eps=0.050 ep_reward=0.09 buffer=100000'
last_line='step=1258000 eps=0.050 ep_reward=0.09 buffer=100000'
last_line='step=1258000 eps=0.050 ep_reward=0.09 buffer=100000'
last_line='step=1258000 eps=0.050 ep_reward=0.09 buffer=100000'
last_line='step=1259000 eps=0.050 ep_reward=-10.03 buffer=100000'
last_line='step=1259000 eps=0.050 ep_reward=-10.03 buffer=100000'
last_line='step=1259000 eps=0.050 ep_reward=-10.03 buffer=100000'
last_line='step=1260000 eps=0.050 ep_reward=-0.03 buffer=100000'
last_line='step=1260000 eps=0.050 ep_reward=-0.03 buffer=100000'
last_line='step=1260000 eps=0.050 ep_reward=-0.03 buffer=100000'
last_line='step=1260000 eps=0.050 ep_reward=-0.03 buffer=100000'
last_line='step=1261000 eps=0.050 ep_reward=0.39 buffer=100000'
last_line='step=1261000 eps=0.050 ep_reward=0.39 buffer=100000'
last_line='step=1261000 eps=0.050 ep_reward=0.39 buffer=100000'
last_line='step=1261000 eps=0.050 ep_reward=0.39 buffer=100000'
last_line='step=1262000 eps=0.050 ep_reward=-0.29 buffer=100000'
last_line='step=1262000 eps=0.050 ep_reward=-0.29 buffer=100000'
last_line='step=1262000 eps=0.050 ep_reward=-0.29 buffer=100000'
last_line='step=1262000 eps=0.050 ep_reward=-0.29 buffer=100000'
last_line='step=1263000 eps=0.050 ep_reward=-0.15 buffer=100000'
last_line='step=1263000 eps=0.050 ep_reward=-0.15 buffer=100000'
last_line='step=1263000 eps=0.050 ep_reward=-0.15 buffer=100000'
last_line='step=1264000 eps=0.050 ep_reward=-0.35 buffer=100000'
last_line='step=1264000 eps=0.050 ep_reward=-0.35 buffer=100000'
last_line='step=1264000 eps=0.050 ep_reward=-0.35 buffer=100000'
last_line='step=1264000 eps=0.050 ep_reward=-0.35 buffer=100000'
last_line='step=1265000 eps=0.050 ep_reward=-0.14 buffer=100000'
last_line='step=1265000 eps=0.050 ep_reward=-0.14 buffer=100000'
last_line='step=1265000 eps=0.050 ep_reward=-0.14 buffer=100000'
last_line='step=1265000 eps=0.050 ep_reward=-0.14 buffer=100000'
last_line='step=1266000 eps=0.050 ep_reward=-0.17 buffer=100000'
last_line='step=1266000 eps=0.050 ep_reward=-0.17 buffer=100000'
last_line='step=1266000 eps=0.050 ep_reward=-0.17 buffer=100000'
last_line='step=1267000 eps=0.050 ep_reward=-1.14 buffer=100000'
last_line='step=1267000 eps=0.050 ep_reward=-1.14 buffer=100000'
last_line='step=1267000 eps=0.050 ep_reward=-1.14 buffer=100000'
last_line='step=1267000 eps=0.050 ep_reward=-1.14 buffer=100000'
last_line='step=1268000 eps=0.050 ep_reward=-0.01 buffer=100000'
last_line='step=1268000 eps=0.050 ep_reward=-0.01 buffer=100000'
last_line='step=1268000 eps=0.050 ep_reward=-0.01 buffer=100000'
last_line='step=1269000 eps=0.050 ep_reward=-0.03 buffer=100000'
last_line='step=1269000 eps=0.050 ep_reward=-0.03 buffer=100000'
last_line='step=1269000 eps=0.050 ep_reward=-0.03 buffer=100000'
last_line='step=1269000 eps=0.050 ep_reward=-0.03 buffer=100000'
last_line='step=1270000 eps=0.050 ep_reward=-10.03 buffer=100000'
last_line='step=1270000 eps=0.050 ep_reward=-10.03 buffer=100000'
last_line='step=1270000 eps=0.050 ep_reward=-10.03 buffer=100000'
last_line='step=1270000 eps=0.050 ep_reward=-10.03 buffer=100000'
last_line='step=1271000 eps=0.050 ep_reward=0.08 buffer=100000'
last_line='step=1271000 eps=0.050 ep_reward=0.08 buffer=100000'
last_line='step=1271000 eps=0.050 ep_reward=0.08 buffer=100000'
last_line='step=1271000 eps=0.050 ep_reward=0.08 buffer=100000'
last_line='step=1272000 eps=0.050 ep_reward=0.33 buffer=100000'
last_line='step=1272000 eps=0.050 ep_reward=0.33 buffer=100000'
last_line='step=1272000 eps=0.050 ep_reward=0.33 buffer=100000'
last_line='step=1273000 eps=0.050 ep_reward=-0.05 buffer=100000'
last_line='step=1273000 eps=0.050 ep_reward=-0.05 buffer=100000'
last_line='step=1273000 eps=0.050 ep_reward=-0.05 buffer=100000'
last_line='step=1273000 eps=0.050 ep_reward=-0.05 buffer=100000'
last_line='step=1274000 eps=0.050 ep_reward=-0.13 buffer=100000'
last_line='step=1274000 eps=0.050 ep_reward=-0.13 buffer=100000'
last_line='step=1274000 eps=0.050 ep_reward=-0.13 buffer=100000'
last_line='step=1275000 eps=0.050 ep_reward=-0.05 buffer=100000'
last_line='step=1275000 eps=0.050 ep_reward=-0.05 buffer=100000'
last_line='step=1275000 eps=0.050 ep_reward=-0.05 buffer=100000'
last_line='step=1275000 eps=0.050 ep_reward=-0.05 buffer=100000'
last_line='step=1276000 eps=0.050 ep_reward=-0.02 buffer=100000'
last_line='step=1276000 eps=0.050 ep_reward=-0.02 buffer=100000'
last_line='step=1276000 eps=0.050 ep_reward=-0.02 buffer=100000'
last_line='step=1276000 eps=0.050 ep_reward=-0.02 buffer=100000'
last_line='step=1277000 eps=0.050 ep_reward=-0.31 buffer=100000'
last_line='step=1277000 eps=0.050 ep_reward=-0.31 buffer=100000'
last_line='step=1277000 eps=0.050 ep_reward=-0.31 buffer=100000'
last_line='step=1278000 eps=0.050 ep_reward=-0.09 buffer=100000'
last_line='step=1278000 eps=0.050 ep_reward=-0.09 buffer=100000'
last_line='step=1278000 eps=0.050 ep_reward=-0.09 buffer=100000'
last_line='step=1278000 eps=0.050 ep_reward=-0.09 buffer=100000'
last_line='step=1279000 eps=0.050 ep_reward=-0.02 buffer=100000'
last_line='step=1279000 eps=0.050 ep_reward=-0.02 buffer=100000'
last_line='step=1279000 eps=0.050 ep_reward=-0.02 buffer=100000'
last_line='step=1279000 eps=0.050 ep_reward=-0.02 buffer=100000'
last_line='step=1280000 eps=0.050 ep_reward=-0.93 buffer=100000'
last_line='step=1280000 eps=0.050 ep_reward=-0.93 buffer=100000'
last_line='step=1280000 eps=0.050 ep_reward=-0.93 buffer=100000'
last_line='step=1280000 eps=0.050 ep_reward=-0.93 buffer=100000'
last_line='step=1281000 eps=0.050 ep_reward=-0.05 buffer=100000'
last_line='step=1281000 eps=0.050 ep_reward=-0.05 buffer=100000'
last_line='step=1281000 eps=0.050 ep_reward=-0.05 buffer=100000'
last_line='step=1282000 eps=0.050 ep_reward=-0.00 buffer=100000'
last_line='step=1282000 eps=0.050 ep_reward=-0.00 buffer=100000'
last_line='step=1282000 eps=0.050 ep_reward=-0.00 buffer=100000'
last_line='step=1282000 eps=0.050 ep_reward=-0.00 buffer=100000'
last_line='step=1283000 eps=0.050 ep_reward=-0.28 buffer=100000'
last_line='step=1283000 eps=0.050 ep_reward=-0.28 buffer=100000'
last_line='step=1283000 eps=0.050 ep_reward=-0.28 buffer=100000'
last_line='step=1284000 eps=0.050 ep_reward=-0.04 buffer=100000'
last_line='step=1284000 eps=0.050 ep_reward=-0.04 buffer=100000'
last_line='step=1284000 eps=0.050 ep_reward=-0.04 buffer=100000'
last_line='step=1284000 eps=0.050 ep_reward=-0.04 buffer=100000'
last_line='step=1285000 eps=0.050 ep_reward=-0.02 buffer=100000'
last_line='step=1285000 eps=0.050 ep_reward=-0.02 buffer=100000'
last_line='step=1285000 eps=0.050 ep_reward=-0.02 buffer=100000'
last_line='step=1285000 eps=0.050 ep_reward=-0.02 buffer=100000'
last_line='step=1286000 eps=0.050 ep_reward=-0.18 buffer=100000'
last_line='step=1286000 eps=0.050 ep_reward=-0.18 buffer=100000'
last_line='step=1286000 eps=0.050 ep_reward=-0.18 buffer=100000'
last_line='step=1286000 eps=0.050 ep_reward=-0.18 buffer=100000'
last_line='step=1287000 eps=0.050 ep_reward=-0.24 buffer=100000'
last_line='step=1287000 eps=0.050 ep_reward=-0.24 buffer=100000'
last_line='step=1287000 eps=0.050 ep_reward=-0.24 buffer=100000'
last_line='step=1288000 eps=0.050 ep_reward=-0.06 buffer=100000'
last_line='step=1288000 eps=0.050 ep_reward=-0.06 buffer=100000'
last_line='step=1288000 eps=0.050 ep_reward=-0.06 buffer=100000'
last_line='step=1288000 eps=0.050 ep_reward=-0.06 buffer=100000'
last_line='step=1289000 eps=0.050 ep_reward=-0.23 buffer=100000'
last_line='step=1289000 eps=0.050 ep_reward=-0.23 buffer=100000'
last_line='step=1289000 eps=0.050 ep_reward=-0.23 buffer=100000'
last_line='step=1290000 eps=0.050 ep_reward=-0.02 buffer=100000'
last_line='step=1290000 eps=0.050 ep_reward=-0.02 buffer=100000'
last_line='step=1290000 eps=0.050 ep_reward=-0.02 buffer=100000'
last_line='step=1290000 eps=0.050 ep_reward=-0.02 buffer=100000'
last_line='step=1291000 eps=0.050 ep_reward=-0.37 buffer=100000'
last_line='step=1291000 eps=0.050 ep_reward=-0.37 buffer=100000'
last_line='step=1291000 eps=0.050 ep_reward=-0.37 buffer=100000'
last_line='step=1291000 eps=0.050 ep_reward=-0.37 buffer=100000'
last_line='step=1292000 eps=0.050 ep_reward=-0.56 buffer=100000'
last_line='step=1292000 eps=0.050 ep_reward=-0.56 buffer=100000'
last_line='step=1292000 eps=0.050 ep_reward=-0.56 buffer=100000'
last_line='step=1293000 eps=0.050 ep_reward=-0.33 buffer=100000'
last_line='step=1293000 eps=0.050 ep_reward=-0.33 buffer=100000'
last_line='step=1293000 eps=0.050 ep_reward=-0.33 buffer=100000'
last_line='step=1293000 eps=0.050 ep_reward=-0.33 buffer=100000'
last_line='step=1294000 eps=0.050 ep_reward=-0.69 buffer=100000'
last_line='step=1294000 eps=0.050 ep_reward=-0.69 buffer=100000'
last_line='step=1294000 eps=0.050 ep_reward=-0.69 buffer=100000'
last_line='step=1295000 eps=0.050 ep_reward=-1.17 buffer=100000'
last_line='step=1295000 eps=0.050 ep_reward=-1.17 buffer=100000'
last_line='step=1295000 eps=0.050 ep_reward=-1.17 buffer=100000'
last_line='step=1295000 eps=0.050 ep_reward=-1.17 buffer=100000'
last_line='step=1296000 eps=0.050 ep_reward=-0.32 buffer=100000'
last_line='step=1296000 eps=0.050 ep_reward=-0.32 buffer=100000'
last_line='step=1296000 eps=0.050 ep_reward=-0.32 buffer=100000'
last_line='step=1296000 eps=0.050 ep_reward=-0.32 buffer=100000'
last_line='step=1297000 eps=0.050 ep_reward=-0.18 buffer=100000'
last_line='step=1297000 eps=0.050 ep_reward=-0.18 buffer=100000'
last_line='step=1297000 eps=0.050 ep_reward=-0.18 buffer=100000'
last_line='step=1297000 eps=0.050 ep_reward=-0.18 buffer=100000'
last_line='step=1298000 eps=0.050 ep_reward=-0.10 buffer=100000'
last_line='step=1298000 eps=0.050 ep_reward=-0.10 buffer=100000'
last_line='step=1298000 eps=0.050 ep_reward=-0.10 buffer=100000'
last_line='step=1299000 eps=0.050 ep_reward=-0.47 buffer=100000'
last_line='step=1299000 eps=0.050 ep_reward=-0.47 buffer=100000'
last_line='step=1299000 eps=0.050 ep_reward=-0.47 buffer=100000'
last_line='step=1299000 eps=0.050 ep_reward=-0.47 buffer=100000'
last_line='step=1300000 eps=0.050 ep_reward=-0.08 buffer=100000'
last_line='step=1300000 eps=0.050 ep_reward=-0.08 buffer=100000'
last_line='step=1300000 eps=0.050 ep_reward=-0.08 buffer=100000'
last_line='step=1300000 eps=0.050 ep_reward=-0.08 buffer=100000'
last_line='step=1300000 eps=0.050 ep_reward=-0.08 buffer=100000'
last_line='step=1300000 eps=0.050 ep_reward=-0.08 buffer=100000'
last_line='step=1301000 eps=0.050 ep_reward=-0.21 buffer=100000'
last_line='step=1301000 eps=0.050 ep_reward=-0.21 buffer=100000'
last_line='step=1301000 eps=0.050 ep_reward=-0.21 buffer=100000'
last_line='step=1302000 eps=0.050 ep_reward=-0.61 buffer=100000'
last_line='step=1302000 eps=0.050 ep_reward=-0.61 buffer=100000'
last_line='step=1302000 eps=0.050 ep_reward=-0.61 buffer=100000'
last_line='step=1302000 eps=0.050 ep_reward=-0.61 buffer=100000'
last_line='step=1303000 eps=0.050 ep_reward=-0.29 buffer=100000'
last_line='step=1303000 eps=0.050 ep_reward=-0.29 buffer=100000'
last_line='step=1303000 eps=0.050 ep_reward=-0.29 buffer=100000'
last_line='step=1304000 eps=0.050 ep_reward=-0.73 buffer=100000'
last_line='step=1304000 eps=0.050 ep_reward=-0.73 buffer=100000'
last_line='step=1304000 eps=0.050 ep_reward=-0.73 buffer=100000'
last_line='step=1304000 eps=0.050 ep_reward=-0.73 buffer=100000'
last_line='step=1305000 eps=0.050 ep_reward=-0.59 buffer=100000'
last_line='step=1305000 eps=0.050 ep_reward=-0.59 buffer=100000'
last_line='step=1305000 eps=0.050 ep_reward=-0.59 buffer=100000'
last_line='step=1305000 eps=0.050 ep_reward=-0.59 buffer=100000'
last_line='step=1306000 eps=0.050 ep_reward=-0.04 buffer=100000'
last_line='step=1306000 eps=0.050 ep_reward=-0.04 buffer=100000'
last_line='step=1306000 eps=0.050 ep_reward=-0.04 buffer=100000'
last_line='step=1307000 eps=0.050 ep_reward=-0.06 buffer=100000'
last_line='step=1307000 eps=0.050 ep_reward=-0.06 buffer=100000'
last_line='step=1307000 eps=0.050 ep_reward=-0.06 buffer=100000'
last_line='step=1307000 eps=0.050 ep_reward=-0.06 buffer=100000'
last_line='step=1308000 eps=0.050 ep_reward=-0.22 buffer=100000'
last_line='step=1308000 eps=0.050 ep_reward=-0.22 buffer=100000'
last_line='step=1308000 eps=0.050 ep_reward=-0.22 buffer=100000'
last_line='step=1309000 eps=0.050 ep_reward=-0.46 buffer=100000'
last_line='step=1309000 eps=0.050 ep_reward=-0.46 buffer=100000'
last_line='step=1309000 eps=0.050 ep_reward=-0.46 buffer=100000'
last_line='step=1309000 eps=0.050 ep_reward=-0.46 buffer=100000'
last_line='step=1310000 eps=0.050 ep_reward=-0.03 buffer=100000'
last_line='step=1310000 eps=0.050 ep_reward=-0.03 buffer=100000'
last_line='step=1310000 eps=0.050 ep_reward=-0.03 buffer=100000'
last_line='step=1310000 eps=0.050 ep_reward=-0.03 buffer=100000'
last_line='step=1311000 eps=0.050 ep_reward=-0.05 buffer=100000'
last_line='step=1311000 eps=0.050 ep_reward=-0.05 buffer=100000'
last_line='step=1311000 eps=0.050 ep_reward=-0.05 buffer=100000'
last_line='step=1312000 eps=0.050 ep_reward=-0.41 buffer=100000'
last_line='step=1312000 eps=0.050 ep_reward=-0.41 buffer=100000'
last_line='step=1312000 eps=0.050 ep_reward=-0.41 buffer=100000'
last_line='step=1312000 eps=0.050 ep_reward=-0.41 buffer=100000'
last_line='step=1313000 eps=0.050 ep_reward=-0.41 buffer=100000'
last_line='step=1313000 eps=0.050 ep_reward=-0.41 buffer=100000'
last_line='step=1313000 eps=0.050 ep_reward=-0.41 buffer=100000'
last_line='step=1313000 eps=0.050 ep_reward=-0.41 buffer=100000'
last_line='step=1314000 eps=0.050 ep_reward=-0.05 buffer=100000'
last_line='step=1314000 eps=0.050 ep_reward=-0.05 buffer=100000'
last_line='step=1314000 eps=0.050 ep_reward=-0.05 buffer=100000'
last_line='step=1315000 eps=0.050 ep_reward=-0.01 buffer=100000'
last_line='step=1315000 eps=0.050 ep_reward=-0.01 buffer=100000'
last_line='step=1315000 eps=0.050 ep_reward=-0.01 buffer=100000'
last_line='step=1315000 eps=0.050 ep_reward=-0.01 buffer=100000'
last_line='step=1316000 eps=0.050 ep_reward=-0.36 buffer=100000'
last_line='step=1316000 eps=0.050 ep_reward=-0.36 buffer=100000'
last_line='step=1316000 eps=0.050 ep_reward=-0.36 buffer=100000'
last_line='step=1316000 eps=0.050 ep_reward=-0.36 buffer=100000'
last_line='step=1317000 eps=0.050 ep_reward=-0.02 buffer=100000'
last_line='step=1317000 eps=0.050 ep_reward=-0.02 buffer=100000'
last_line='step=1317000 eps=0.050 ep_reward=-0.02 buffer=100000'
last_line='step=1318000 eps=0.050 ep_reward=-0.05 buffer=100000'
last_line='step=1318000 eps=0.050 ep_reward=-0.05 buffer=100000'
last_line='step=1318000 eps=0.050 ep_reward=-0.05 buffer=100000'
last_line='step=1318000 eps=0.050 ep_reward=-0.05 buffer=100000'
last_line='step=1319000 eps=0.050 ep_reward=-0.17 buffer=100000'
last_line='step=1319000 eps=0.050 ep_reward=-0.17 buffer=100000'
last_line='step=1319000 eps=0.050 ep_reward=-0.17 buffer=100000'
last_line='step=1320000 eps=0.050 ep_reward=-0.03 buffer=100000'
last_line='step=1320000 eps=0.050 ep_reward=-0.03 buffer=100000'
last_line='step=1320000 eps=0.050 ep_reward=-0.03 buffer=100000'
last_line='step=1320000 eps=0.050 ep_reward=-0.03 buffer=100000'
last_line='step=1321000 eps=0.050 ep_reward=-0.49 buffer=100000'
last_line='step=1321000 eps=0.050 ep_reward=-0.49 buffer=100000'
last_line='step=1321000 eps=0.050 ep_reward=-0.49 buffer=100000'
last_line='step=1321000 eps=0.050 ep_reward=-0.49 buffer=100000'
last_line='step=1322000 eps=0.050 ep_reward=-0.35 buffer=100000'
last_line='step=1322000 eps=0.050 ep_reward=-0.35 buffer=100000'
last_line='step=1322000 eps=0.050 ep_reward=-0.35 buffer=100000'
last_line='step=1322000 eps=0.050 ep_reward=-0.35 buffer=100000'
last_line='step=1323000 eps=0.050 ep_reward=-10.04 buffer=100000'
last_line='step=1323000 eps=0.050 ep_reward=-10.04 buffer=100000'
last_line='step=1323000 eps=0.050 ep_reward=-10.04 buffer=100000'
last_line='step=1324000 eps=0.050 ep_reward=-0.01 buffer=100000'
last_line='step=1324000 eps=0.050 ep_reward=-0.01 buffer=100000'
last_line='step=1324000 eps=0.050 ep_reward=-0.01 buffer=100000'
last_line='step=1324000 eps=0.050 ep_reward=-0.01 buffer=100000'
last_line='step=1325000 eps=0.050 ep_reward=-0.32 buffer=100000'
last_line='step=1325000 eps=0.050 ep_reward=-0.32 buffer=100000'
last_line='step=1325000 eps=0.050 ep_reward=-0.32 buffer=100000'
last_line='step=1325000 eps=0.050 ep_reward=-0.32 buffer=100000'
last_line='step=1326000 eps=0.050 ep_reward=-0.03 buffer=100000'
last_line='step=1326000 eps=0.050 ep_reward=-0.03 buffer=100000'
last_line='step=1326000 eps=0.050 ep_reward=-0.03 buffer=100000'
last_line='step=1327000 eps=0.050 ep_reward=-0.75 buffer=100000'
last_line='step=1327000 eps=0.050 ep_reward=-0.75 buffer=100000'
last_line='step=1327000 eps=0.050 ep_reward=-0.75 buffer=100000'
last_line='step=1327000 eps=0.050 ep_reward=-0.75 buffer=100000'
last_line='step=1328000 eps=0.050 ep_reward=-0.14 buffer=100000'
last_line='step=1328000 eps=0.050 ep_reward=-0.14 buffer=100000'
last_line='step=1328000 eps=0.050 ep_reward=-0.14 buffer=100000'
last_line='step=1328000 eps=0.050 ep_reward=-0.14 buffer=100000'
last_line='step=1329000 eps=0.050 ep_reward=-10.08 buffer=100000'
last_line='step=1329000 eps=0.050 ep_reward=-10.08 buffer=100000'
last_line='step=1329000 eps=0.050 ep_reward=-10.08 buffer=100000'
last_line='step=1330000 eps=0.050 ep_reward=-0.01 buffer=100000'
last_line='step=1330000 eps=0.050 ep_reward=-0.01 buffer=100000'
last_line='step=1330000 eps=0.050 ep_reward=-0.01 buffer=100000'
last_line='step=1330000 eps=0.050 ep_reward=-0.01 buffer=100000'
last_line='step=1331000 eps=0.050 ep_reward=-0.05 buffer=100000'
last_line='step=1331000 eps=0.050 ep_reward=-0.05 buffer=100000'
last_line='step=1331000 eps=0.050 ep_reward=-0.05 buffer=100000'
last_line='step=1331000 eps=0.050 ep_reward=-0.05 buffer=100000'
last_line='step=1332000 eps=0.050 ep_reward=-0.10 buffer=100000'
last_line='step=1332000 eps=0.050 ep_reward=-0.10 buffer=100000'
last_line='step=1332000 eps=0.050 ep_reward=-0.10 buffer=100000'
last_line='step=1333000 eps=0.050 ep_reward=0.09 buffer=100000'
last_line='step=1333000 eps=0.050 ep_reward=0.09 buffer=100000'
last_line='step=1333000 eps=0.050 ep_reward=0.09 buffer=100000'
last_line='step=1333000 eps=0.050 ep_reward=0.09 buffer=100000'
last_line='step=1334000 eps=0.050 ep_reward=-0.14 buffer=100000'
last_line='step=1334000 eps=0.050 ep_reward=-0.14 buffer=100000'
last_line='step=1334000 eps=0.050 ep_reward=-0.14 buffer=100000'
last_line='step=1335000 eps=0.050 ep_reward=-0.08 buffer=100000'
last_line='step=1335000 eps=0.050 ep_reward=-0.08 buffer=100000'
last_line='step=1335000 eps=0.050 ep_reward=-0.08 buffer=100000'
last_line='step=1335000 eps=0.050 ep_reward=-0.08 buffer=100000'
last_line='step=1336000 eps=0.050 ep_reward=-0.33 buffer=100000'
last_line='step=1336000 eps=0.050 ep_reward=-0.33 buffer=100000'
last_line='step=1336000 eps=0.050 ep_reward=-0.33 buffer=100000'
last_line='step=1336000 eps=0.050 ep_reward=-0.33 buffer=100000'
last_line='step=1337000 eps=0.050 ep_reward=-0.78 buffer=100000'
last_line='step=1337000 eps=0.050 ep_reward=-0.78 buffer=100000'
last_line='step=1337000 eps=0.050 ep_reward=-0.78 buffer=100000'
last_line='step=1338000 eps=0.050 ep_reward=-0.04 buffer=100000'
last_line='step=1338000 eps=0.050 ep_reward=-0.04 buffer=100000'
last_line='step=1338000 eps=0.050 ep_reward=-0.04 buffer=100000'
last_line='step=1338000 eps=0.050 ep_reward=-0.04 buffer=100000'
last_line='step=1339000 eps=0.050 ep_reward=-0.14 buffer=100000'
last_line='step=1339000 eps=0.050 ep_reward=-0.14 buffer=100000'
last_line='step=1339000 eps=0.050 ep_reward=-0.14 buffer=100000'
last_line='step=1339000 eps=0.050 ep_reward=-0.14 buffer=100000'
last_line='step=1340000 eps=0.050 ep_reward=-0.04 buffer=100000'
last_line='step=1340000 eps=0.050 ep_reward=-0.04 buffer=100000'
last_line='step=1340000 eps=0.050 ep_reward=-0.04 buffer=100000'
last_line='step=1340000 eps=0.050 ep_reward=-0.04 buffer=100000'
last_line='step=1341000 eps=0.050 ep_reward=-0.04 buffer=100000'
last_line='step=1341000 eps=0.050 ep_reward=-0.04 buffer=100000'
last_line='step=1341000 eps=0.050 ep_reward=-0.04 buffer=100000'
last_line='step=1342000 eps=0.050 ep_reward=-0.48 buffer=100000'
last_line='step=1342000 eps=0.050 ep_reward=-0.48 buffer=100000'
last_line='step=1342000 eps=0.050 ep_reward=-0.48 buffer=100000'
last_line='step=1342000 eps=0.050 ep_reward=-0.48 buffer=100000'
last_line='step=1343000 eps=0.050 ep_reward=-0.12 buffer=100000'
last_line='step=1343000 eps=0.050 ep_reward=-0.12 buffer=100000'
last_line='step=1343000 eps=0.050 ep_reward=-0.12 buffer=100000'
last_line='step=1344000 eps=0.050 ep_reward=-0.46 buffer=100000'
last_line='step=1344000 eps=0.050 ep_reward=-0.46 buffer=100000'
last_line='step=1344000 eps=0.050 ep_reward=-0.46 buffer=100000'
last_line='step=1344000 eps=0.050 ep_reward=-0.46 buffer=100000'
last_line='step=1345000 eps=0.050 ep_reward=-0.07 buffer=100000'
last_line='step=1345000 eps=0.050 ep_reward=-0.07 buffer=100000'
last_line='step=1345000 eps=0.050 ep_reward=-0.07 buffer=100000'
last_line='step=1345000 eps=0.050 ep_reward=-0.07 buffer=100000'
last_line='step=1346000 eps=0.050 ep_reward=-0.02 buffer=100000'
last_line='step=1346000 eps=0.050 ep_reward=-0.02 buffer=100000'
last_line='step=1346000 eps=0.050 ep_reward=-0.02 buffer=100000'
last_line='step=1346000 eps=0.050 ep_reward=-0.02 buffer=100000'
last_line='step=1347000 eps=0.050 ep_reward=-0.22 buffer=100000'
last_line='step=1347000 eps=0.050 ep_reward=-0.22 buffer=100000'
last_line='step=1347000 eps=0.050 ep_reward=-0.22 buffer=100000'
last_line='step=1348000 eps=0.050 ep_reward=-0.01 buffer=100000'
last_line='step=1348000 eps=0.050 ep_reward=-0.01 buffer=100000'
last_line='step=1348000 eps=0.050 ep_reward=-0.01 buffer=100000'
last_line='step=1348000 eps=0.050 ep_reward=-0.01 buffer=100000'
last_line='step=1349000 eps=0.050 ep_reward=-0.06 buffer=100000'
last_line='step=1349000 eps=0.050 ep_reward=-0.06 buffer=100000'
last_line='step=1349000 eps=0.050 ep_reward=-0.06 buffer=100000'
last_line='step=1350000 eps=0.050 ep_reward=-0.03 buffer=100000'
last_line='step=1350000 eps=0.050 ep_reward=-0.03 buffer=100000'
last_line='step=1350000 eps=0.050 ep_reward=-0.03 buffer=100000'
last_line='step=1350000 eps=0.050 ep_reward=-0.03 buffer=100000'
last_line='step=1350000 eps=0.050 ep_reward=-0.03 buffer=100000'
last_line='step=1350000 eps=0.050 ep_reward=-0.03 buffer=100000'
last_line='step=1351000 eps=0.050 ep_reward=-0.27 buffer=100000'
last_line='step=1351000 eps=0.050 ep_reward=-0.27 buffer=100000'
last_line='step=1351000 eps=0.050 ep_reward=-0.27 buffer=100000'
last_line='step=1352000 eps=0.050 ep_reward=-0.51 buffer=100000'
last_line='step=1352000 eps=0.050 ep_reward=-0.51 buffer=100000'
last_line='step=1352000 eps=0.050 ep_reward=-0.51 buffer=100000'
last_line='step=1352000 eps=0.050 ep_reward=-0.51 buffer=100000'
last_line='step=1353000 eps=0.050 ep_reward=-0.13 buffer=100000'
last_line='step=1353000 eps=0.050 ep_reward=-0.13 buffer=100000'
last_line='step=1353000 eps=0.050 ep_reward=-0.13 buffer=100000'
last_line='step=1353000 eps=0.050 ep_reward=-0.13 buffer=100000'
last_line='step=1354000 eps=0.050 ep_reward=-0.02 buffer=100000'
last_line='step=1354000 eps=0.050 ep_reward=-0.02 buffer=100000'
last_line='step=1354000 eps=0.050 ep_reward=-0.02 buffer=100000'
last_line='step=1355000 eps=0.050 ep_reward=-0.50 buffer=100000'
last_line='step=1355000 eps=0.050 ep_reward=-0.50 buffer=100000'
last_line='step=1355000 eps=0.050 ep_reward=-0.50 buffer=100000'
last_line='step=1355000 eps=0.050 ep_reward=-0.50 buffer=100000'
last_line='step=1356000 eps=0.050 ep_reward=-0.35 buffer=100000'
last_line='step=1356000 eps=0.050 ep_reward=-0.35 buffer=100000'
last_line='step=1356000 eps=0.050 ep_reward=-0.35 buffer=100000'
last_line='step=1356000 eps=0.050 ep_reward=-0.35 buffer=100000'
last_line='step=1357000 eps=0.050 ep_reward=-0.54 buffer=100000'
last_line='step=1357000 eps=0.050 ep_reward=-0.54 buffer=100000'
last_line='step=1357000 eps=0.050 ep_reward=-0.54 buffer=100000'
last_line='step=1358000 eps=0.050 ep_reward=-0.01 buffer=100000'
last_line='step=1358000 eps=0.050 ep_reward=-0.01 buffer=100000'
last_line='step=1358000 eps=0.050 ep_reward=-0.01 buffer=100000'
last_line='step=1358000 eps=0.050 ep_reward=-0.01 buffer=100000'
last_line='step=1359000 eps=0.050 ep_reward=-0.63 buffer=100000'
last_line='step=1359000 eps=0.050 ep_reward=-0.63 buffer=100000'
last_line='step=1359000 eps=0.050 ep_reward=-0.63 buffer=100000'
last_line='step=1360000 eps=0.050 ep_reward=-0.01 buffer=100000'
last_line='step=1360000 eps=0.050 ep_reward=-0.01 buffer=100000'
last_line='step=1360000 eps=0.050 ep_reward=-0.01 buffer=100000'
last_line='step=1360000 eps=0.050 ep_reward=-0.01 buffer=100000'
last_line='step=1361000 eps=0.050 ep_reward=-0.01 buffer=100000'
last_line='step=1361000 eps=0.050 ep_reward=-0.01 buffer=100000'
last_line='step=1361000 eps=0.050 ep_reward=-0.01 buffer=100000'
last_line='step=1361000 eps=0.050 ep_reward=-0.01 buffer=100000'
last_line='step=1362000 eps=0.050 ep_reward=-0.18 buffer=100000'
last_line='step=1362000 eps=0.050 ep_reward=-0.18 buffer=100000'
last_line='step=1362000 eps=0.050 ep_reward=-0.18 buffer=100000'
last_line='step=1363000 eps=0.050 ep_reward=-0.15 buffer=100000'
last_line='step=1363000 eps=0.050 ep_reward=-0.15 buffer=100000'
last_line='step=1363000 eps=0.050 ep_reward=-0.15 buffer=100000'
last_line='step=1363000 eps=0.050 ep_reward=-0.15 buffer=100000'
last_line='step=1364000 eps=0.050 ep_reward=-0.62 buffer=100000'
last_line='step=1364000 eps=0.050 ep_reward=-0.62 buffer=100000'
last_line='step=1364000 eps=0.050 ep_reward=-0.62 buffer=100000'
last_line='step=1364000 eps=0.050 ep_reward=-0.62 buffer=100000'
last_line='step=1365000 eps=0.050 ep_reward=-0.01 buffer=100000'
last_line='step=1365000 eps=0.050 ep_reward=-0.01 buffer=100000'
last_line='step=1365000 eps=0.050 ep_reward=-0.01 buffer=100000'
last_line='step=1365000 eps=0.050 ep_reward=-0.01 buffer=100000'
last_line='step=1366000 eps=0.050 ep_reward=-0.26 buffer=100000'
last_line='step=1366000 eps=0.050 ep_reward=-0.26 buffer=100000'
last_line='step=1366000 eps=0.050 ep_reward=-0.26 buffer=100000'
last_line='step=1367000 eps=0.050 ep_reward=-0.06 buffer=100000'
last_line='step=1367000 eps=0.050 ep_reward=-0.06 buffer=100000'
last_line='step=1367000 eps=0.050 ep_reward=-0.06 buffer=100000'
last_line='step=1367000 eps=0.050 ep_reward=-0.06 buffer=100000'
last_line='step=1368000 eps=0.050 ep_reward=-0.34 buffer=100000'
last_line='step=1368000 eps=0.050 ep_reward=-0.34 buffer=100000'
last_line='step=1368000 eps=0.050 ep_reward=-0.34 buffer=100000'
last_line='step=1369000 eps=0.050 ep_reward=-0.08 buffer=100000'
last_line='step=1369000 eps=0.050 ep_reward=-0.08 buffer=100000'
last_line='step=1369000 eps=0.050 ep_reward=-0.08 buffer=100000'
last_line='step=1369000 eps=0.050 ep_reward=-0.08 buffer=100000'
last_line='step=1370000 eps=0.050 ep_reward=-0.02 buffer=100000'
last_line='step=1370000 eps=0.050 ep_reward=-0.02 buffer=100000'
last_line='step=1370000 eps=0.050 ep_reward=-0.02 buffer=100000'
last_line='step=1370000 eps=0.050 ep_reward=-0.02 buffer=100000'
last_line='step=1371000 eps=0.050 ep_reward=-0.14 buffer=100000'
last_line='step=1371000 eps=0.050 ep_reward=-0.14 buffer=100000'
last_line='step=1371000 eps=0.050 ep_reward=-0.14 buffer=100000'
last_line='step=1372000 eps=0.050 ep_reward=-0.89 buffer=100000'
last_line='step=1372000 eps=0.050 ep_reward=-0.89 buffer=100000'
last_line='step=1372000 eps=0.050 ep_reward=-0.89 buffer=100000'
last_line='step=1372000 eps=0.050 ep_reward=-0.89 buffer=100000'
last_line='step=1373000 eps=0.050 ep_reward=-0.02 buffer=100000'
last_line='step=1373000 eps=0.050 ep_reward=-0.02 buffer=100000'
last_line='step=1373000 eps=0.050 ep_reward=-0.02 buffer=100000'
last_line='step=1374000 eps=0.050 ep_reward=-0.04 buffer=100000'
last_line='step=1374000 eps=0.050 ep_reward=-0.04 buffer=100000'
last_line='step=1374000 eps=0.050 ep_reward=-0.04 buffer=100000'
last_line='step=1374000 eps=0.050 ep_reward=-0.04 buffer=100000'
last_line='step=1375000 eps=0.050 ep_reward=-0.47 buffer=100000'
last_line='step=1375000 eps=0.050 ep_reward=-0.47 buffer=100000'
last_line='step=1375000 eps=0.050 ep_reward=-0.47 buffer=100000'
last_line='step=1375000 eps=0.050 ep_reward=-0.47 buffer=100000'
last_line='step=1376000 eps=0.050 ep_reward=-10.33 buffer=100000'
last_line='step=1376000 eps=0.050 ep_reward=-10.33 buffer=100000'
last_line='step=1376000 eps=0.050 ep_reward=-10.33 buffer=100000'
last_line='step=1377000 eps=0.050 ep_reward=-0.03 buffer=100000'
last_line='step=1377000 eps=0.050 ep_reward=-0.03 buffer=100000'
last_line='step=1377000 eps=0.050 ep_reward=-0.03 buffer=100000'
last_line='step=1377000 eps=0.050 ep_reward=-0.03 buffer=100000'
last_line='step=1378000 eps=0.050 ep_reward=-0.03 buffer=100000'
last_line='step=1378000 eps=0.050 ep_reward=-0.03 buffer=100000'
last_line='step=1378000 eps=0.050 ep_reward=-0.03 buffer=100000'
last_line='step=1378000 eps=0.050 ep_reward=-0.03 buffer=100000'
last_line='step=1379000 eps=0.050 ep_reward=-0.44 buffer=100000'
last_line='step=1379000 eps=0.050 ep_reward=-0.44 buffer=100000'
last_line='step=1379000 eps=0.050 ep_reward=-0.44 buffer=100000'
last_line='step=1380000 eps=0.050 ep_reward=-10.03 buffer=100000'
last_line='step=1380000 eps=0.050 ep_reward=-10.03 buffer=100000'
last_line='step=1380000 eps=0.050 ep_reward=-10.03 buffer=100000'
last_line='step=1380000 eps=0.050 ep_reward=-10.03 buffer=100000'
last_line='step=1381000 eps=0.050 ep_reward=-0.47 buffer=100000'
last_line='step=1381000 eps=0.050 ep_reward=-0.47 buffer=100000'
last_line='step=1381000 eps=0.050 ep_reward=-0.47 buffer=100000'
last_line='step=1381000 eps=0.050 ep_reward=-0.47 buffer=100000'
last_line='step=1382000 eps=0.050 ep_reward=-0.12 buffer=100000'
last_line='step=1382000 eps=0.050 ep_reward=-0.12 buffer=100000'
last_line='step=1382000 eps=0.050 ep_reward=-0.12 buffer=100000'
last_line='step=1382000 eps=0.050 ep_reward=-0.12 buffer=100000'
last_line='step=1383000 eps=0.050 ep_reward=0.30 buffer=100000'
last_line='step=1383000 eps=0.050 ep_reward=0.30 buffer=100000'
last_line='step=1383000 eps=0.050 ep_reward=0.30 buffer=100000'
last_line='step=1384000 eps=0.050 ep_reward=-0.14 buffer=100000'
last_line='step=1384000 eps=0.050 ep_reward=-0.14 buffer=100000'
last_line='step=1384000 eps=0.050 ep_reward=-0.14 buffer=100000'
last_line='step=1384000 eps=0.050 ep_reward=-0.14 buffer=100000'
last_line='step=1385000 eps=0.050 ep_reward=-1.08 buffer=100000'
last_line='step=1385000 eps=0.050 ep_reward=-1.08 buffer=100000'
last_line='step=1385000 eps=0.050 ep_reward=-1.08 buffer=100000'
last_line='step=1385000 eps=0.050 ep_reward=-1.08 buffer=100000'
last_line='step=1386000 eps=0.050 ep_reward=-0.02 buffer=100000'
last_line='step=1386000 eps=0.050 ep_reward=-0.02 buffer=100000'
last_line='step=1386000 eps=0.050 ep_reward=-0.02 buffer=100000'
last_line='step=1387000 eps=0.050 ep_reward=0.19 buffer=100000'
last_line='step=1387000 eps=0.050 ep_reward=0.19 buffer=100000'
last_line='step=1387000 eps=0.050 ep_reward=0.19 buffer=100000'
last_line='step=1387000 eps=0.050 ep_reward=0.19 buffer=100000'
last_line='step=1388000 eps=0.050 ep_reward=-10.25 buffer=100000'
last_line='step=1388000 eps=0.050 ep_reward=-10.25 buffer=100000'
last_line='step=1388000 eps=0.050 ep_reward=-10.25 buffer=100000'
last_line='step=1388000 eps=0.050 ep_reward=-10.25 buffer=100000'
last_line='step=1389000 eps=0.050 ep_reward=-0.01 buffer=100000'
last_line='step=1389000 eps=0.050 ep_reward=-0.01 buffer=100000'
last_line='step=1389000 eps=0.050 ep_reward=-0.01 buffer=100000'
last_line='step=1390000 eps=0.050 ep_reward=-0.36 buffer=100000'
last_line='step=1390000 eps=0.050 ep_reward=-0.36 buffer=100000'
last_line='step=1390000 eps=0.050 ep_reward=-0.36 buffer=100000'
last_line='step=1390000 eps=0.050 ep_reward=-0.36 buffer=100000'
last_line='step=1391000 eps=0.050 ep_reward=-0.16 buffer=100000'
last_line='step=1391000 eps=0.050 ep_reward=-0.16 buffer=100000'
last_line='step=1391000 eps=0.050 ep_reward=-0.16 buffer=100000'
last_line='step=1391000 eps=0.050 ep_reward=-0.16 buffer=100000'
last_line='step=1392000 eps=0.050 ep_reward=-0.05 buffer=100000'
last_line='step=1392000 eps=0.050 ep_reward=-0.05 buffer=100000'
last_line='step=1392000 eps=0.050 ep_reward=-0.05 buffer=100000'
last_line='step=1393000 eps=0.050 ep_reward=-0.01 buffer=100000'
last_line='step=1393000 eps=0.050 ep_reward=-0.01 buffer=100000'
last_line='step=1393000 eps=0.050 ep_reward=-0.01 buffer=100000'
last_line='step=1393000 eps=0.050 ep_reward=-0.01 buffer=100000'
last_line='step=1394000 eps=0.050 ep_reward=-0.42 buffer=100000'
last_line='step=1394000 eps=0.050 ep_reward=-0.42 buffer=100000'
last_line='step=1394000 eps=0.050 ep_reward=-0.42 buffer=100000'
last_line='step=1395000 eps=0.050 ep_reward=-0.19 buffer=100000'
last_line='step=1395000 eps=0.050 ep_reward=-0.19 buffer=100000'
last_line='step=1395000 eps=0.050 ep_reward=-0.19 buffer=100000'
last_line='step=1395000 eps=0.050 ep_reward=-0.19 buffer=100000'
last_line='step=1396000 eps=0.050 ep_reward=-0.12 buffer=100000'
last_line='step=1396000 eps=0.050 ep_reward=-0.12 buffer=100000'
last_line='step=1396000 eps=0.050 ep_reward=-0.12 buffer=100000'
last_line='step=1396000 eps=0.050 ep_reward=-0.12 buffer=100000'
last_line='step=1397000 eps=0.050 ep_reward=-0.34 buffer=100000'
last_line='step=1397000 eps=0.050 ep_reward=-0.34 buffer=100000'
last_line='step=1397000 eps=0.050 ep_reward=-0.34 buffer=100000'
last_line='step=1398000 eps=0.050 ep_reward=-0.37 buffer=100000'
last_line='step=1398000 eps=0.050 ep_reward=-0.37 buffer=100000'
last_line='step=1398000 eps=0.050 ep_reward=-0.37 buffer=100000'
last_line='step=1398000 eps=0.050 ep_reward=-0.37 buffer=100000'
last_line='step=1399000 eps=0.050 ep_reward=-10.04 buffer=100000'
last_line='step=1399000 eps=0.050 ep_reward=-10.04 buffer=100000'
last_line='step=1399000 eps=0.050 ep_reward=-10.04 buffer=100000'
last_line='step=1400000 eps=0.050 ep_reward=-0.40 buffer=100000'
last_line='step=1400000 eps=0.050 ep_reward=-0.40 buffer=100000'
last_line='step=1400000 eps=0.050 ep_reward=-0.40 buffer=100000'
last_line='step=1400000 eps=0.050 ep_reward=-0.40 buffer=100000'
last_line='step=1400000 eps=0.050 ep_reward=-0.40 buffer=100000'
last_line='step=1400000 eps=0.050 ep_reward=-0.40 buffer=100000'
last_line='step=1401000 eps=0.050 ep_reward=-0.10 buffer=100000'
last_line='step=1401000 eps=0.050 ep_reward=-0.10 buffer=100000'
last_line='step=1401000 eps=0.050 ep_reward=-0.10 buffer=100000'
last_line='step=1401000 eps=0.050 ep_reward=-0.10 buffer=100000'
last_line='step=1402000 eps=0.050 ep_reward=-0.03 buffer=100000'
last_line='step=1402000 eps=0.050 ep_reward=-0.03 buffer=100000'
last_line='step=1402000 eps=0.050 ep_reward=-0.03 buffer=100000'
last_line='step=1403000 eps=0.050 ep_reward=-0.05 buffer=100000'
last_line='step=1403000 eps=0.050 ep_reward=-0.05 buffer=100000'
last_line='step=1403000 eps=0.050 ep_reward=-0.05 buffer=100000'
last_line='step=1403000 eps=0.050 ep_reward=-0.05 buffer=100000'
last_line='step=1404000 eps=0.050 ep_reward=0.11 buffer=100000'
last_line='step=1404000 eps=0.050 ep_reward=0.11 buffer=100000'
last_line='step=1404000 eps=0.050 ep_reward=0.11 buffer=100000'
last_line='step=1405000 eps=0.050 ep_reward=-0.03 buffer=100000'
last_line='step=1405000 eps=0.050 ep_reward=-0.03 buffer=100000'
last_line='step=1405000 eps=0.050 ep_reward=-0.03 buffer=100000'
last_line='step=1405000 eps=0.050 ep_reward=-0.03 buffer=100000'
last_line='step=1406000 eps=0.050 ep_reward=-0.27 buffer=100000'
last_line='step=1406000 eps=0.050 ep_reward=-0.27 buffer=100000'
last_line='step=1406000 eps=0.050 ep_reward=-0.27 buffer=100000'
last_line='step=1406000 eps=0.050 ep_reward=-0.27 buffer=100000'
last_line='step=1407000 eps=0.050 ep_reward=-0.07 buffer=100000'
last_line='step=1407000 eps=0.050 ep_reward=-0.07 buffer=100000'
last_line='step=1407000 eps=0.050 ep_reward=-0.07 buffer=100000'
last_line='step=1407000 eps=0.050 ep_reward=-0.07 buffer=100000'
last_line='step=1408000 eps=0.050 ep_reward=0.06 buffer=100000'
last_line='step=1408000 eps=0.050 ep_reward=0.06 buffer=100000'
last_line='step=1408000 eps=0.050 ep_reward=0.06 buffer=100000'
last_line='step=1409000 eps=0.050 ep_reward=-0.60 buffer=100000'
last_line='step=1409000 eps=0.050 ep_reward=-0.60 buffer=100000'
last_line='step=1409000 eps=0.050 ep_reward=-0.60 buffer=100000'
last_line='step=1409000 eps=0.050 ep_reward=-0.60 buffer=100000'
last_line='step=1410000 eps=0.050 ep_reward=-10.05 buffer=100000'
last_line='step=1410000 eps=0.050 ep_reward=-10.05 buffer=100000'
last_line='step=1410000 eps=0.050 ep_reward=-10.05 buffer=100000'
last_line='step=1410000 eps=0.050 ep_reward=-10.05 buffer=100000'
last_line='step=1411000 eps=0.050 ep_reward=-0.07 buffer=100000'
last_line='step=1411000 eps=0.050 ep_reward=-0.07 buffer=100000'
last_line='step=1411000 eps=0.050 ep_reward=-0.07 buffer=100000'
last_line='step=1412000 eps=0.050 ep_reward=-0.29 buffer=100000'
last_line='step=1412000 eps=0.050 ep_reward=-0.29 buffer=100000'
last_line='step=1412000 eps=0.050 ep_reward=-0.29 buffer=100000'
last_line='step=1412000 eps=0.050 ep_reward=-0.29 buffer=100000'
last_line='step=1413000 eps=0.050 ep_reward=-0.04 buffer=100000'
last_line='step=1413000 eps=0.050 ep_reward=-0.04 buffer=100000'
last_line='step=1413000 eps=0.050 ep_reward=-0.04 buffer=100000'
last_line='step=1414000 eps=0.050 ep_reward=-0.16 buffer=100000'
last_line='step=1414000 eps=0.050 ep_reward=-0.16 buffer=100000'
last_line='step=1414000 eps=0.050 ep_reward=-0.16 buffer=100000'
last_line='step=1414000 eps=0.050 ep_reward=-0.16 buffer=100000'
last_line='step=1415000 eps=0.050 ep_reward=-0.01 buffer=100000'
last_line='step=1415000 eps=0.050 ep_reward=-0.01 buffer=100000'
last_line='step=1415000 eps=0.050 ep_reward=-0.01 buffer=100000'
last_line='step=1415000 eps=0.050 ep_reward=-0.01 buffer=100000'
last_line='step=1416000 eps=0.050 ep_reward=-0.09 buffer=100000'
last_line='step=1416000 eps=0.050 ep_reward=-0.09 buffer=100000'
last_line='step=1416000 eps=0.050 ep_reward=-0.09 buffer=100000'
last_line='step=1416000 eps=0.050 ep_reward=-0.09 buffer=100000'
last_line='step=1417000 eps=0.050 ep_reward=-0.01 buffer=100000'
last_line='step=1417000 eps=0.050 ep_reward=-0.01 buffer=100000'
last_line='step=1417000 eps=0.050 ep_reward=-0.01 buffer=100000'
last_line='step=1418000 eps=0.050 ep_reward=-0.03 buffer=100000'
last_line='step=1418000 eps=0.050 ep_reward=-0.03 buffer=100000'
last_line='step=1418000 eps=0.050 ep_reward=-0.03 buffer=100000'
last_line='step=1418000 eps=0.050 ep_reward=-0.03 buffer=100000'
last_line='step=1419000 eps=0.050 ep_reward=-0.07 buffer=100000'
last_line='step=1419000 eps=0.050 ep_reward=-0.07 buffer=100000'
last_line='step=1419000 eps=0.050 ep_reward=-0.07 buffer=100000'
last_line='step=1420000 eps=0.050 ep_reward=-0.05 buffer=100000'
last_line='step=1420000 eps=0.050 ep_reward=-0.05 buffer=100000'
last_line='step=1420000 eps=0.050 ep_reward=-0.05 buffer=100000'
last_line='step=1420000 eps=0.050 ep_reward=-0.05 buffer=100000'
last_line='step=1420000 eps=0.050 ep_reward=-0.05 buffer=100000'
last_line='step=1421000 eps=0.050 ep_reward=-0.97 buffer=100000'
last_line='step=1421000 eps=0.050 ep_reward=-0.97 buffer=100000'
last_line='step=1421000 eps=0.050 ep_reward=-0.97 buffer=100000'
last_line='step=1422000 eps=0.050 ep_reward=-0.03 buffer=100000'
last_line='step=1422000 eps=0.050 ep_reward=-0.03 buffer=100000'
last_line='step=1422000 eps=0.050 ep_reward=-0.03 buffer=100000'
last_line='step=1422000 eps=0.050 ep_reward=-0.03 buffer=100000'
last_line='step=1423000 eps=0.050 ep_reward=-0.17 buffer=100000'
last_line='step=1423000 eps=0.050 ep_reward=-0.17 buffer=100000'
last_line='step=1423000 eps=0.050 ep_reward=-0.17 buffer=100000'
last_line='step=1424000 eps=0.050 ep_reward=-0.02 buffer=100000'
last_line='step=1424000 eps=0.050 ep_reward=-0.02 buffer=100000'
last_line='step=1424000 eps=0.050 ep_reward=-0.02 buffer=100000'
last_line='step=1424000 eps=0.050 ep_reward=-0.02 buffer=100000'
last_line='step=1425000 eps=0.050 ep_reward=-0.10 buffer=100000'
last_line='step=1425000 eps=0.050 ep_reward=-0.10 buffer=100000'
last_line='step=1425000 eps=0.050 ep_reward=-0.10 buffer=100000'
last_line='step=1425000 eps=0.050 ep_reward=-0.10 buffer=100000'
last_line='step=1426000 eps=0.050 ep_reward=-0.35 buffer=100000'
last_line='step=1426000 eps=0.050 ep_reward=-0.35 buffer=100000'
last_line='step=1426000 eps=0.050 ep_reward=-0.35 buffer=100000'
last_line='step=1426000 eps=0.050 ep_reward=-0.35 buffer=100000'
last_line='step=1427000 eps=0.050 ep_reward=-10.05 buffer=100000'
last_line='step=1427000 eps=0.050 ep_reward=-10.05 buffer=100000'
last_line='step=1427000 eps=0.050 ep_reward=-10.05 buffer=100000'
last_line='step=1428000 eps=0.050 ep_reward=-0.02 buffer=100000'
last_line='step=1428000 eps=0.050 ep_reward=-0.02 buffer=100000'
last_line='step=1428000 eps=0.050 ep_reward=-0.02 buffer=100000'
last_line='step=1428000 eps=0.050 ep_reward=-0.02 buffer=100000'
last_line='step=1429000 eps=0.050 ep_reward=-0.25 buffer=100000'
last_line='step=1429000 eps=0.050 ep_reward=-0.25 buffer=100000'
last_line='step=1429000 eps=0.050 ep_reward=-0.25 buffer=100000'
last_line='step=1429000 eps=0.050 ep_reward=-0.25 buffer=100000'
last_line='step=1430000 eps=0.050 ep_reward=-0.12 buffer=100000'
last_line='step=1430000 eps=0.050 ep_reward=-0.12 buffer=100000'
last_line='step=1430000 eps=0.050 ep_reward=-0.12 buffer=100000'
last_line='step=1430000 eps=0.050 ep_reward=-0.12 buffer=100000'
last_line='step=1431000 eps=0.050 ep_reward=-0.05 buffer=100000'
last_line='step=1431000 eps=0.050 ep_reward=-0.05 buffer=100000'
last_line='step=1431000 eps=0.050 ep_reward=-0.05 buffer=100000'
last_line='step=1432000 eps=0.050 ep_reward=-0.80 buffer=100000'
last_line='step=1432000 eps=0.050 ep_reward=-0.80 buffer=100000'
last_line='step=1432000 eps=0.050 ep_reward=-0.80 buffer=100000'
last_line='step=1432000 eps=0.050 ep_reward=-0.80 buffer=100000'
last_line='step=1433000 eps=0.050 ep_reward=-0.17 buffer=100000'
last_line='step=1433000 eps=0.050 ep_reward=-0.17 buffer=100000'
last_line='step=1433000 eps=0.050 ep_reward=-0.17 buffer=100000'
last_line='step=1434000 eps=0.050 ep_reward=-0.04 buffer=100000'
last_line='step=1434000 eps=0.050 ep_reward=-0.04 buffer=100000'
last_line='step=1434000 eps=0.050 ep_reward=-0.04 buffer=100000'
last_line='step=1434000 eps=0.050 ep_reward=-0.04 buffer=100000'
last_line='step=1435000 eps=0.050 ep_reward=-0.01 buffer=100000'
last_line='step=1435000 eps=0.050 ep_reward=-0.01 buffer=100000'
last_line='step=1435000 eps=0.050 ep_reward=-0.01 buffer=100000'
last_line='step=1435000 eps=0.050 ep_reward=-0.01 buffer=100000'
last_line='step=1436000 eps=0.050 ep_reward=-0.24 buffer=100000'
last_line='step=1436000 eps=0.050 ep_reward=-0.24 buffer=100000'
last_line='step=1436000 eps=0.050 ep_reward=-0.24 buffer=100000'
last_line='step=1437000 eps=0.050 ep_reward=0.11 buffer=100000'
last_line='step=1437000 eps=0.050 ep_reward=0.11 buffer=100000'
last_line='step=1437000 eps=0.050 ep_reward=0.11 buffer=100000'
last_line='step=1437000 eps=0.050 ep_reward=0.11 buffer=100000'
last_line='step=1438000 eps=0.050 ep_reward=-10.03 buffer=100000'
last_line='step=1438000 eps=0.050 ep_reward=-10.03 buffer=100000'
last_line='step=1438000 eps=0.050 ep_reward=-10.03 buffer=100000'
last_line='step=1438000 eps=0.050 ep_reward=-10.03 buffer=100000'
last_line='step=1439000 eps=0.050 ep_reward=-0.01 buffer=100000'
last_line='step=1439000 eps=0.050 ep_reward=-0.01 buffer=100000'
last_line='step=1439000 eps=0.050 ep_reward=-0.01 buffer=100000'
last_line='step=1440000 eps=0.050 ep_reward=0.26 buffer=100000'
last_line='step=1440000 eps=0.050 ep_reward=0.26 buffer=100000'
last_line='step=1440000 eps=0.050 ep_reward=0.26 buffer=100000'
last_line='step=1440000 eps=0.050 ep_reward=0.26 buffer=100000'
last_line='step=1441000 eps=0.050 ep_reward=-0.01 buffer=100000'
last_line='step=1441000 eps=0.050 ep_reward=-0.01 buffer=100000'
last_line='step=1441000 eps=0.050 ep_reward=-0.01 buffer=100000'
last_line='step=1441000 eps=0.050 ep_reward=-0.01 buffer=100000'
last_line='step=1442000 eps=0.050 ep_reward=-0.05 buffer=100000'
last_line='step=1442000 eps=0.050 ep_reward=-0.05 buffer=100000'
last_line='step=1442000 eps=0.050 ep_reward=-0.05 buffer=100000'
last_line='step=1442000 eps=0.050 ep_reward=-0.05 buffer=100000'
last_line='step=1443000 eps=0.050 ep_reward=-0.29 buffer=100000'
last_line='step=1443000 eps=0.050 ep_reward=-0.29 buffer=100000'
last_line='step=1443000 eps=0.050 ep_reward=-0.29 buffer=100000'
last_line='step=1444000 eps=0.050 ep_reward=-0.03 buffer=100000'
last_line='step=1444000 eps=0.050 ep_reward=-0.03 buffer=100000'
last_line='step=1444000 eps=0.050 ep_reward=-0.03 buffer=100000'
last_line='step=1444000 eps=0.050 ep_reward=-0.03 buffer=100000'
last_line='step=1445000 eps=0.050 ep_reward=-0.18 buffer=100000'
last_line='step=1445000 eps=0.050 ep_reward=-0.18 buffer=100000'
last_line='step=1445000 eps=0.050 ep_reward=-0.18 buffer=100000'
last_line='step=1445000 eps=0.050 ep_reward=-0.18 buffer=100000'
last_line='step=1446000 eps=0.050 ep_reward=-0.02 buffer=100000'
last_line='step=1446000 eps=0.050 ep_reward=-0.02 buffer=100000'
last_line='step=1446000 eps=0.050 ep_reward=-0.02 buffer=100000'
last_line='step=1447000 eps=0.050 ep_reward=-0.08 buffer=100000'
last_line='step=1447000 eps=0.050 ep_reward=-0.08 buffer=100000'
last_line='step=1447000 eps=0.050 ep_reward=-0.08 buffer=100000'
last_line='step=1447000 eps=0.050 ep_reward=-0.08 buffer=100000'
last_line='step=1448000 eps=0.050 ep_reward=-0.26 buffer=100000'
last_line='step=1448000 eps=0.050 ep_reward=-0.26 buffer=100000'
last_line='step=1448000 eps=0.050 ep_reward=-0.26 buffer=100000'
last_line='step=1448000 eps=0.050 ep_reward=-0.26 buffer=100000'
last_line='step=1449000 eps=0.050 ep_reward=-0.03 buffer=100000'
last_line='step=1449000 eps=0.050 ep_reward=-0.03 buffer=100000'
last_line='step=1449000 eps=0.050 ep_reward=-0.03 buffer=100000'
last_line='step=1450000 eps=0.050 ep_reward=-10.04 buffer=100000'
last_line='step=1450000 eps=0.050 ep_reward=-10.04 buffer=100000'
last_line='step=1450000 eps=0.050 ep_reward=-10.04 buffer=100000'
last_line='step=1450000 eps=0.050 ep_reward=-10.04 buffer=100000'
last_line='step=1450000 eps=0.050 ep_reward=-10.04 buffer=100000'
last_line='step=1450000 eps=0.050 ep_reward=-10.04 buffer=100000'
last_line='step=1451000 eps=0.050 ep_reward=-0.38 buffer=100000'
last_line='step=1451000 eps=0.050 ep_reward=-0.38 buffer=100000'
last_line='step=1451000 eps=0.050 ep_reward=-0.38 buffer=100000'
last_line='step=1451000 eps=0.050 ep_reward=-0.38 buffer=100000'
last_line='step=1452000 eps=0.050 ep_reward=-0.19 buffer=100000'
last_line='step=1452000 eps=0.050 ep_reward=-0.19 buffer=100000'
last_line='step=1452000 eps=0.050 ep_reward=-0.19 buffer=100000'
last_line='step=1453000 eps=0.050 ep_reward=-0.03 buffer=100000'
last_line='step=1453000 eps=0.050 ep_reward=-0.03 buffer=100000'
last_line='step=1453000 eps=0.050 ep_reward=-0.03 buffer=100000'
last_line='step=1453000 eps=0.050 ep_reward=-0.03 buffer=100000'
last_line='step=1454000 eps=0.050 ep_reward=-0.01 buffer=100000'
last_line='step=1454000 eps=0.050 ep_reward=-0.01 buffer=100000'
last_line='step=1454000 eps=0.050 ep_reward=-0.01 buffer=100000'
last_line='step=1455000 eps=0.050 ep_reward=-0.02 buffer=100000'
last_line='step=1455000 eps=0.050 ep_reward=-0.02 buffer=100000'
last_line='step=1455000 eps=0.050 ep_reward=-0.02 buffer=100000'
last_line='step=1455000 eps=0.050 ep_reward=-0.02 buffer=100000'
last_line='step=1456000 eps=0.050 ep_reward=-0.06 buffer=100000'
last_line='step=1456000 eps=0.050 ep_reward=-0.06 buffer=100000'
last_line='step=1456000 eps=0.050 ep_reward=-0.06 buffer=100000'
last_line='step=1456000 eps=0.050 ep_reward=-0.06 buffer=100000'
last_line='step=1457000 eps=0.050 ep_reward=-0.42 buffer=100000'
last_line='step=1457000 eps=0.050 ep_reward=-0.42 buffer=100000'
last_line='step=1457000 eps=0.050 ep_reward=-0.42 buffer=100000'
last_line='step=1457000 eps=0.050 ep_reward=-0.42 buffer=100000'
last_line='step=1458000 eps=0.050 ep_reward=-10.03 buffer=100000'
last_line='step=1458000 eps=0.050 ep_reward=-10.03 buffer=100000'
last_line='step=1458000 eps=0.050 ep_reward=-10.03 buffer=100000'
last_line='step=1459000 eps=0.050 ep_reward=-0.73 buffer=100000'
last_line='step=1459000 eps=0.050 ep_reward=-0.73 buffer=100000'
last_line='step=1459000 eps=0.050 ep_reward=-0.73 buffer=100000'
last_line='step=1459000 eps=0.050 ep_reward=-0.73 buffer=100000'
last_line='step=1460000 eps=0.050 ep_reward=-10.03 buffer=100000'
last_line='step=1460000 eps=0.050 ep_reward=-10.03 buffer=100000'
last_line='step=1460000 eps=0.050 ep_reward=-10.03 buffer=100000'
last_line='step=1460000 eps=0.050 ep_reward=-10.03 buffer=100000'
last_line='step=1461000 eps=0.050 ep_reward=-0.04 buffer=100000'
last_line='step=1461000 eps=0.050 ep_reward=-0.04 buffer=100000'
last_line='step=1461000 eps=0.050 ep_reward=-0.04 buffer=100000'
last_line='step=1462000 eps=0.050 ep_reward=-10.04 buffer=100000'
last_line='step=1462000 eps=0.050 ep_reward=-10.04 buffer=100000'
last_line='step=1462000 eps=0.050 ep_reward=-10.04 buffer=100000'
last_line='step=1462000 eps=0.050 ep_reward=-10.04 buffer=100000'
last_line='step=1463000 eps=0.050 ep_reward=-0.68 buffer=100000'
last_line='step=1463000 eps=0.050 ep_reward=-0.68 buffer=100000'
last_line='step=1463000 eps=0.050 ep_reward=-0.68 buffer=100000'
last_line='step=1464000 eps=0.050 ep_reward=-0.37 buffer=100000'
last_line='step=1464000 eps=0.050 ep_reward=-0.37 buffer=100000'
last_line='step=1464000 eps=0.050 ep_reward=-0.37 buffer=100000'
last_line='step=1464000 eps=0.050 ep_reward=-0.37 buffer=100000'
last_line='step=1465000 eps=0.050 ep_reward=-0.15 buffer=100000'
last_line='step=1465000 eps=0.050 ep_reward=-0.15 buffer=100000'
last_line='step=1465000 eps=0.050 ep_reward=-0.15 buffer=100000'
last_line='step=1465000 eps=0.050 ep_reward=-0.15 buffer=100000'
last_line='step=1466000 eps=0.050 ep_reward=-0.08 buffer=100000'
last_line='step=1466000 eps=0.050 ep_reward=-0.08 buffer=100000'
last_line='step=1466000 eps=0.050 ep_reward=-0.08 buffer=100000'
last_line='step=1466000 eps=0.050 ep_reward=-0.08 buffer=100000'
last_line='step=1467000 eps=0.050 ep_reward=-0.62 buffer=100000'
last_line='step=1467000 eps=0.050 ep_reward=-0.62 buffer=100000'
last_line='step=1467000 eps=0.050 ep_reward=-0.62 buffer=100000'
last_line='step=1468000 eps=0.050 ep_reward=-0.04 buffer=100000'
last_line='step=1468000 eps=0.050 ep_reward=-0.04 buffer=100000'
last_line='step=1468000 eps=0.050 ep_reward=-0.04 buffer=100000'
last_line='step=1468000 eps=0.050 ep_reward=-0.04 buffer=100000'
last_line='step=1469000 eps=0.050 ep_reward=-0.04 buffer=100000'
last_line='step=1469000 eps=0.050 ep_reward=-0.04 buffer=100000'
last_line='step=1469000 eps=0.050 ep_reward=-0.04 buffer=100000'
last_line='step=1470000 eps=0.050 ep_reward=-0.27 buffer=100000'
last_line='step=1470000 eps=0.050 ep_reward=-0.27 buffer=100000'
last_line='step=1470000 eps=0.050 ep_reward=-0.27 buffer=100000'
last_line='step=1470000 eps=0.050 ep_reward=-0.27 buffer=100000'
last_line='step=1471000 eps=0.050 ep_reward=-0.05 buffer=100000'
last_line='step=1471000 eps=0.050 ep_reward=-0.05 buffer=100000'
last_line='step=1471000 eps=0.050 ep_reward=-0.05 buffer=100000'
last_line='step=1471000 eps=0.050 ep_reward=-0.05 buffer=100000'
last_line='step=1472000 eps=0.050 ep_reward=-0.02 buffer=100000'
last_line='step=1472000 eps=0.050 ep_reward=-0.02 buffer=100000'
last_line='step=1472000 eps=0.050 ep_reward=-0.02 buffer=100000'
last_line='step=1473000 eps=0.050 ep_reward=-0.18 buffer=100000'
last_line='step=1473000 eps=0.050 ep_reward=-0.18 buffer=100000'
last_line='step=1473000 eps=0.050 ep_reward=-0.18 buffer=100000'
last_line='step=1473000 eps=0.050 ep_reward=-0.18 buffer=100000'
last_line='step=1474000 eps=0.050 ep_reward=-0.59 buffer=100000'
last_line='step=1474000 eps=0.050 ep_reward=-0.59 buffer=100000'
last_line='step=1474000 eps=0.050 ep_reward=-0.59 buffer=100000'
last_line='step=1475000 eps=0.050 ep_reward=-0.06 buffer=100000'
last_line='step=1475000 eps=0.050 ep_reward=-0.06 buffer=100000'
last_line='step=1475000 eps=0.050 ep_reward=-0.06 buffer=100000'
last_line='step=1475000 eps=0.050 ep_reward=-0.06 buffer=100000'
last_line='step=1476000 eps=0.050 ep_reward=-0.41 buffer=100000'
last_line='step=1476000 eps=0.050 ep_reward=-0.41 buffer=100000'
last_line='step=1476000 eps=0.050 ep_reward=-0.41 buffer=100000'
last_line='step=1476000 eps=0.050 ep_reward=-0.41 buffer=100000'
last_line='step=1477000 eps=0.050 ep_reward=-0.04 buffer=100000'
last_line='step=1477000 eps=0.050 ep_reward=-0.04 buffer=100000'
last_line='step=1477000 eps=0.050 ep_reward=-0.04 buffer=100000'
last_line='step=1478000 eps=0.050 ep_reward=-0.11 buffer=100000'
last_line='step=1478000 eps=0.050 ep_reward=-0.11 buffer=100000'
last_line='step=1478000 eps=0.050 ep_reward=-0.11 buffer=100000'
last_line='step=1478000 eps=0.050 ep_reward=-0.11 buffer=100000'
last_line='step=1479000 eps=0.050 ep_reward=-0.40 buffer=100000'
last_line='step=1479000 eps=0.050 ep_reward=-0.40 buffer=100000'
last_line='step=1479000 eps=0.050 ep_reward=-0.40 buffer=100000'
last_line='step=1480000 eps=0.050 ep_reward=-0.30 buffer=100000'
last_line='step=1480000 eps=0.050 ep_reward=-0.30 buffer=100000'
last_line='step=1480000 eps=0.050 ep_reward=-0.30 buffer=100000'
last_line='step=1480000 eps=0.050 ep_reward=-0.30 buffer=100000'
last_line='step=1481000 eps=0.050 ep_reward=-0.39 buffer=100000'
last_line='step=1481000 eps=0.050 ep_reward=-0.39 buffer=100000'
last_line='step=1481000 eps=0.050 ep_reward=-0.39 buffer=100000'
last_line='step=1481000 eps=0.050 ep_reward=-0.39 buffer=100000'
last_line='step=1482000 eps=0.050 ep_reward=-0.02 buffer=100000'
last_line='step=1482000 eps=0.050 ep_reward=-0.02 buffer=100000'
last_line='step=1482000 eps=0.050 ep_reward=-0.02 buffer=100000'
last_line='step=1483000 eps=0.050 ep_reward=-0.28 buffer=100000'
last_line='step=1483000 eps=0.050 ep_reward=-0.28 buffer=100000'
last_line='step=1483000 eps=0.050 ep_reward=-0.28 buffer=100000'
last_line='step=1483000 eps=0.050 ep_reward=-0.28 buffer=100000'
last_line='step=1484000 eps=0.050 ep_reward=-0.54 buffer=100000'
last_line='step=1484000 eps=0.050 ep_reward=-0.54 buffer=100000'
last_line='step=1484000 eps=0.050 ep_reward=-0.54 buffer=100000'
last_line='step=1485000 eps=0.050 ep_reward=-0.75 buffer=100000'
last_line='step=1485000 eps=0.050 ep_reward=-0.75 buffer=100000'
last_line='step=1485000 eps=0.050 ep_reward=-0.75 buffer=100000'
last_line='step=1485000 eps=0.050 ep_reward=-0.75 buffer=100000'
last_line='step=1486000 eps=0.050 ep_reward=-0.02 buffer=100000'
last_line='step=1486000 eps=0.050 ep_reward=-0.02 buffer=100000'
last_line='step=1486000 eps=0.050 ep_reward=-0.02 buffer=100000'
last_line='step=1486000 eps=0.050 ep_reward=-0.02 buffer=100000'
last_line='step=1487000 eps=0.050 ep_reward=-0.12 buffer=100000'
last_line='step=1487000 eps=0.050 ep_reward=-0.12 buffer=100000'
last_line='step=1487000 eps=0.050 ep_reward=-0.12 buffer=100000'
last_line='step=1487000 eps=0.050 ep_reward=-0.12 buffer=100000'
last_line='step=1488000 eps=0.050 ep_reward=-0.02 buffer=100000'
last_line='step=1488000 eps=0.050 ep_reward=-0.02 buffer=100000'
last_line='step=1488000 eps=0.050 ep_reward=-0.02 buffer=100000'
last_line='step=1489000 eps=0.050 ep_reward=-10.06 buffer=100000'
last_line='step=1489000 eps=0.050 ep_reward=-10.06 buffer=100000'
last_line='step=1489000 eps=0.050 ep_reward=-10.06 buffer=100000'
last_line='step=1489000 eps=0.050 ep_reward=-10.06 buffer=100000'
last_line='step=1490000 eps=0.050 ep_reward=-0.22 buffer=100000'
last_line='step=1490000 eps=0.050 ep_reward=-0.22 buffer=100000'
last_line='step=1490000 eps=0.050 ep_reward=-0.22 buffer=100000'
last_line='step=1490000 eps=0.050 ep_reward=-0.22 buffer=100000'
last_line='step=1491000 eps=0.050 ep_reward=-0.51 buffer=100000'
last_line='step=1491000 eps=0.050 ep_reward=-0.51 buffer=100000'
last_line='step=1491000 eps=0.050 ep_reward=-0.51 buffer=100000'
last_line='step=1492000 eps=0.050 ep_reward=-0.24 buffer=100000'
last_line='step=1492000 eps=0.050 ep_reward=-0.24 buffer=100000'
last_line='step=1492000 eps=0.050 ep_reward=-0.24 buffer=100000'
last_line='step=1492000 eps=0.050 ep_reward=-0.24 buffer=100000'
last_line='step=1493000 eps=0.050 ep_reward=0.12 buffer=100000'
last_line='step=1493000 eps=0.050 ep_reward=0.12 buffer=100000'
last_line='step=1493000 eps=0.050 ep_reward=0.12 buffer=100000'
last_line='step=1494000 eps=0.050 ep_reward=-0.07 buffer=100000'
last_line='step=1494000 eps=0.050 ep_reward=-0.07 buffer=100000'
last_line='step=1494000 eps=0.050 ep_reward=-0.07 buffer=100000'
last_line='step=1494000 eps=0.050 ep_reward=-0.07 buffer=100000'
last_line='step=1495000 eps=0.050 ep_reward=-0.02 buffer=100000'
last_line='step=1495000 eps=0.050 ep_reward=-0.02 buffer=100000'
last_line='step=1495000 eps=0.050 ep_reward=-0.02 buffer=100000'
last_line='step=1495000 eps=0.050 ep_reward=-0.02 buffer=100000'
last_line='step=1496000 eps=0.050 ep_reward=-0.55 buffer=100000'
last_line='step=1496000 eps=0.050 ep_reward=-0.55 buffer=100000'
last_line='step=1496000 eps=0.050 ep_reward=-0.55 buffer=100000'
last_line='step=1497000 eps=0.050 ep_reward=0.01 buffer=100000'
last_line='step=1497000 eps=0.050 ep_reward=0.01 buffer=100000'
last_line='step=1497000 eps=0.050 ep_reward=0.01 buffer=100000'
last_line='step=1497000 eps=0.050 ep_reward=0.01 buffer=100000'
last_line='step=1498000 eps=0.050 ep_reward=-0.32 buffer=100000'
last_line='step=1498000 eps=0.050 ep_reward=-0.32 buffer=100000'
last_line='step=1498000 eps=0.050 ep_reward=-0.32 buffer=100000'
last_line='step=1499000 eps=0.050 ep_reward=-0.10 buffer=100000'
last_line='step=1499000 eps=0.050 ep_reward=-0.10 buffer=100000'
last_line='step=1499000 eps=0.050 ep_reward=-0.10 buffer=100000'
last_line='step=1499000 eps=0.050 ep_reward=-0.10 buffer=100000'
last_line='step=1500000 eps=0.050 ep_reward=-0.02 buffer=100000'
last_line='step=1500000 eps=0.050 ep_reward=-0.02 buffer=100000'
last_line='step=1500000 eps=0.050 ep_reward=-0.02 buffer=100000'
last_line='step=1500000 eps=0.050 ep_reward=-0.02 buffer=100000'
[2026-08-05 14:21:19 UTC] ✓ Model 'qmix' completed.
[2026-08-05 14:21:19 UTC] -> Launching background evaluation for qmix (stage 1) ...
[2026-08-05 14:21:19 UTC] Waiting for background evaluations to complete...
[2026-08-05 14:21:30 UTC] Merging evaluation results...

================================================================================
STAGE 1 SUMMARY (steps=1500000)
================================================================================
Algo           Seed    Win  Term  Loot  Extr  Return
----------------------------------------------------
ippo             s0  0.000 0.750 0.533 0.417  -8.156
mappo            s0  0.000 0.700 0.483 0.400  -8.210
mappo_car        s0  0.000 0.700 0.500 0.367  -8.018
comm             s0  0.000 0.000 0.000 0.000  -8.536
comm_cir         s0  0.000 0.017 0.000 0.000  -8.004
comm_cir_car     s0  0.000 0.017 0.000 0.000  -8.322
qmix             s0  0.000 0.000 0.000 0.000  -8.277

  Merged all evaluations into results/run019/summary.json (subdir: run019)
[2026-08-05 14:21:31 UTC] All selected stages finished successfully!
Check final status with: uv run python tools/status.py
